t,strength,rms_db,centroid_hz,low_db,mid_db,high_db,dist_word_s,dist_cut_s,sfx_candidate
0.450,7.34,-11.9,2003,33.0,28.3,-0.5,0.086,6.717,1
0.600,5.83,-16.2,6146,31.8,20.2,16.0,0.236,6.567,1
0.790,6.18,-15.7,5076,37.1,18.7,13.4,0.054,6.377,0
1.000,4.31,-16.9,2857,20.3,23.6,1.4,0.156,6.167,0
1.090,5.03,-16.3,1795,31.0,23.7,-6.0,0.074,6.077,0
1.220,3.51,-15.7,1190,29.2,24.6,-9.1,0.056,5.947,0
1.580,8.63,-10.6,949,40.7,27.6,-8.7,0.096,5.587,1
1.740,4.28,-20.5,5442,26.3,17.8,9.7,0.144,5.427,1
1.910,4.55,-14.7,3643,35.4,24.1,8.8,0.026,5.257,0
2.250,6.43,-24.0,6714,25.0,10.1,9.2,0.074,4.917,1
2.450,3.57,-10.1,1373,38.1,29.7,-9.7,0.114,4.717,0
2.570,5.46,-16.5,1536,25.6,23.9,-7.3,0.006,4.597,0
2.640,9.66,-15.8,5333,18.5,23.9,12.8,0.076,4.527,0
2.850,4.34,-15.7,1261,31.4,24.3,-12.1,0.006,4.317,0
2.930,4.69,-17.8,5423,34.9,16.3,11.9,0.086,4.237,1
3.200,4.07,-24.7,2313,24.4,14.8,-7.2,0.004,3.967,0
3.270,9.73,-15.2,5593,22.1,24.1,14.5,0.066,3.897,0
3.390,3.76,-21.3,2582,29.3,17.6,-9.8,0.094,3.777,0
3.510,4.08,-19.0,3508,33.5,18.3,1.4,0.026,3.657,0
3.640,6.23,-10.7,1501,35.8,29.4,-6.0,0.156,3.527,0
3.870,4.70,-22.7,3211,25.2,17.0,-2.7,0.026,3.297,0
3.910,6.77,-19.2,4911,16.6,20.9,7.5,0.066,3.257,0
4.070,3.23,-15.3,1457,32.5,24.5,-8.8,0.226,3.097,1
4.250,5.16,-23.3,6553,20.7,11.3,10.8,0.234,2.917,1
4.500,7.29,-17.4,7439,25.9,15.2,17.3,0.016,2.667,0
4.690,6.41,-20.1,7746,21.5,11.2,14.9,0.206,2.477,1
4.800,4.81,-27.8,4328,18.5,11.5,-0.4,0.124,2.367,0
4.970,3.95,-23.1,4827,20.9,14.2,9.3,0.046,2.197,0
5.260,5.73,-20.0,1849,26.7,20.0,-6.7,0.016,1.907,0
5.350,4.44,-21.5,3438,27.1,18.0,1.1,0.106,1.817,0
5.650,4.60,-16.6,2728,31.3,23.2,0.7,0.126,1.517,0
5.770,3.93,-20.7,6217,22.6,12.9,13.7,0.114,1.397,1
5.970,6.06,-21.7,7051,25.7,13.0,11.8,0.006,1.197,0
6.170,6.06,-11.1,2043,34.8,29.0,1.4,0.154,0.997,0
6.530,3.94,-21.9,6820,21.5,7.7,13.0,0.006,0.637,0
6.690,6.57,-17.1,2555,29.7,22.8,1.2,0.046,0.477,0
7.230,4.19,-21.2,6322,19.4,18.1,8.3,0.066,0.063,0
7.570,4.53,-21.3,4833,32.3,14.3,-0.0,0.006,0.297,0
7.880,4.40,-26.9,7333,21.0,10.1,4.7,0.156,0.013,1
8.020,4.96,-15.9,5247,35.9,19.1,14.6,0.064,0.153,1
8.270,5.12,-13.5,1382,33.1,26.6,-2.3,0.186,0.403,1
8.520,5.27,-23.6,3164,25.0,15.8,-2.0,0.324,0.247,0
8.900,4.19,-18.7,1322,32.2,19.5,-13.5,0.056,0.133,0
9.020,3.77,-9.7,1368,33.2,30.7,-3.4,0.176,0.253,0
9.220,5.31,-18.0,3470,11.6,22.4,4.9,0.016,0.453,0
9.570,5.79,-22.2,6876,24.8,12.5,11.3,0.154,0.730,1
9.710,4.86,-17.2,3971,21.9,23.0,6.9,0.014,0.590,0
9.970,4.42,-19.7,4405,18.1,20.7,3.7,0.246,0.330,0
10.280,6.19,-21.7,5132,23.7,16.4,9.3,0.036,0.020,0
10.330,4.56,-20.5,6766,20.5,15.8,12.9,0.074,0.030,1
10.460,4.46,-20.9,1844,27.3,18.8,-7.2,0.056,0.160,0
10.700,3.92,-20.4,5714,25.5,18.1,9.5,0.016,0.400,0
10.850,4.43,-12.2,1123,34.6,27.8,-10.7,0.006,0.550,0
11.200,8.68,-20.1,4368,25.7,19.5,6.3,0.204,0.900,0
11.420,4.04,-11.2,1159,33.0,29.1,-6.7,0.016,1.120,0
11.550,7.73,-9.5,1081,36.7,30.6,-6.1,0.026,1.250,0
12.110,6.72,-13.0,1124,35.8,26.6,-11.1,0.014,0.990,0
12.690,8.06,-13.1,1676,35.3,26.6,1.3,0.034,0.410,0
13.340,5.24,-16.7,6057,31.7,18.5,13.8,0.096,0.240,1
13.450,6.01,-7.6,867,46.6,26.0,-6.2,0.006,0.350,0
13.590,4.37,-11.2,1476,24.6,29.4,-5.8,0.054,0.490,0
13.720,5.74,-9.8,1519,25.3,30.8,-3.6,0.076,0.620,0
14.000,5.17,-16.0,6231,31.7,20.8,16.0,0.044,0.900,0
14.240,4.88,-18.3,2583,23.4,22.1,-0.5,0.004,0.827,0
14.650,3.86,-12.9,2226,38.3,25.7,-0.7,0.046,0.417,0
14.700,5.03,-17.6,6896,32.5,16.7,14.9,0.096,0.367,1
14.770,5.33,-23.4,3584,29.1,13.7,-0.7,0.166,0.297,0
15.220,4.06,-26.6,953,22.4,13.0,-27.5,0.144,0.153,0
15.450,4.53,-16.2,6258,34.2,18.2,16.0,0.074,0.383,1
15.820,8.65,-20.2,2590,28.8,19.1,1.0,0.056,0.647,0
16.000,6.03,-10.9,1526,23.5,29.7,-3.3,0.124,0.467,0
16.120,5.95,-11.7,1436,41.0,25.5,-2.6,0.004,0.347,0
16.170,4.45,-18.8,6120,31.3,14.0,13.7,0.046,0.297,0
16.310,4.60,-22.4,5092,22.3,15.8,8.7,0.186,0.157,0
16.490,7.16,-22.0,5144,17.4,17.6,6.8,0.194,0.023,0
17.180,4.05,-11.7,2083,26.3,28.9,0.5,0.016,0.587,0
17.480,6.51,-21.5,5726,18.2,14.9,12.0,0.244,0.287,1
17.650,10.09,-16.0,6910,33.1,20.3,15.7,0.074,0.117,1
18.060,5.30,-15.9,5129,36.9,19.6,11.4,0.176,0.293,1
18.280,6.50,-12.0,1555,29.9,28.4,-4.2,0.004,0.513,0
18.570,6.65,-18.5,1964,24.8,21.9,-5.6,0.034,0.803,0
18.730,6.21,-10.5,1142,33.2,29.8,-3.2,0.006,0.963,0
18.840,5.10,-23.2,4705,22.8,15.8,5.8,0.116,1.073,0
18.970,3.30,-10.4,1007,28.3,30.2,-6.6,0.034,1.097,0
19.310,3.96,-9.3,1180,25.9,31.4,-5.8,0.014,0.757,0
19.420,6.86,-20.4,2514,28.4,19.2,-2.8,0.064,0.647,0
19.640,7.76,-16.1,2805,30.1,24.0,2.1,0.156,0.427,1
20.260,4.50,-19.6,2869,28.2,20.1,0.5,0.032,0.193,0
20.340,4.76,-17.1,5931,33.0,19.4,13.8,0.048,0.273,0
21.220,4.89,-10.8,1341,32.4,29.6,-5.7,0.088,0.413,0
21.340,5.09,-20.5,5904,20.8,15.2,13.3,0.208,0.293,1
22.060,6.19,-11.4,983,38.3,27.8,-4.9,0.008,0.427,0
22.410,5.93,-10.5,882,42.0,26.7,-12.1,0.038,0.777,0
22.600,6.27,-16.7,3982,33.9,21.6,8.6,0.228,0.967,0
23.000,4.25,-22.5,7187,23.1,10.1,11.9,0.068,1.367,1
23.330,5.54,-27.4,3197,23.3,11.2,-7.1,0.082,1.697,0
23.400,6.46,-19.4,2806,26.6,20.6,1.3,0.012,1.667,0
23.510,5.22,-24.1,3913,24.4,15.1,1.3,0.098,1.557,0
23.630,4.28,-12.9,1872,26.9,27.7,-3.9,0.102,1.437,0
24.000,3.74,-10.2,1785,36.6,29.8,-0.5,0.268,1.067,0
24.190,4.42,-21.4,2845,29.3,17.4,-4.9,0.102,0.877,0
24.520,4.72,-24.4,4342,20.4,15.3,1.7,0.172,0.547,0
24.660,6.79,-18.6,6672,31.3,14.5,14.5,0.032,0.407,0
24.930,4.78,-25.3,1721,26.7,12.5,-14.5,0.202,0.137,0
25.210,4.78,-21.0,7024,29.3,12.3,11.7,0.078,0.143,1
25.320,5.08,-16.5,4549,24.6,23.4,10.4,0.188,0.253,0
25.450,7.74,-20.9,3624,27.3,18.6,0.5,0.162,0.383,0
25.560,5.80,-20.3,2668,33.7,14.6,-3.6,0.052,0.493,0
25.630,4.47,-16.4,1892,35.0,22.0,-4.3,0.018,0.537,0
25.950,6.08,-9.8,914,37.5,30.1,-10.0,0.338,0.217,1
26.550,5.94,-9.9,1180,39.4,29.6,-5.2,0.018,0.383,0
26.810,4.58,-12.0,1933,27.2,28.6,-2.9,0.162,0.523,0
26.990,4.44,-11.1,2165,25.7,29.5,-0.0,0.018,0.343,0
27.390,4.02,-17.5,7588,25.6,12.0,17.4,0.018,0.057,0
27.640,4.07,-11.8,1512,23.4,28.8,-5.4,0.268,0.127,0
27.950,4.37,-12.8,980,38.1,25.7,-9.4,0.022,0.017,0
28.060,5.57,-11.9,1660,36.1,27.7,-6.6,0.088,0.093,0
28.210,3.48,-29.0,2265,18.5,10.7,-13.2,0.238,0.043,0
28.450,7.87,-12.2,1725,30.2,28.2,-1.1,0.122,0.283,1
28.600,4.71,-22.5,4736,20.1,16.2,8.3,0.028,0.233,0
28.850,7.66,-18.2,2574,25.4,22.1,0.5,0.278,0.017,1
29.240,3.77,-14.8,1836,25.9,25.8,-5.2,0.052,0.107,0
29.510,5.39,-14.1,1800,36.3,24.9,-2.1,0.098,0.357,0
29.810,4.86,-6.5,2226,48.8,16.0,5.7,0.118,0.057,0
30.010,5.17,-20.9,3810,32.1,15.0,4.4,0.082,0.143,0
30.120,6.12,-15.9,1645,35.9,22.4,-6.5,0.028,0.253,0
30.190,4.43,-17.7,5015,35.0,17.0,11.2,0.098,0.323,1
30.610,4.35,-10.5,1329,29.2,30.1,-4.5,0.002,0.743,0
30.880,6.39,-18.6,6834,29.8,12.9,15.3,0.012,1.013,0
31.470,5.24,-10.6,1370,41.4,26.7,-5.1,0.302,1.603,1
31.740,5.22,-19.0,3035,33.2,18.8,-1.1,0.032,1.873,0
31.930,4.69,-18.1,3018,36.0,16.4,1.9,0.158,2.063,0
32.540,9.50,-14.4,3039,36.7,24.0,4.2,0.008,2.493,0
32.810,3.94,-12.4,2242,30.7,28.0,-2.0,0.082,2.223,1
33.070,7.77,-16.8,1936,29.7,23.3,-4.0,0.178,1.963,0
33.230,6.54,-18.9,7099,21.1,9.4,16.4,0.338,1.803,1
33.320,7.26,-20.0,2750,29.6,19.1,-0.4,0.252,1.713,1
33.490,3.91,-19.0,5990,32.3,9.9,13.5,0.082,1.543,1
33.610,8.45,-16.7,2926,29.8,23.0,5.6,0.038,1.423,0
33.910,3.13,-19.9,1476,31.0,19.0,-14.7,0.302,1.123,0
34.160,9.07,-4.8,881,50.3,22.6,-4.2,0.052,0.873,0
35.030,4.33,-10.0,1875,19.8,30.7,-0.1,0.182,0.003,0
35.190,4.35,-9.0,1105,26.5,31.7,-9.0,0.022,0.157,0
35.310,8.85,-18.2,2174,28.8,21.8,-2.7,0.098,0.277,0
35.660,4.69,-18.1,5186,23.6,19.1,14.7,0.448,0.627,1
35.750,5.46,-17.2,6915,27.0,12.0,17.9,0.422,0.717,1
35.850,4.04,-19.9,2523,27.4,19.9,-4.2,0.322,0.817,0
36.150,5.10,-12.8,1652,26.1,27.8,-6.6,0.022,0.617,0
36.340,5.81,-22.5,4526,20.1,15.4,9.4,0.168,0.427,1
36.720,3.40,-19.9,1495,32.4,18.0,-14.0,0.332,0.047,0
37.100,10.31,-10.4,2366,32.9,30.0,3.3,0.032,0.333,0
37.220,4.23,-19.9,5014,26.4,17.7,11.7,0.072,0.453,1
37.430,9.11,-16.4,6866,36.5,16.4,14.0,0.022,0.663,0
37.610,6.31,-9.4,1550,33.8,31.0,-2.4,0.158,0.843,1
37.700,4.63,-15.8,3603,21.0,24.6,4.8,0.072,0.933,0
37.920,5.93,-16.0,3393,31.1,23.7,7.0,0.012,1.153,0
38.010,8.17,-15.5,1645,31.5,24.4,-4.4,0.078,1.243,0
38.240,4.55,-17.7,6669,32.3,15.5,14.4,0.132,1.027,1
38.410,7.19,-23.6,6613,22.6,12.0,7.5,0.038,0.857,0
38.700,7.74,-22.9,4336,21.4,16.2,6.3,0.192,0.567,0
39.420,4.53,-22.4,2008,24.2,17.5,-5.1,0.088,0.153,1
39.680,3.93,-19.6,5555,18.8,14.5,14.9,0.108,0.413,1
39.800,4.18,-20.0,2677,27.9,19.7,0.5,0.052,0.533,0
39.980,5.78,-19.5,4221,27.2,20.1,5.8,0.128,0.713,1
40.370,6.76,-19.2,5474,29.4,18.6,10.9,0.078,1.103,1
40.530,4.32,-20.1,5447,26.7,19.3,6.5,0.002,1.263,0
40.770,4.53,-10.2,1174,29.5,30.4,-4.2,0.238,1.263,0
40.920,4.94,-19.1,2282,26.1,21.1,-4.0,0.252,1.113,0
41.110,5.24,-19.3,4694,34.3,14.6,7.6,0.062,0.923,0
41.300,4.27,-18.9,6616,30.6,17.0,12.9,0.112,0.733,1
41.550,3.65,-9.0,1038,32.8,31.5,-8.1,0.138,0.483,0
41.730,6.13,-23.9,4528,25.5,14.5,4.0,0.318,0.303,0
42.170,5.06,-12.6,1806,24.2,28.1,-6.1,0.078,0.137,0
42.270,7.00,-15.5,6891,23.2,17.5,19.3,0.018,0.237,0
42.940,6.05,-11.8,1891,22.4,28.8,-2.9,0.032,0.907,0
43.120,5.16,-18.0,2281,28.7,21.8,-2.7,0.132,1.087,0
43.310,7.94,-15.7,2828,25.5,24.7,2.7,0.058,1.277,0
43.480,4.05,-22.1,5053,24.6,16.5,7.3,0.092,1.447,0
43.550,4.09,-21.6,3117,26.4,18.0,-0.8,0.022,1.450,0
43.720,6.31,-21.3,6126,27.3,15.8,9.0,0.028,1.280,0
43.810,7.42,-22.2,4194,23.1,16.9,6.9,0.118,1.190,0
44.070,4.68,-13.4,2482,31.3,26.9,1.5,0.182,0.930,1
44.300,3.82,-18.6,4391,31.7,19.4,9.1,0.048,0.700,0
44.500,5.83,-13.1,1508,35.5,26.5,-2.0,0.072,0.500,1
44.610,6.71,-22.9,2387,20.1,17.5,-5.2,0.038,0.390,0
44.810,3.85,-17.2,4433,26.3,22.6,8.3,0.238,0.190,1
45.860,4.50,-19.3,2367,27.0,20.8,-3.2,0.088,0.860,0
46.100,4.62,-9.7,2015,18.9,31.0,-1.2,0.328,0.967,0
46.210,4.33,-15.4,4385,26.1,23.9,14.1,0.322,0.857,0
46.370,5.22,-21.8,4260,20.1,17.2,8.4,0.162,0.697,0
46.760,5.58,-18.7,6609,24.0,15.8,15.4,0.092,0.307,1
46.920,5.79,-13.3,1857,38.0,25.2,-5.7,0.068,0.147,1
47.220,6.65,-16.4,2723,26.7,23.8,2.1,0.008,0.153,0
47.550,5.00,-15.0,4021,34.3,22.8,11.9,0.098,0.483,0
47.810,5.61,-17.3,1947,32.7,21.7,-3.9,0.038,0.743,0
47.940,4.53,-21.4,2245,31.4,15.7,-9.3,0.072,0.873,0
48.010,4.71,-11.2,1547,37.3,28.4,-2.8,0.002,0.857,0
48.130,3.64,-16.2,1702,37.2,20.0,-7.4,0.118,0.737,0
48.270,3.83,-12.3,1048,39.4,25.8,-8.9,0.018,0.597,0
48.380,4.42,-17.0,2722,31.3,22.1,2.1,0.128,0.487,0
48.530,3.83,-17.4,4060,35.0,18.9,8.9,0.278,0.337,0
48.710,3.46,-14.9,795,36.5,23.7,-17.3,0.142,0.157,0
48.970,4.04,-9.4,1287,30.8,31.2,-5.7,0.038,0.103,0
49.080,4.34,-11.4,1973,28.7,29.2,0.6,0.092,0.213,0
49.340,5.77,-14.4,5357,35.4,21.9,14.8,0.152,0.473,0
49.440,7.31,-15.1,3112,22.5,25.5,2.6,0.052,0.573,0
49.630,4.10,-10.2,1656,20.8,30.5,-4.7,0.058,0.763,0
49.700,6.22,-8.6,889,27.5,32.1,-10.0,0.008,0.833,0
49.780,6.33,-10.7,1751,20.8,30.0,-2.2,0.072,0.913,0
49.860,5.56,-12.8,1452,22.4,27.9,-7.0,0.008,0.993,0
50.120,10.15,-10.9,1553,41.2,27.0,0.0,0.052,1.253,0
50.270,4.30,-11.5,964,40.5,26.6,-10.4,0.022,1.403,0
50.490,4.67,-23.7,5519,23.3,14.1,7.4,0.198,1.623,0
51.050,4.22,-17.9,1959,28.3,22.2,-3.2,0.042,2.183,0
51.320,5.50,-14.5,1617,34.3,25.2,-7.5,0.012,2.453,0
51.420,3.89,-9.8,1287,34.9,30.5,-9.2,0.088,2.553,0
51.650,4.63,-15.3,2269,27.2,25.2,-0.9,0.122,2.783,0
51.750,5.52,-10.2,1659,28.6,30.4,1.3,0.022,2.883,0
51.810,5.86,-19.2,6963,27.7,13.4,15.0,0.038,2.943,0
51.970,4.99,-10.6,1340,37.7,29.1,-4.6,0.198,3.103,0
52.270,5.01,-26.8,6044,22.3,9.3,5.2,0.102,3.403,1
52.420,4.95,-9.7,1473,40.0,29.6,-6.6,0.048,3.553,0
52.500,4.61,-9.9,1020,32.8,30.5,-11.4,0.128,3.633,0
52.620,8.41,-11.2,1192,40.2,26.8,-3.8,0.072,3.580,1
52.980,4.40,-27.1,4969,23.3,10.7,1.0,0.288,3.220,0
53.200,5.82,-25.4,4819,20.6,14.2,0.6,0.508,3.000,0
54.050,4.91,-19.1,5133,34.2,15.4,8.2,0.122,2.150,0
54.190,6.04,-9.9,1506,39.5,29.5,-2.5,0.018,2.010,0
54.820,3.76,-13.2,1769,36.2,26.2,-1.6,0.072,1.380,0
55.630,3.77,-22.9,2953,26.0,16.3,0.3,0.018,0.570,0
55.900,4.11,-23.9,3534,25.1,15.1,-3.0,0.272,0.300,0
56.340,6.24,-14.5,6647,32.8,19.0,19.1,0.008,0.140,0
56.730,6.23,-9.9,1020,40.7,28.7,-6.8,0.042,0.530,0
56.870,4.01,-15.4,1824,21.6,25.2,-4.0,0.098,0.670,0
57.160,4.08,-10.8,1622,22.8,29.9,-4.7,0.012,0.960,0
57.380,7.52,-13.7,2016,29.8,26.7,-1.4,0.008,1.180,0
57.600,4.91,-18.3,5661,21.7,21.3,10.0,0.132,1.400,0
57.930,4.99,-18.6,3913,20.5,19.3,13.6,0.162,1.730,1
58.060,3.99,-18.5,4604,18.8,19.9,13.2,0.032,1.860,0
58.350,4.08,-10.6,1382,38.4,28.9,-5.2,0.062,2.150,0
58.940,5.37,-10.3,892,36.4,29.7,-12.4,0.048,2.740,0
59.040,4.17,-19.6,4094,23.1,19.9,8.9,0.148,2.840,0
59.230,6.73,-10.0,1024,36.0,30.1,-9.5,0.022,3.030,0
59.600,4.30,-14.0,1671,38.7,23.5,-4.1,0.132,3.400,0
59.990,5.45,-17.1,6731,31.8,17.4,16.1,0.258,3.790,1
60.290,5.89,-11.7,2245,39.3,26.9,5.4,0.038,3.810,0
60.420,4.00,-16.1,3614,27.9,23.8,9.6,0.088,3.680,0
60.700,5.68,-18.5,2970,29.5,21.1,2.7,0.048,3.400,0
60.870,5.45,-12.5,1640,35.1,27.4,-6.1,0.142,3.230,0
61.020,5.40,-20.0,6180,24.5,15.3,13.8,0.008,3.080,0
61.640,3.90,-16.3,1431,29.7,23.8,-11.8,0.012,2.460,0
61.750,3.98,-11.4,1670,33.5,28.9,-5.8,0.098,2.350,0
61.870,5.87,-10.5,1102,40.8,28.0,-3.7,0.018,2.230,0
61.950,5.15,-21.6,6432,28.9,13.2,9.5,0.098,2.150,1
62.150,4.65,-10.0,790,36.0,30.1,-17.1,0.298,1.950,1
62.310,4.17,-20.2,6471,17.4,16.3,13.4,0.142,1.790,1
62.410,4.72,-17.7,7103,24.8,14.5,17.1,0.042,1.690,0
62.660,3.63,-11.4,1091,40.9,26.4,-13.1,0.048,1.440,0
62.910,6.16,-11.2,1105,40.9,26.7,-10.2,0.022,1.190,0
63.050,5.06,-16.6,6553,29.3,15.2,17.9,0.118,1.050,1
63.800,4.86,-14.5,5691,29.2,24.6,14.7,0.140,0.300,0
64.050,5.65,-25.4,6232,15.7,8.8,9.0,0.050,0.050,0
64.180,4.23,-18.7,2383,27.4,21.4,-2.8,0.080,0.080,1
64.370,9.90,-16.6,5861,22.7,22.0,14.8,0.270,0.270,0
64.830,4.58,-16.0,6090,34.2,16.0,17.2,0.070,0.603,1
65.460,5.32,-10.3,687,41.9,27.3,-13.6,0.040,0.027,0
65.530,5.04,-11.5,5848,36.3,27.1,17.3,0.110,0.097,0
66.120,3.82,-27.7,4341,15.5,12.5,-6.0,0.020,0.147,0
66.320,5.24,-20.5,6894,21.0,16.4,12.5,0.060,0.053,0
66.410,5.16,-20.6,2742,17.4,19.9,-5.6,0.150,0.143,0
66.450,4.19,-16.6,4185,21.2,23.0,12.2,0.130,0.183,0
66.600,4.12,-10.0,1180,41.3,28.2,-6.0,0.020,0.333,0
66.640,4.74,-17.2,5738,26.3,18.5,16.4,0.060,0.373,1
66.830,3.88,-10.9,1671,32.0,29.5,-4.0,0.090,0.563,0
67.120,3.72,-14.7,1790,29.0,25.6,-4.0,0.020,0.853,0
67.760,3.76,-13.4,2185,21.5,27.2,-1.2,0.100,1.493,0
67.900,4.08,-16.4,1911,31.1,23.5,-3.5,0.000,1.633,0
68.080,4.84,-12.4,2193,25.9,28.2,-0.3,0.060,1.813,0
68.580,6.82,-24.1,5108,21.5,14.1,5.9,0.040,2.313,0
69.270,3.90,-9.1,1731,34.2,31.3,-2.1,0.042,2.063,0
69.490,9.28,-16.2,4125,28.5,23.9,5.7,0.102,1.843,1
69.580,8.17,-15.7,2568,30.1,24.5,0.3,0.048,1.753,0
69.720,4.81,-16.6,4319,17.9,23.8,7.0,0.092,1.613,0
69.860,9.42,-13.5,2618,27.9,27.0,2.7,0.232,1.473,1
70.000,3.82,-15.4,2566,29.4,24.8,3.8,0.108,1.333,0
70.220,7.36,-14.4,1405,30.0,25.9,-10.1,0.112,1.113,0
70.810,5.30,-17.8,7913,23.6,16.3,16.7,0.062,0.523,1
70.950,4.68,-20.4,4856,32.3,15.1,5.1,0.042,0.383,0
71.030,5.57,-24.5,5044,17.8,14.0,6.5,0.122,0.303,0
71.310,5.26,-12.2,1555,34.3,27.9,-0.3,0.038,0.023,0
71.680,3.79,-19.5,5595,25.4,16.0,14.0,0.052,0.347,0
71.870,5.24,-16.6,4606,26.4,22.3,13.5,0.002,0.263,0
72.410,6.04,-12.2,918,39.5,25.7,-10.0,0.058,0.277,0
72.510,5.05,-17.4,3447,23.9,22.3,8.8,0.042,0.377,0
72.590,4.29,-17.6,4241,25.9,21.3,12.6,0.122,0.457,1
72.810,4.20,-16.0,7513,29.5,18.5,17.9,0.342,0.677,1
72.920,5.02,-24.9,4810,22.6,13.9,3.0,0.452,0.787,0
73.210,3.04,-27.5,2175,18.3,12.1,-4.7,0.322,1.077,0
73.560,4.38,-9.5,994,39.6,30.0,-9.5,0.028,1.427,0
73.830,4.50,-19.1,4358,20.6,21.0,6.1,0.058,1.697,0
74.030,4.48,-23.4,5712,18.8,15.3,7.3,0.022,1.897,0
74.320,8.98,-12.7,2003,34.6,27.2,-1.9,0.012,2.187,0
74.360,4.47,-17.0,7379,29.0,15.5,17.3,0.028,2.227,0
74.680,5.01,-21.9,6640,18.8,16.8,9.2,0.172,2.547,0
74.870,4.25,-16.3,2189,27.9,24.0,-3.0,0.018,2.737,0
75.080,5.31,-11.0,1023,42.5,24.9,-8.7,0.092,2.720,1
75.970,3.62,-16.2,2406,35.7,21.8,0.3,0.074,1.830,1
76.300,4.32,-9.6,1373,33.8,30.8,-5.4,0.136,1.500,1
77.060,5.27,-20.7,2504,25.9,19.2,-0.6,0.056,0.740,0
77.200,5.50,-11.7,1237,40.3,26.1,-4.5,0.004,0.600,0
77.370,7.10,-18.1,3863,24.4,22.1,5.1,0.114,0.430,0
77.520,5.38,-10.4,1022,39.2,28.9,-7.0,0.036,0.280,0
77.850,6.39,-11.0,944,40.4,25.7,-11.7,0.046,0.050,0
78.150,4.25,-13.3,2003,30.7,27.0,-0.9,0.014,0.350,0
78.340,14.34,-22.2,5125,21.3,17.0,7.1,0.144,0.540,0
78.520,3.97,-15.4,1879,21.9,25.3,-7.2,0.036,0.720,0
78.650,6.58,-10.6,1449,38.7,28.8,-4.0,0.006,0.850,0
78.790,4.14,-16.5,4635,22.2,22.3,14.3,0.146,0.990,0
79.110,6.20,-11.5,1591,37.6,28.0,-4.7,0.026,1.123,0
79.300,6.30,-23.9,2744,19.4,16.5,-5.8,0.216,0.933,0
79.570,10.05,-11.8,1946,32.4,28.5,0.7,0.486,0.663,1
80.060,4.46,-32.3,4159,17.2,6.4,-6.6,0.104,0.173,0
80.130,3.70,-32.3,2229,19.6,5.9,-19.7,0.034,0.103,0
80.240,6.43,-11.1,964,33.7,29.2,-11.0,0.076,0.007,1
80.550,3.96,-19.8,4670,27.1,17.4,12.0,0.054,0.317,0
80.830,5.26,-17.6,5251,25.4,22.2,9.4,0.054,0.597,0
80.920,5.74,-10.7,1066,32.1,29.7,-9.5,0.036,0.687,0
81.110,3.98,-18.2,2776,33.9,19.8,-6.4,0.054,0.877,0
81.260,6.88,-6.9,947,47.9,24.6,-1.7,0.024,1.027,0
81.410,6.34,-18.5,6940,24.0,19.8,13.1,0.126,1.177,0
81.480,4.68,-26.7,5556,24.5,8.7,3.5,0.124,1.247,1
81.630,5.39,-10.7,1223,28.9,29.8,-8.3,0.026,1.397,0
81.810,5.99,-25.1,7679,18.4,7.5,9.5,0.006,1.577,0
82.350,7.15,-11.3,949,42.0,24.7,-8.9,0.066,2.117,1
82.510,4.25,-19.1,6062,29.2,16.2,13.8,0.226,2.057,1
83.090,5.91,-13.1,2752,14.4,27.5,4.1,0.018,1.477,0
83.210,8.74,-20.4,5212,22.8,18.6,9.2,0.098,1.357,0
83.770,6.80,-21.6,7012,26.4,12.2,11.9,0.062,0.797,1
83.860,4.92,-19.6,2695,26.4,20.5,-0.8,0.152,0.707,1
84.390,6.01,-19.2,4554,33.2,17.1,7.6,0.122,0.177,0
84.720,4.92,-21.7,3769,21.8,18.2,3.2,0.068,0.153,0
85.140,5.45,-21.9,4663,31.1,12.2,6.9,0.048,0.040,0
85.450,4.50,-26.2,2280,26.5,11.2,-13.6,0.258,0.183,0
85.830,4.15,-12.0,1545,29.3,28.5,-4.0,0.002,0.197,0
86.160,6.67,-8.4,1126,46.3,22.6,-4.3,0.132,0.007,1
86.200,5.93,-14.6,5741,37.6,19.7,15.6,0.172,0.033,1
86.530,4.38,-16.4,4706,23.0,22.6,14.1,0.062,0.363,0
86.670,3.58,-8.5,1084,21.9,32.2,-5.2,0.002,0.503,0
86.830,6.61,-20.0,6299,29.0,13.3,13.2,0.002,0.663,0
86.950,8.64,-15.1,2238,28.0,25.3,-0.5,0.122,0.783,0
87.090,4.46,-29.2,4866,18.9,10.1,-4.0,0.058,0.923,0
87.150,4.36,-17.4,6237,25.2,13.4,17.6,0.002,0.983,0
87.350,4.27,-11.7,1849,28.2,28.9,-4.0,0.002,0.850,0
87.620,3.39,-16.2,1623,33.4,23.2,-11.9,0.208,0.580,0
87.720,3.47,-19.9,1112,29.1,19.6,-15.5,0.108,0.480,1
87.850,4.90,-12.3,804,38.0,26.5,-13.5,0.022,0.350,0
87.890,4.51,-20.1,2660,31.6,15.1,-1.4,0.062,0.310,0
87.950,4.88,-14.1,4545,24.4,24.4,17.2,0.122,0.250,0
88.560,3.79,-11.7,1797,24.6,28.9,-1.7,0.068,0.360,0
88.740,4.35,-13.2,1632,30.8,27.2,-2.9,0.008,0.540,0
89.030,4.05,-21.6,5145,14.9,16.0,11.1,0.038,0.830,0
89.160,3.87,-16.2,1906,27.8,24.1,-5.2,0.092,0.960,0
89.410,4.43,-20.8,5983,26.3,12.8,13.1,0.062,1.123,1
89.760,4.23,-13.1,4431,18.9,25.9,17.5,0.052,0.773,0
90.410,3.53,-8.7,1307,24.3,32.0,-4.0,0.046,0.123,0
90.630,3.24,-10.1,788,35.1,30.1,-12.4,0.026,0.097,0
90.820,4.52,-13.0,1726,15.0,27.6,-5.0,0.024,0.287,0
90.890,4.24,-16.2,4672,31.7,21.7,13.8,0.046,0.357,0
91.520,5.11,-14.7,1517,23.6,25.9,-6.8,0.036,0.987,0
91.910,6.02,-19.0,1822,27.4,21.1,-7.6,0.026,1.377,0
92.060,5.52,-9.5,1134,26.7,31.1,-5.8,0.056,1.527,0
92.170,7.79,-11.5,1895,23.4,29.2,0.6,0.074,1.637,0
92.900,6.67,-8.8,1065,27.7,31.8,-8.8,0.176,2.000,0
93.080,4.15,-23.7,7756,19.9,8.8,10.9,0.164,1.820,1
93.390,4.79,-16.1,6450,23.1,19.6,17.9,0.014,1.510,0
93.540,5.65,-8.7,1581,25.0,31.9,-4.1,0.104,1.360,0
93.680,4.16,-18.4,2053,20.5,22.2,-6.7,0.036,1.220,0
93.780,4.46,-21.2,4983,31.0,13.8,8.4,0.136,1.120,1
94.490,4.69,-21.4,4724,19.3,16.8,10.4,0.034,0.410,0
94.610,4.21,-22.7,6358,25.5,12.1,10.4,0.086,0.290,1
94.850,3.38,-24.7,1369,23.4,15.1,-19.9,0.154,0.050,0
95.330,5.92,-8.3,1417,36.2,31.9,-2.1,0.166,0.430,1
95.530,6.75,-20.6,5641,25.6,17.3,10.6,0.154,0.630,0
95.700,8.63,-7.4,1107,46.5,28.0,-5.4,0.016,0.800,0
95.780,5.01,-18.4,5607,20.6,18.9,14.6,0.096,0.880,1
96.010,6.00,-16.1,2353,29.6,24.0,1.6,0.034,1.110,0
96.100,4.67,-18.1,5166,32.3,19.4,10.6,0.056,1.200,0
96.430,5.71,-10.1,1351,36.5,30.0,-2.3,0.066,1.137,0
96.500,5.20,-12.5,1504,30.2,27.9,-1.8,0.024,1.067,0
96.760,6.05,-22.7,7212,23.5,12.2,10.9,0.084,0.807,1
96.940,8.74,-15.8,2234,32.3,23.8,3.2,0.096,0.627,0
97.830,3.99,-9.5,1469,26.4,31.2,-1.6,0.014,0.263,0
97.940,4.37,-13.2,1610,26.2,27.3,-4.9,0.096,0.373,0
98.060,5.50,-16.8,6522,25.6,17.8,17.4,0.024,0.493,0
98.430,4.43,-9.5,1109,34.3,30.9,-6.4,0.014,0.863,0
98.670,8.67,-17.9,3176,27.8,22.1,3.0,0.214,1.103,0
98.780,4.29,-21.2,7014,24.0,13.1,12.8,0.104,1.213,1
98.880,8.60,-15.8,2255,27.7,24.5,3.9,0.004,1.313,0
99.350,3.72,-9.8,1314,43.6,26.0,-4.9,0.066,1.783,1
99.480,5.29,-15.6,4956,21.2,21.0,17.8,0.164,1.913,1
99.740,4.27,-17.0,5927,31.8,17.7,16.0,0.064,2.173,1
100.030,7.62,-13.0,1829,24.0,27.6,-3.5,0.226,2.463,0
100.420,3.66,-9.3,1162,29.4,31.2,-8.3,0.096,2.180,0
100.650,3.78,-16.5,4532,26.3,21.9,14.3,0.126,1.950,0
100.860,4.92,-18.8,5084,31.9,17.9,9.0,0.056,1.740,0
100.960,4.27,-12.3,1403,23.8,28.3,-3.7,0.156,1.640,0
101.010,4.00,-9.9,1588,23.7,30.7,-1.6,0.206,1.590,0
101.710,3.78,-11.1,1300,20.9,29.6,-8.3,0.134,0.890,0
102.050,6.15,-19.1,3710,25.5,20.6,7.4,0.206,0.550,0
102.280,4.12,-22.9,6938,18.5,14.1,10.1,0.436,0.320,1
102.380,4.62,-22.3,1765,19.3,18.2,-10.0,0.536,0.220,0
102.960,5.05,-12.5,1313,26.9,28.1,-5.8,0.020,0.360,0
103.070,5.61,-17.9,4915,25.4,21.1,11.8,0.030,0.470,0
103.370,4.81,-10.9,1421,26.4,29.7,-8.4,0.070,0.770,0
103.440,4.59,-8.2,1419,24.6,32.4,-4.2,0.140,0.840,0
103.610,6.26,-20.4,2412,27.1,19.4,-5.0,0.050,1.010,0
103.700,4.66,-14.3,1443,34.6,25.2,-3.4,0.040,1.100,0
103.850,4.19,-20.1,6252,19.9,17.2,12.7,0.190,1.250,1
104.000,4.25,-9.9,1674,26.0,30.7,-0.4,0.340,1.133,0
104.350,6.51,-10.7,1123,37.6,28.9,-4.9,0.070,0.783,0
104.470,4.35,-12.9,2107,31.3,27.4,1.1,0.050,0.663,0
104.660,6.93,-8.6,826,31.3,32.0,-11.4,0.040,0.473,0
105.310,4.35,-15.4,4408,34.3,21.7,15.2,0.110,0.177,1
105.500,6.75,-20.5,6797,24.0,16.1,12.6,0.080,0.367,1
105.590,6.07,-18.2,2365,26.1,22.1,-1.9,0.010,0.457,0
105.880,6.73,-9.9,1793,22.4,30.7,0.2,0.020,0.747,0
105.990,6.84,-15.9,2773,22.6,24.6,1.3,0.110,0.857,0
106.080,4.29,-22.6,3123,30.5,14.1,-6.1,0.020,0.947,0
106.250,4.17,-16.2,1471,37.8,18.4,-9.6,0.150,1.117,1
106.310,6.68,-12.6,6649,28.9,23.9,20.6,0.110,1.177,1
106.440,4.83,-11.5,919,36.9,28.2,-12.9,0.020,1.307,0
106.490,6.46,-18.6,6401,29.5,14.0,14.9,0.070,1.357,1
106.580,6.48,-14.5,2294,28.0,25.8,3.5,0.160,1.447,0
106.830,4.19,-15.3,1814,33.5,24.3,-7.0,0.030,1.697,0
106.960,4.86,-20.8,7524,19.2,12.7,13.9,0.020,1.827,0
107.100,4.06,-26.7,5136,18.8,12.7,0.6,0.120,1.967,0
107.350,5.04,-13.2,1303,34.4,26.6,-8.4,0.010,2.217,0
107.670,5.46,-23.3,4320,24.4,16.1,2.1,0.110,2.537,0
107.970,5.73,-19.5,6722,31.2,10.2,13.3,0.030,2.837,0
108.560,4.40,-13.5,2430,18.4,27.2,1.0,0.100,2.807,0
108.770,6.79,-14.5,2088,26.3,25.9,0.3,0.070,2.597,0
108.950,6.47,-11.2,1049,35.5,28.7,-9.2,0.010,2.417,0
109.330,3.49,-9.6,1666,30.3,31.0,-2.3,0.090,2.037,1
109.510,6.72,-25.5,4377,25.4,12.3,1.7,0.090,1.857,0
109.690,5.36,-12.6,1661,30.5,27.9,-4.5,0.050,1.677,0
109.820,4.19,-17.4,2759,34.5,20.6,-0.8,0.080,1.547,0
110.380,4.71,-14.9,1282,39.3,16.8,-9.5,0.040,0.987,0
110.490,4.50,-21.7,5578,26.4,13.9,10.5,0.070,0.877,1
110.820,6.07,-10.4,1296,30.8,30.1,-5.9,0.040,0.547,0
110.890,4.72,-19.4,6501,33.6,13.4,10.6,0.110,0.477,1
111.520,5.00,-8.4,1896,21.1,32.3,0.8,0.060,0.153,0
112.250,5.95,-12.9,2100,31.1,27.4,-0.3,0.030,0.883,0
112.420,5.14,-19.7,4527,24.7,18.4,11.4,0.080,1.053,0
112.520,5.53,-12.2,1654,27.9,28.4,-0.5,0.020,1.153,0
112.660,6.31,-9.6,973,31.5,30.9,-8.6,0.160,1.293,0
112.960,5.96,-21.9,3102,20.9,18.5,-6.0,0.020,1.593,0
113.230,4.81,-21.9,6201,27.4,14.9,9.2,0.090,1.863,1
113.380,4.40,-14.9,2078,27.2,25.5,-2.2,0.040,2.013,0
113.500,9.60,-10.0,1160,34.9,30.3,-6.4,0.000,2.000,0
113.600,5.14,-23.3,6403,22.4,10.5,10.8,0.100,1.900,1
113.780,7.17,-21.5,5976,21.4,13.0,12.8,0.280,1.720,1
113.960,6.00,-23.7,5798,22.3,13.5,8.4,0.180,1.540,1
114.240,4.21,-14.3,2688,26.9,26.1,3.9,0.060,1.260,0
114.330,5.05,-10.2,1472,26.4,30.5,-4.2,0.030,1.170,0
114.430,5.74,-18.4,2090,26.7,21.8,-5.2,0.130,1.070,0
114.620,4.88,-20.1,6969,28.0,14.0,13.2,0.040,0.880,0
114.920,6.69,-24.0,6368,24.2,8.0,10.1,0.100,0.580,1
115.120,5.00,-13.7,4336,28.8,24.8,17.3,0.020,0.380,0
115.390,3.54,-17.5,1740,36.1,18.5,-8.8,0.190,0.110,0
115.670,5.11,-10.0,1208,28.1,30.6,-3.7,0.090,0.170,1
115.790,4.20,-21.0,4239,21.2,17.9,9.3,0.010,0.290,0
116.070,5.92,-15.0,1525,38.1,21.8,-6.4,0.050,0.570,0
116.320,4.49,-15.3,1259,33.5,24.3,-9.5,0.220,0.820,1
116.500,6.87,-12.1,1257,37.7,27.0,-5.3,0.040,1.000,0
116.590,5.00,-19.7,6215,28.1,11.5,14.4,0.050,1.090,0
116.720,3.98,-10.8,1126,24.9,29.9,-9.6,0.180,1.220,0
116.840,3.89,-17.6,2752,27.6,22.6,0.9,0.180,1.340,0
117.370,3.98,-12.0,1343,31.9,28.3,-6.0,0.190,1.870,1
117.640,6.62,-19.2,6645,24.3,12.5,15.6,0.140,2.140,1
118.310,4.31,-9.7,964,38.7,30.1,-8.0,0.090,2.810,0
118.600,4.49,-21.5,4592,17.5,16.6,10.5,0.300,3.100,0
118.920,5.10,-11.6,1226,35.4,28.4,-6.9,0.020,3.420,0
124.580,3.73,-17.5,1164,35.8,19.1,-13.3,0.128,0.013,1
125.740,4.18,-11.5,1270,31.9,28.9,-6.9,0.128,0.173,0
125.850,5.00,-19.3,1874,25.7,21.0,-6.4,0.018,0.283,0
126.040,4.39,-17.2,6573,33.0,16.4,13.2,0.172,0.473,1
126.530,6.72,-10.0,1426,31.2,30.5,-3.5,0.018,0.963,0
126.590,4.10,-17.6,4171,32.8,17.0,14.2,0.042,1.023,0
126.820,4.66,-18.7,6051,25.2,10.4,16.4,0.032,1.253,0
127.310,5.82,-17.0,5019,17.6,18.7,17.0,0.042,1.743,0
127.450,8.22,-9.9,1640,30.2,30.7,0.1,0.182,1.883,1
127.620,7.29,-22.8,7798,14.1,7.6,12.5,0.248,2.053,1
127.810,6.04,-14.1,2137,35.2,25.2,1.8,0.058,2.243,0
128.260,3.93,-9.9,1801,37.2,30.1,1.9,0.072,2.693,1
128.900,3.80,-9.8,1237,35.0,30.5,-7.4,0.000,3.333,0
129.030,4.07,-18.4,5290,21.3,21.3,9.7,0.130,3.463,0
129.210,4.09,-22.8,2605,22.7,17.3,-4.0,0.030,3.643,0
129.550,7.80,-22.6,4151,16.8,17.1,5.4,0.150,3.717,0
129.720,5.23,-9.8,1490,37.0,30.2,-2.0,0.020,3.547,0
129.900,3.63,-11.7,1171,27.3,28.9,-11.0,0.040,3.367,0
130.030,6.15,-19.4,6565,28.9,16.8,13.0,0.090,3.237,1
130.220,8.81,-13.8,2375,29.6,26.6,2.3,0.160,3.047,0
130.410,6.38,-16.4,1593,30.8,23.5,-4.8,0.030,2.857,0
130.630,5.32,-29.7,2815,22.8,6.4,-6.0,0.130,2.637,1
130.970,4.91,-11.0,1853,37.4,28.7,-1.4,0.022,2.297,0
131.370,5.71,-19.6,3780,24.4,20.3,6.0,0.218,1.897,0
131.480,4.45,-25.1,6687,20.0,9.2,9.0,0.108,1.787,1
131.980,3.77,-10.6,2116,12.4,30.1,3.9,0.128,1.287,0
132.120,4.81,-18.6,4982,17.7,18.6,14.4,0.012,1.147,0
132.230,4.12,-12.4,2455,28.0,28.1,4.9,0.122,1.037,0
132.360,5.53,-17.2,6926,25.3,19.9,15.5,0.028,0.907,0
132.810,4.04,-11.3,1135,39.4,27.4,-7.0,0.058,0.457,0
132.960,5.84,-23.3,6172,23.9,8.5,9.6,0.092,0.307,1
133.200,7.17,-27.9,3012,24.4,9.5,-7.2,0.148,0.067,0
133.310,4.66,-17.1,1873,27.2,23.3,-8.0,0.038,0.043,0
133.580,6.17,-10.1,1059,38.6,29.5,-5.9,0.032,0.313,0
133.630,5.99,-20.1,6372,27.7,16.4,11.5,0.082,0.363,1
134.110,4.91,-16.7,3144,31.3,22.9,3.0,0.042,0.843,0
134.580,5.07,-14.1,2587,36.4,24.8,2.7,0.032,1.313,0
135.010,8.09,-10.5,1646,30.9,30.0,-0.9,0.022,1.223,0
135.160,3.77,-23.9,2306,22.7,16.1,-6.6,0.012,1.073,0
135.370,7.77,-13.2,3779,23.0,26.8,13.3,0.102,0.863,1
135.580,4.23,-16.6,1644,31.3,23.1,0.1,0.072,0.653,1
135.830,4.48,-24.6,6577,11.9,9.4,10.0,0.158,0.403,1
136.250,4.36,-21.5,6151,25.3,12.6,12.4,0.022,0.017,0
136.600,7.58,-29.0,5116,18.6,7.3,3.3,0.028,0.367,0
137.140,5.18,-9.2,2259,25.6,31.4,2.1,0.032,0.907,0
137.610,4.65,-9.7,1205,38.8,30.0,-4.9,0.022,0.957,0
137.960,3.78,-20.7,2111,20.7,19.8,-10.0,0.028,0.607,0
138.330,4.61,-9.6,1883,19.9,31.1,-0.7,0.182,0.237,0
138.400,4.14,-9.3,1831,21.3,31.3,2.4,0.252,0.167,0
138.700,6.06,-13.9,2479,27.1,26.5,1.2,0.032,0.133,0
138.940,4.34,-23.5,5209,21.7,13.3,9.2,0.112,0.373,1
139.150,5.43,-16.9,2644,28.8,23.2,0.2,0.158,0.417,1
140.030,5.86,-8.2,796,45.5,27.0,-10.2,0.042,0.463,0
140.400,6.27,-11.3,1769,35.3,28.7,-0.1,0.012,0.833,0
140.530,4.04,-18.2,1857,28.3,21.9,-5.6,0.022,0.963,0
140.630,4.40,-25.0,6233,16.8,6.2,10.0,0.118,1.063,1
140.780,6.45,-20.8,4321,26.0,18.4,6.5,0.032,1.213,0
140.960,7.83,-16.8,3607,28.3,23.1,7.1,0.092,1.393,0
141.430,4.67,-13.4,2625,41.5,11.9,3.4,0.042,1.863,0
141.720,4.58,-20.4,7495,27.3,8.3,14.2,0.068,2.153,1
141.960,4.08,-16.3,2652,36.9,20.3,-1.2,0.052,2.393,0
142.060,4.04,-12.8,2044,39.6,24.8,-5.3,0.152,2.493,0
142.370,4.54,-11.6,2171,29.2,28.9,0.1,0.102,2.697,1
142.590,5.80,-10.5,2328,25.9,30.1,2.1,0.238,2.477,0
142.840,4.76,-11.4,1221,39.6,27.2,-9.5,0.012,2.227,0
143.160,6.06,-16.1,2517,27.0,24.3,0.3,0.012,1.907,0
143.290,4.65,-12.2,1416,35.7,27.7,-5.6,0.018,1.777,0
143.410,4.82,-9.4,1159,33.2,31.1,-10.7,0.018,1.657,0
143.850,6.40,-12.7,8111,19.7,14.2,22.8,0.102,1.217,1
144.200,8.46,-12.3,2318,29.1,28.2,0.3,0.028,0.867,0
144.580,4.34,-19.7,4777,33.5,16.1,5.6,0.192,0.487,0
144.820,4.30,-12.2,1120,40.0,25.1,-9.2,0.048,0.247,0
145.070,3.85,-21.6,1377,30.4,16.5,-14.1,0.158,0.003,0
145.220,4.44,-14.7,1670,33.9,25.0,-11.0,0.008,0.153,0
145.300,7.24,-15.3,3220,31.0,24.8,2.2,0.072,0.233,0
145.790,5.93,-22.1,6175,25.8,14.8,9.6,0.082,0.723,1
145.840,5.55,-21.4,7448,23.2,8.9,13.5,0.132,0.773,1
146.020,3.74,-16.1,1768,31.8,23.7,-4.6,0.248,0.953,0
146.780,6.01,-21.9,2622,22.7,18.3,-1.2,0.008,1.713,0
147.090,4.68,-10.9,1464,18.5,29.7,-2.2,0.302,2.023,0
147.650,4.25,-25.5,5559,15.9,12.2,6.8,0.034,2.583,0
147.810,4.30,-17.0,6638,27.9,19.5,15.9,0.126,2.743,1
148.070,4.74,-25.0,6589,20.2,12.0,7.4,0.134,3.003,1
148.290,3.69,-9.4,1425,35.1,30.9,-2.2,0.086,3.223,0
148.710,4.52,-27.8,3852,20.0,11.5,-2.7,0.014,3.643,0
148.770,6.83,-13.1,2719,18.9,27.5,4.4,0.046,3.703,0
148.850,7.37,-17.0,3180,27.1,23.0,6.5,0.126,3.783,0
149.310,4.93,-25.1,4213,19.0,14.1,3.4,0.094,3.490,0
149.430,4.21,-11.1,2304,37.7,28.5,0.4,0.026,3.370,0
149.690,4.32,-15.3,4661,20.4,21.5,18.1,0.086,3.110,1
149.930,2.91,-35.8,1944,12.8,3.8,-23.1,0.114,2.870,0
150.060,4.48,-20.0,4294,29.3,17.7,9.9,0.016,2.740,0
150.200,5.47,-15.4,2631,23.9,25.1,3.1,0.156,2.600,0
150.710,7.14,-14.9,1473,34.7,24.4,-4.4,0.066,2.090,1
151.010,4.75,-25.4,2541,21.3,14.5,-7.2,0.114,1.790,0
151.370,3.45,-12.6,1559,29.0,27.9,-3.0,0.114,1.430,0
151.500,7.27,-11.6,1148,38.2,27.5,-8.3,0.016,1.300,0
151.920,5.59,-9.1,5299,44.1,10.5,16.9,0.084,0.880,1
152.040,3.86,-15.0,1987,31.8,25.0,-0.5,0.036,0.760,0
153.210,4.10,-21.1,6258,22.4,13.5,13.0,0.214,0.410,1
153.470,6.04,-10.5,1270,33.2,29.8,-6.8,0.006,0.297,0
153.900,4.57,-10.6,1421,27.8,29.9,-6.8,0.056,0.133,0
154.420,7.86,-10.6,1619,26.0,30.0,-2.8,0.024,0.653,0
154.850,3.99,-18.0,4626,15.0,20.2,14.1,0.174,1.083,0
155.080,3.15,-19.6,1350,28.2,20.2,-13.4,0.372,1.313,0
155.460,8.18,-15.7,2667,33.2,23.7,3.2,0.008,1.693,0
155.630,4.42,-9.1,1095,37.1,31.0,-3.4,0.058,1.863,0
155.710,4.17,-21.0,2110,25.5,18.7,-6.0,0.022,1.943,0
155.980,4.76,-24.8,6212,23.5,10.1,8.1,0.032,2.213,0
156.040,5.09,-17.2,1753,26.6,23.2,-6.7,0.028,2.273,0
156.160,4.71,-8.6,1033,36.2,31.7,-6.2,0.028,2.393,0
156.250,5.79,-11.4,1671,24.4,29.1,-3.3,0.118,2.483,0
156.690,4.19,-21.5,6639,26.0,12.6,12.0,0.042,2.923,0
156.790,5.73,-19.2,6826,17.8,16.7,14.7,0.058,2.943,0
156.980,3.12,-28.7,1972,22.2,9.5,-15.7,0.072,2.753,1
157.220,6.26,-18.3,2140,28.7,21.6,0.3,0.008,2.513,0
157.360,4.75,-8.6,696,45.0,27.3,-9.2,0.012,2.373,0
157.470,8.82,-13.0,2725,24.9,27.6,4.0,0.098,2.263,0
157.600,3.40,-10.0,1136,32.9,30.4,-7.3,0.052,2.133,0
157.870,5.15,-20.2,1901,25.3,20.0,-8.6,0.062,1.863,1
158.030,4.40,-20.8,6768,29.2,10.2,11.3,0.098,1.703,1
158.090,6.20,-18.2,6604,21.6,19.3,14.6,0.158,1.643,1
158.280,3.43,-24.6,2380,18.6,15.7,-3.8,0.052,1.453,0
158.520,8.74,-10.7,1656,35.0,29.5,0.3,0.012,1.213,0
158.810,4.00,-20.7,1918,27.2,19.1,-5.7,0.038,0.923,0
158.970,6.01,-10.7,1254,37.6,29.0,-7.3,0.038,0.763,0
159.100,4.42,-11.7,2230,37.6,27.7,-2.9,0.008,0.633,0
159.490,6.03,-18.9,6803,27.6,11.7,15.7,0.078,0.243,1
159.970,4.05,-9.3,1195,31.8,31.2,-4.0,0.118,0.237,1
160.010,6.62,-16.9,6327,37.9,8.5,8.1,0.158,0.277,1
160.080,5.26,-16.1,2726,24.0,24.4,-0.2,0.228,0.347,0
160.540,5.71,-13.9,2407,29.6,26.4,0.6,0.072,0.327,1
160.770,7.30,-15.9,3381,32.3,23.7,3.0,0.002,0.097,0
160.920,4.34,-24.1,4784,25.5,13.9,4.5,0.148,0.053,0
161.150,6.31,-15.8,3699,38.1,19.5,1.3,0.022,0.283,0
161.410,7.95,-10.3,1552,33.4,30.0,-1.1,0.118,0.543,1
162.400,6.11,-28.3,3091,16.8,11.2,-1.3,0.356,1.533,0
162.690,3.85,-12.1,2614,30.0,28.4,0.4,0.066,1.823,0
163.070,7.12,-22.6,6351,12.7,9.0,12.6,0.126,2.203,1
164.080,8.85,-9.2,1578,34.5,31.2,0.6,0.004,3.213,0
164.530,7.37,-9.8,2255,39.9,29.4,7.6,0.014,3.663,0
164.650,6.14,-9.9,1093,35.7,30.3,-7.9,0.134,3.783,0
164.900,4.51,-20.6,4824,24.1,17.5,10.9,0.216,4.033,0
165.080,4.68,-9.2,1037,45.0,24.1,-3.9,0.036,4.053,0
165.530,3.59,-10.4,1404,20.2,30.3,-2.9,0.186,3.603,1
165.680,10.23,-13.9,1818,30.6,26.4,-5.5,0.036,3.453,0
165.840,7.78,-15.0,1605,38.6,21.0,-7.9,0.124,3.293,1
166.790,4.05,-29.7,4889,21.2,5.1,-6.2,0.126,2.343,0
166.910,10.83,-14.7,4801,26.8,25.1,12.0,0.006,2.223,0
167.240,6.74,-11.2,2036,26.4,29.4,2.2,0.276,1.893,1
167.560,3.81,-25.7,3080,22.6,13.9,-6.2,0.044,1.573,0
167.880,7.07,-9.3,1685,23.8,31.4,2.2,0.076,1.253,1
167.950,4.32,-17.4,7421,25.2,13.1,17.6,0.006,1.183,0
168.100,5.59,-9.0,1336,28.3,31.6,-3.1,0.144,1.033,1
168.510,4.57,-18.8,6466,27.2,13.6,15.5,0.126,0.623,1
168.600,6.16,-16.4,2942,30.7,23.3,4.0,0.036,0.533,0
168.800,9.04,-14.2,2425,31.8,25.9,0.0,0.164,0.333,1
169.500,4.99,-19.0,4963,19.2,21.2,6.8,0.056,0.367,0
169.670,4.01,-20.0,6455,27.0,12.6,14.2,0.086,0.537,1
169.810,5.48,-12.7,4331,39.6,24.0,13.3,0.054,0.490,0
170.390,4.19,-25.4,3981,28.4,9.2,-4.1,0.126,0.090,0
170.490,5.75,-10.3,1054,35.9,29.8,-11.8,0.026,0.190,0
170.610,4.82,-16.7,5921,33.2,9.9,15.1,0.094,0.310,1
170.870,4.16,-26.1,4948,5.4,11.7,6.5,0.354,0.570,1
171.110,4.50,-12.7,1960,31.4,27.6,-3.5,0.166,0.810,1
171.220,6.97,-19.8,2031,30.3,19.3,-5.1,0.056,0.920,0
171.340,6.48,-23.7,5314,24.5,14.0,7.1,0.064,1.040,0
171.770,7.84,-16.1,7138,27.4,13.3,18.9,0.054,0.963,0
171.960,4.42,-11.5,1873,41.0,26.2,-3.9,0.044,0.773,0
172.210,6.95,-10.8,952,37.9,28.8,-9.3,0.094,0.523,0
172.370,5.30,-26.0,3539,23.9,12.9,-3.9,0.254,0.363,0
173.110,7.21,-8.7,1143,44.1,28.1,-4.5,0.126,0.377,1
173.410,6.74,-9.5,944,32.9,30.9,-10.9,0.014,0.677,0
173.770,5.80,-19.2,2031,30.9,19.9,-5.0,0.014,1.037,0
173.940,7.00,-8.7,886,33.6,31.8,-8.3,0.024,1.207,0
174.040,5.41,-17.2,2739,30.4,22.6,1.8,0.116,1.307,0
174.170,5.33,-9.2,977,36.9,31.0,-10.5,0.014,1.437,0
174.360,4.87,-18.9,5774,29.3,12.5,15.1,0.004,1.627,0
174.480,8.21,-14.4,3450,27.5,25.7,10.0,0.124,1.747,0
174.890,3.43,-8.8,1002,34.4,31.6,-10.8,0.066,2.157,1
175.210,4.36,-19.7,4525,15.0,18.2,12.6,0.094,2.477,1
175.430,4.28,-25.7,2551,22.3,13.9,-7.1,0.006,2.697,0
175.740,6.61,-18.6,3250,27.5,20.8,7.5,0.256,3.007,1
176.200,4.64,-10.3,1144,35.7,29.8,-9.8,0.004,3.433,0
176.510,6.24,-12.2,1622,30.3,28.2,-2.6,0.126,3.123,1
176.700,5.61,-18.0,1497,25.4,22.4,-7.6,0.064,2.933,1
176.820,4.82,-23.5,5656,25.4,10.6,9.1,0.184,2.813,1
176.900,4.12,-13.6,872,37.8,24.7,-14.1,0.136,2.733,1
177.280,6.46,-21.3,2240,24.0,18.9,-5.1,0.076,2.353,1
177.460,5.71,-9.5,892,30.8,31.0,-8.5,0.016,2.173,0
177.600,8.88,-12.3,2402,24.4,28.3,4.5,0.116,2.033,1
177.750,4.00,-9.2,999,22.5,31.5,-10.9,0.034,1.883,0
177.890,3.97,-16.2,1877,35.2,22.4,-9.6,0.014,1.743,0
178.000,5.75,-19.8,4025,23.3,19.2,10.2,0.124,1.633,0
178.350,4.09,-16.1,2076,36.8,21.0,-6.3,0.034,1.283,0
178.590,5.09,-22.4,7190,14.8,8.7,12.7,0.274,1.043,1
178.930,5.43,-22.3,8009,15.1,11.2,12.4,0.014,0.703,0
179.310,3.40,-11.7,1577,38.5,27.5,-3.6,0.074,0.323,0
179.480,7.47,-8.4,1337,38.8,31.6,-1.0,0.004,0.153,0
179.530,5.31,-10.7,2763,35.5,29.3,9.0,0.054,0.103,0
179.600,6.84,-10.4,3970,39.0,28.1,17.2,0.076,0.033,0
179.990,3.16,-25.3,2281,24.0,14.0,-6.4,0.046,0.357,0
180.130,3.68,-11.7,1304,29.4,28.8,-6.3,0.014,0.497,0
180.190,4.10,-15.1,4628,38.2,19.3,9.7,0.074,0.557,1
