shot,start,end,dur_s,frames
1,0.000,7.167,7.167,215
2,7.167,7.867,0.700,21
3,7.867,8.767,0.900,27
4,8.767,10.300,1.533,46
5,10.300,13.100,2.800,84
6,13.100,15.067,1.967,59
7,15.067,16.467,1.400,42
8,16.467,17.767,1.300,39
9,17.767,20.067,2.300,69
10,20.067,21.633,1.567,47
11,21.633,25.067,3.433,103
12,25.067,26.167,1.100,33
13,26.167,27.333,1.167,35
14,27.333,27.767,0.433,13
15,27.767,27.967,0.200,6
16,27.967,28.167,0.200,6
17,28.167,28.833,0.667,20
18,28.833,29.133,0.300,9
19,29.133,29.867,0.733,22
20,29.867,35.033,5.167,155
21,35.033,36.767,1.733,52
22,36.767,39.267,2.500,75
23,39.267,42.033,2.767,83
24,42.033,45.000,2.967,89
25,45.000,47.067,2.067,62
26,47.067,48.867,1.800,54
27,48.867,56.200,7.333,220
28,56.200,64.100,7.900,237
29,64.100,65.433,1.333,40
30,65.433,66.267,0.833,25
31,66.267,71.333,5.067,152
32,71.333,72.133,0.800,24
33,72.133,77.800,5.667,170
34,77.800,80.233,2.433,73
35,80.233,84.567,4.333,130
36,84.567,85.100,0.533,16
37,85.100,85.633,0.533,16
38,85.633,86.167,0.533,16
39,86.167,88.200,2.033,61
40,88.200,90.533,2.333,70
41,90.533,94.900,4.367,131
42,94.900,97.567,2.667,80
43,97.567,102.600,5.033,151
44,102.600,105.133,2.533,76
45,105.133,111.367,6.233,187
46,111.367,115.500,4.133,124
47,115.500,124.567,9.067,272
48,124.567,125.267,0.700,21
49,125.267,125.567,0.300,9
50,125.567,133.267,7.700,231
51,133.267,136.233,2.967,89
52,136.233,138.567,2.333,70
53,138.567,139.567,1.000,30
54,139.567,145.067,5.500,165
55,145.067,152.800,7.733,232
56,152.800,153.767,0.967,29
57,153.767,159.733,5.967,179
58,159.733,160.867,1.133,34
59,160.867,169.133,8.267,248
60,169.133,170.300,1.167,35
61,170.300,172.733,2.433,73
62,172.733,179.633,6.900,207
63,179.633,180.300,0.667,20
