t,technique,word,function,note
5.409,CUT_PUNCH_IN,некому,rhythm,camera
11.049,TR_FLASH,поэтому,block_end,transition
16.689,CUT_PUNCH_IN,закупы,rhythm,camera
20.089,CUT_PUNCH_OUT,однако,contrast,camera
23.276,ZOOM_PUSH,куда,question,camera
28.889,CUT_PUNCH_IN,макс,rhythm,camera
30.956,STAT_STICKER,тысячи,statistic,overlay
36.529,CUT_PUNCH_OUT,поставщика,rhythm,camera
42.025,CUT_PUNCH_IN,айти,rhythm,camera
43.092,STAT_STICKER,тысячи,statistic,overlay
45.345,TR_XSTAMP,других,enter_quote,transition
46.225,TR_XSTAMP,кто,enter_quote,transition
51.505,CUT_PUNCH_OUT,холодная,rhythm,camera
57.505,CUT_PUNCH_IN,чате,rhythm,camera
62.585,CUT_PUNCH_OUT,однако,contrast,camera
66.412,STAT_STICKER,тысячам,statistic,overlay
71.921,CUT_PUNCH_IN,интересам,rhythm,camera
77.321,CUT_PUNCH_OUT,целыми,rhythm,camera
82.721,CUT_PUNCH_IN,но,contrast,camera
87.961,CUT_PUNCH_OUT,человека,rhythm,camera
93.361,CUT_PUNCH_IN,который,rhythm,camera
96.129,TR_FLASH,а,block_end,transition
98.836,STAT_STICKER,двадцать,statistic,overlay
100.716,STAT_STICKER,сотней,statistic,overlay
106.169,CUT_PUNCH_IN,находит,rhythm,camera
111.489,CUT_PUNCH_OUT,оно,rhythm,camera
117.097,CUT_PUNCH_IN,именно,rhythm,camera
