t,rms_db,low_db,mid_db,high_db,centroid_hz
0.00,-53.6,-10.7,-13.9,-26.5,3115
0.10,-41.9,1.3,-1.6,-26.0,2834
0.20,-33.3,12.8,6.8,-26.5,2211
0.30,-30.0,17.5,9.7,-26.7,1765
0.40,-30.5,10.1,9.6,-21.3,1789
0.50,-27.9,1.9,12.8,-18.8,1934
0.60,-29.9,1.6,10.7,-16.3,2179
0.70,-33.9,7.4,6.4,-17.9,2475
0.80,-35.6,3.4,4.6,-17.7,3417
0.90,-22.9,24.2,16.9,-14.9,1806
1.00,-24.8,27.6,11.6,-15.5,1929
1.10,-24.5,27.6,12.8,-17.9,1606
1.20,-25.0,27.6,12.1,-25.7,973
1.30,-24.4,27.6,13.5,-17.9,1481
1.40,-24.4,27.2,13.7,-20.5,1231
1.50,-25.5,26.0,12.6,-19.2,1397
1.60,-22.7,24.2,17.3,-25.8,869
1.70,-25.3,22.9,14.3,-12.3,2258
1.80,-31.5,12.5,8.5,-14.7,2885
1.90,-28.2,-4.7,12.5,-17.9,2373
2.00,-31.3,14.9,7.3,-14.1,3526
2.10,-32.1,17.8,5.9,-17.1,2380
2.20,-40.5,10.6,-4.9,-15.6,4285
2.30,-34.3,18.8,-3.5,-31.4,1219
2.40,-29.9,25.1,-1.9,-20.5,2089
2.50,-26.4,27.9,5.8,-30.0,779
2.60,-24.5,28.4,12.3,-12.2,2496
2.70,-27.1,27.6,3.9,-15.3,2424
2.80,-23.9,26.5,15.1,-15.3,1847
2.90,-28.3,25.7,5.8,-19.4,1905
3.00,-25.7,25.7,12.5,-13.1,1891
3.10,-25.2,27.7,10.4,-9.1,3134
3.20,-23.6,27.3,15.1,-17.0,1517
3.30,-25.5,27.1,10.7,-26.1,713
3.40,-27.2,26.4,7.4,-18.8,1389
3.50,-26.1,25.6,11.7,-11.9,1958
3.60,-25.8,25.3,12.4,-18.1,1208
3.70,-25.0,26.9,12.4,-10.8,2285
3.80,-28.0,27.3,-5.4,-13.5,2148
3.90,-26.2,27.0,10.5,-15.7,2030
4.00,-26.2,26.5,10.8,-15.5,2108
4.10,-28.3,25.9,5.0,-8.1,3090
4.20,-24.7,25.3,14.4,-23.0,1047
4.30,-25.1,25.7,12.8,-17.3,1787
4.40,-24.1,27.3,14.2,-18.8,1185
4.50,-25.1,27.1,11.8,-18.4,1667
4.60,-22.6,26.7,16.8,-17.6,1170
4.70,-24.1,26.1,14.2,-15.0,1980
4.80,-29.4,25.4,1.9,-25.3,1413
4.90,-29.6,25.2,1.7,-24.7,1204
5.00,-28.3,27.1,-9.0,-17.4,2462
5.10,-31.2,22.4,-9.3,-4.6,4121
5.20,-28.9,21.9,9.0,-8.6,2911
5.30,-27.4,18.7,12.4,-17.5,1856
5.40,-29.6,2.8,11.0,-15.1,2607
5.50,-27.4,-5.0,13.3,-13.2,2498
5.60,-28.5,23.0,6.7,-13.1,3113
5.70,-24.6,27.2,13.5,-21.8,1042
5.80,-25.7,27.1,10.5,-18.1,1757
5.90,-26.8,26.8,8.5,-20.7,1430
6.00,-26.9,26.1,9.7,-15.7,2071
6.10,-26.4,25.4,11.4,-22.6,1240
6.20,-23.2,24.6,16.6,-16.3,1717
6.30,-29.1,23.7,5.6,-6.1,4787
6.40,-30.4,22.7,4.3,-13.9,3089
6.50,-25.6,27.0,11.9,-22.1,1179
6.60,-26.5,27.1,8.9,-19.2,1653
6.70,-28.5,26.8,-6.9,-15.3,3024
6.80,-25.9,26.3,11.6,-17.3,1926
6.90,-27.0,25.3,10.4,-10.3,2802
7.00,-28.4,25.6,6.3,-34.5,529
7.10,-27.0,26.1,8.9,-20.1,1506
7.20,-26.8,27.1,7.9,-33.3,509
7.30,-23.4,26.0,15.9,-11.6,1731
7.40,-23.0,24.9,16.8,-9.8,1668
7.50,-29.9,24.5,3.0,-14.1,3345
7.60,-27.2,26.8,7.7,-19.0,1577
7.70,-26.2,26.8,10.8,-19.2,1339
7.80,-26.4,27.9,7.8,-17.7,1685
7.90,-24.9,27.6,12.5,-17.6,1810
8.00,-27.5,26.8,5.8,-15.5,2191
8.10,-27.8,26.2,6.9,-19.8,1532
8.20,-27.1,25.6,9.9,-12.1,2552
8.30,-29.0,24.8,5.9,-10.0,2800
8.40,-30.6,23.9,1.0,-20.1,2118
8.50,-26.3,22.9,12.5,-21.0,1313
8.60,-25.7,17.9,14.6,-8.9,2591
8.70,-40.8,5.8,-1.3,-17.4,3949
8.80,-35.4,11.0,4.7,-19.4,3066
8.90,-38.3,8.1,1.5,-30.8,1703
9.00,-27.9,18.0,11.1,-15.9,2440
9.10,-27.2,27.1,6.5,-15.9,2349
9.20,-28.0,27.2,-1.6,-14.9,3154
9.30,-27.9,26.9,2.9,-27.1,965
9.40,-29.2,26.2,-10.9,-17.4,2912
9.50,-29.7,25.5,-11.8,-9.4,4901
9.60,-24.7,24.7,14.5,-20.8,1469
9.70,-20.0,23.8,20.4,-18.5,1342
9.80,-26.8,22.9,12.5,-30.2,918
9.90,-31.3,21.9,5.4,-17.9,2264
10.00,-32.1,21.0,4.7,-31.8,1068
10.10,-29.5,19.6,9.9,-16.7,2228
10.20,-30.8,17.0,8.9,-15.7,2272
10.30,-36.0,12.4,1.4,-6.4,4714
10.40,-33.1,8.8,7.2,-14.3,3274
10.50,-27.4,21.6,11.9,-20.6,1494
10.60,-25.4,27.0,11.9,-20.8,1270
10.70,-28.3,27.0,-6.7,-11.1,3817
10.80,-28.7,26.3,-1.9,-8.2,3910
10.90,-27.3,26.1,9.1,-17.7,2006
11.00,-27.5,27.2,3.1,-18.9,1722
11.10,-26.0,27.5,6.4,-24.3,1066
11.20,-21.2,28.4,17.6,-9.9,1767
11.30,-25.0,26.5,12.2,-17.4,1395
11.40,-27.2,25.4,9.9,-17.2,1721
11.50,-28.7,24.1,8.1,-27.4,901
11.60,-24.0,22.6,15.9,-15.0,1791
11.70,-30.2,21.2,7.8,-28.9,985
11.80,-25.6,23.0,14.0,-17.0,1670
11.90,-25.5,26.3,12.6,-14.2,2132
12.00,-26.0,25.3,12.4,-11.0,2622
12.10,-27.6,24.5,8.8,-18.2,2100
12.20,-29.9,23.2,3.6,-5.2,5019
12.30,-26.8,21.3,12.0,-15.2,2194
12.40,-26.6,6.8,14.0,-15.9,2124
12.50,-22.2,26.4,17.5,-16.3,1585
12.60,-25.5,26.2,12.6,-24.3,948
12.70,-27.4,25.1,10.1,-19.4,1638
12.80,-26.4,24.2,12.5,-27.7,809
12.90,-25.4,24.6,13.7,-14.8,2205
13.00,-28.9,20.5,10.5,-18.5,2092
13.10,-30.0,23.8,4.3,-13.3,2912
13.20,-27.6,26.2,7.3,-19.9,1412
13.30,-26.7,25.5,11.0,-16.4,1999
13.40,-27.9,26.4,5.6,-25.3,1092
13.50,-27.0,25.7,10.2,-15.8,2131
13.60,-29.1,25.4,3.5,-9.4,3342
13.70,-23.2,23.1,16.8,-7.8,2537
13.80,-34.5,4.6,6.0,-13.9,3252
13.90,-30.2,3.4,10.4,-18.7,2267
14.00,-25.6,26.4,12.3,-18.6,1687
14.10,-28.5,26.1,3.3,-26.5,1328
14.20,-25.7,25.1,13.0,-16.6,1765
14.30,-24.5,23.8,15.2,-20.5,1152
14.40,-28.7,24.6,6.4,-19.1,1660
14.50,-28.8,26.4,-1.8,-29.9,987
14.60,-26.3,26.2,10.0,-15.0,2008
14.70,-21.5,27.3,18.1,-6.4,1859
14.80,-25.8,27.0,11.0,-13.3,1875
14.90,-27.3,26.6,7.2,-19.8,1363
15.00,-28.3,26.0,4.6,-16.6,2074
15.10,-28.0,25.1,6.4,-10.7,3619
15.20,-25.2,24.4,13.6,-17.2,2078
15.30,-30.4,23.4,1.1,-6.0,4935
15.40,-27.3,22.3,11.9,-14.9,2361
15.50,-35.0,11.0,3.7,-7.9,4116
15.60,-36.4,4.8,3.6,-22.1,2410
15.70,-28.0,-11.9,12.7,-12.8,2116
15.80,-39.7,0.6,-0.6,-13.9,4734
15.90,-22.4,24.7,17.4,-9.8,2488
16.00,-27.9,27.1,0.4,-15.9,2492
16.10,-27.4,26.5,7.0,-16.8,1959
16.20,-26.4,26.3,10.8,-18.3,1581
16.30,-28.6,26.0,2.5,-17.2,2290
16.40,-24.5,25.2,14.7,-22.3,1106
16.50,-28.0,24.8,8.7,-16.0,1658
16.60,-27.6,24.0,10.1,-17.9,1766
16.70,-27.0,22.0,11.6,-10.5,3032
16.80,-25.8,27.4,9.8,-15.1,1635
16.90,-27.4,26.9,5.1,-18.3,1712
17.00,-28.2,26.9,-1.7,-20.2,1955
17.10,-23.9,26.3,15.1,-27.4,713
17.20,-27.7,25.3,8.9,-10.7,2754
17.30,-27.4,24.8,10.5,-28.5,746
17.40,-23.2,23.8,16.8,-24.6,867
17.50,-28.9,24.0,7.9,-31.8,827
17.60,-24.7,28.3,11.5,-28.9,837
17.70,-23.9,31.3,-3.8,-32.3,572
17.80,-23.2,32.0,1.7,-12.9,2142
17.90,-25.0,27.9,11.5,-20.9,1393
18.00,-27.4,24.1,10.5,-19.6,1468
18.10,-26.3,27.0,9.9,-12.9,1794
18.20,-27.5,27.2,2.0,-6.4,3857
18.30,-23.4,26.8,15.7,-13.3,1498
18.40,-27.0,26.2,9.4,-15.8,1548
18.50,-29.3,25.5,-2.2,-6.3,5431
18.60,-27.3,24.7,9.4,-14.3,2453
18.70,-26.3,24.0,12.7,-17.5,1812
18.80,-26.8,24.2,11.2,-12.1,2890
18.90,-24.9,15.3,15.5,-9.6,2924
19.00,-37.5,-1.3,3.1,-22.5,3043
19.10,-34.8,13.0,4.6,-15.9,3561
19.20,-27.6,-0.8,13.0,-17.0,1678
19.30,-23.3,20.6,16.7,-17.0,1548
19.40,-26.5,27.2,9.1,-30.0,698
19.50,-26.4,27.3,8.0,-19.3,1888
19.60,-24.8,26.9,13.1,-18.3,1224
19.70,-26.2,26.2,10.9,-13.9,1579
19.80,-22.7,25.4,17.0,-13.6,1418
19.90,-28.6,24.9,6.9,-18.3,1688
20.00,-28.7,26.4,-1.0,-24.4,1191
20.10,-30.7,24.4,-7.1,-38.8,504
20.20,-24.4,28.6,10.5,-14.0,1891
20.30,-24.6,27.6,12.5,-15.0,1888
20.40,-27.5,26.9,4.5,-15.1,2230
20.50,-28.2,26.4,1.2,-6.3,3363
20.60,-28.7,21.6,10.0,-9.4,3411
20.70,-29.7,-1.8,11.0,-23.2,2087
20.80,-22.8,-14.2,17.9,-15.6,2134
20.90,-26.5,-4.1,14.2,-30.5,971
21.00,-32.0,20.2,2.5,-8.3,4125
21.10,-28.6,25.6,3.3,-18.1,2423
21.20,-27.8,23.1,9.3,-13.2,2437
21.30,-25.1,24.3,14.3,-16.0,1680
21.40,-27.3,22.8,11.6,-23.1,1264
21.50,-26.1,27.0,10.5,-17.2,1775
21.60,-25.8,27.0,11.3,-17.0,1627
21.70,-28.1,27.0,0.2,-20.5,1712
21.80,-27.1,26.6,7.5,-21.5,1066
21.90,-29.4,25.8,-3.9,-18.2,2483
22.00,-27.1,25.1,10.1,-19.1,1538
22.10,-30.5,24.1,1.2,-13.3,3188
22.20,-28.2,23.1,10.3,-24.7,1152
22.30,-32.1,19.5,4.5,-10.5,3222
22.40,-32.3,4.4,8.3,-24.6,1413
22.50,-25.9,4.7,14.8,-18.3,1677
22.60,-34.1,7.0,6.2,-26.9,1841
22.70,-33.9,16.1,5.1,-21.1,1863
22.80,-25.6,27.6,11.0,-16.7,1654
22.90,-26.3,27.2,8.7,-8.7,3012
23.00,-28.2,27.1,-10.0,-9.8,3647
23.10,-26.2,26.5,10.2,-20.8,1315
23.20,-28.0,25.7,5.5,-6.9,4084
23.30,-28.4,25.0,6.4,-22.8,1131
23.40,-30.0,24.1,2.1,-19.5,2471
23.50,-26.7,23.1,12.5,-25.3,781
23.60,-21.5,24.8,18.4,-13.8,1654
23.70,-22.8,27.2,16.2,-15.7,1554
23.80,-26.7,26.7,8.3,-16.1,2302
23.90,-27.8,27.3,-2.1,-16.6,2791
24.00,-26.8,26.7,6.6,-6.3,4213
24.10,-26.0,26.7,11.0,-15.3,2270
24.20,-27.9,26.7,4.6,-20.9,1488
24.30,-25.4,27.4,11.7,-14.5,1981
24.40,-26.5,27.3,7.8,-18.5,1457
24.50,-27.1,26.9,5.7,-15.0,1591
24.60,-24.9,26.4,13.6,-20.9,983
24.70,-25.8,27.0,11.3,-19.6,1347
24.80,-25.2,27.8,11.8,-26.5,986
24.90,-27.7,26.9,3.9,-13.4,2791
25.00,-27.2,27.2,6.1,-28.8,821
25.10,-28.8,25.9,2.2,-12.5,3091
25.20,-28.5,25.1,6.9,-23.8,1258
25.30,-25.7,23.5,13.5,-18.2,1462
25.40,-27.3,21.2,12.0,-31.0,965
25.50,-28.1,22.8,10.5,-20.9,1577
25.60,-25.9,27.2,10.7,-16.4,1835
25.70,-29.4,25.3,0.6,-10.8,3272
25.80,-29.6,7.3,10.9,-15.3,2560
25.90,-30.8,15.3,9.1,-17.4,1949
26.00,-27.2,26.8,7.8,-23.8,1044
26.10,-29.0,26.4,-5.9,-38.9,523
26.20,-25.8,26.9,11.1,-16.3,1996
26.30,-22.1,26.7,17.4,-12.4,1641
26.40,-28.3,25.4,6.9,-15.6,2242
26.50,-28.4,24.3,8.9,-15.4,2362
26.60,-26.4,22.7,12.9,-10.7,2836
26.70,-28.4,21.5,10.8,-19.1,1814
26.80,-26.5,20.8,13.3,-15.7,1709
26.90,-33.4,17.2,4.9,-17.7,2677
27.00,-28.8,19.3,10.4,-14.9,2458
27.10,-29.0,26.0,0.5,-14.9,2293
27.20,-27.5,26.2,8.1,-17.4,1808
27.30,-27.5,26.7,6.9,-17.4,2255
27.40,-27.7,25.7,8.2,-10.9,3007
27.50,-28.6,23.0,9.0,-8.3,3119
27.60,-29.3,10.5,11.1,-18.2,1930
27.70,-25.4,25.5,12.4,-17.1,1644
27.80,-27.7,26.1,7.2,-17.1,2255
27.90,-29.7,25.2,-0.1,-12.4,3001
28.00,-23.8,24.1,15.9,-13.5,1941
28.10,-25.0,24.7,13.3,-9.9,2685
28.20,-31.3,22.1,4.9,-19.5,1730
28.30,-33.9,20.6,-4.5,-15.0,4416
28.40,-27.1,27.1,6.6,-14.4,2581
28.50,-26.0,27.0,10.7,-21.7,1532
28.60,-24.3,26.6,14.2,-18.2,1532
28.70,-21.1,26.0,18.9,-15.5,1527
28.80,-25.9,25.2,12.6,-19.7,1442
28.90,-26.4,24.4,12.3,-17.4,2000
29.00,-22.5,23.5,17.6,-15.6,1401
29.10,-30.1,22.4,6.3,-22.4,1408
29.20,-40.5,11.7,-7.9,-13.5,4898
29.30,-28.0,3.6,12.6,-15.8,3110
29.40,-35.1,-0.5,5.5,-36.2,1159
29.50,-28.6,-11.1,12.0,-20.4,2162
29.60,-23.1,-12.9,17.6,-15.2,1719
29.70,-30.0,8.8,10.5,-27.8,1198
29.80,-27.4,21.3,10.3,-15.8,2486
29.90,-27.4,27.2,0.8,-5.6,4679
30.00,-22.4,25.8,17.3,-13.1,1532
30.10,-31.4,5.3,9.2,-26.8,1218
30.20,-39.4,13.3,-3.0,-34.6,1545
30.30,-23.1,27.2,15.9,-18.4,1371
30.40,-26.9,13.2,13.6,-23.8,1475
30.50,-18.1,27.2,22.1,-9.6,1546
30.60,-23.6,27.3,14.4,-12.2,1560
30.70,-26.1,27.0,9.5,-10.7,2696
30.80,-28.5,26.4,-0.1,-30.3,704
30.90,-25.4,25.8,12.0,-19.7,1309
31.00,-25.4,24.9,13.4,-11.9,2228
31.10,-30.2,24.0,1.6,-6.9,4114
31.20,-30.8,23.0,3.5,-10.8,2792
31.30,-30.8,19.6,7.8,-14.7,2504
31.40,-25.7,3.3,15.0,-18.7,1474
31.50,-32.7,0.7,7.9,-27.7,1542
31.60,-24.6,-13.1,16.1,-24.8,1073
31.70,-31.1,13.0,7.7,-7.7,4001
31.80,-27.8,27.2,0.5,-22.5,1507
31.90,-26.0,27.1,10.5,-23.9,1006
32.00,-24.3,26.9,14.3,-14.2,1353
32.10,-28.0,26.4,5.7,-18.2,1732
32.20,-27.9,25.6,8.1,-23.4,1443
32.30,-30.4,24.9,-5.2,-15.0,2678
32.40,-27.8,23.9,10.0,-25.0,1015
32.50,-28.0,23.0,10.5,-19.4,1437
32.60,-36.5,17.6,-4.9,-14.7,4269
32.70,-30.8,-12.9,9.9,-29.7,1236
32.80,-30.8,-2.6,9.8,-28.7,1054
32.90,-33.0,12.7,7.1,-31.6,1245
33.00,-34.1,18.2,1.0,-42.5,804
33.10,-28.2,27.2,-6.2,-27.6,1115
33.20,-24.2,27.1,13.3,-16.6,1578
33.30,-24.9,26.8,12.8,-14.6,2219
33.40,-22.4,26.3,17.0,-13.6,1704
33.50,-24.9,25.6,14.0,-15.9,1712
33.60,-28.5,24.8,6.2,-3.3,3909
33.70,-29.3,23.9,5.6,-18.0,2023
33.80,-31.8,22.9,-1.9,-18.6,2824
33.90,-26.0,25.9,11.9,-23.0,1043
34.00,-25.7,27.1,11.1,-22.1,933
34.10,-25.4,26.9,12.1,-19.0,1508
34.20,-25.4,26.5,11.5,-21.7,1099
34.30,-27.5,26.1,8.1,-19.9,1642
34.40,-27.8,25.8,7.9,-14.3,2291
34.50,-24.6,24.9,14.8,-25.1,926
34.60,-23.6,26.8,15.5,-21.8,1021
34.70,-25.6,26.3,12.5,-21.9,995
34.80,-24.0,25.4,15.4,-22.9,1072
34.90,-22.4,24.3,17.7,-17.8,1201
35.00,-27.4,26.9,5.9,-26.8,947
35.10,-28.0,26.5,3.9,-28.3,1035
35.20,-27.7,26.7,5.1,-38.0,689
35.30,-27.9,27.2,-1.8,-29.3,871
35.40,-25.5,26.9,11.6,-20.3,1323
35.50,-24.0,26.4,14.3,-19.8,979
35.60,-27.4,25.8,8.6,-17.5,2033
35.70,-27.6,25.0,8.6,-11.3,3201
35.80,-31.3,24.1,-10.7,-29.0,1263
35.90,-25.2,23.2,14.0,-18.6,1548
36.00,-32.4,20.8,3.5,-21.2,1977
36.10,-28.8,-4.6,11.8,-20.9,1750
36.20,-28.6,-8.5,12.1,-25.2,1221
36.30,-24.5,-9.0,16.2,-19.8,1359
36.40,-22.7,-15.2,18.0,-18.2,1351
36.50,-38.0,-12.6,1.5,-10.7,4908
36.60,-31.2,-0.6,9.3,-15.0,3050
36.70,-28.3,26.3,4.1,-21.7,1746
36.80,-27.6,27.2,3.9,-9.8,2978
36.90,-32.8,20.6,2.6,-25.4,1694
37.00,-25.9,-6.2,14.8,-15.9,1878
37.10,-23.2,23.2,16.0,-18.8,1086
37.20,-23.6,24.1,15.5,-22.8,996
37.30,-23.4,21.0,16.7,-25.9,764
37.40,-24.7,27.5,12.9,-29.0,614
37.50,-25.0,27.4,12.4,-25.0,875
37.60,-25.5,27.9,10.9,-31.3,764
37.70,-26.2,26.3,11.3,-29.3,1257
37.80,-28.8,25.5,3.6,-41.5,723
37.90,-30.7,24.7,-9.3,-18.3,2671
38.00,-25.7,23.7,12.9,-18.6,1580
38.10,-28.5,22.6,9.6,-22.2,1189
38.20,-26.9,13.2,13.4,-21.6,1714
38.30,-33.1,10.4,6.5,-7.0,3604
38.40,-35.6,10.3,4.2,-20.5,2156
38.50,-27.3,4.6,13.3,-22.2,1568
38.60,-29.5,23.4,6.8,-25.4,1127
38.70,-21.6,26.5,18.1,-11.4,1898
38.80,-26.9,25.8,9.5,-9.8,2557
38.90,-29.5,24.6,3.2,-16.3,2023
39.00,-29.8,23.2,7.1,-27.2,936
39.10,-29.2,21.7,9.0,-14.9,2699
39.20,-31.6,21.0,4.6,-18.6,2728
39.30,-24.6,26.4,14.1,-14.7,1574
39.40,-27.8,25.9,8.1,-17.8,1811
39.50,-30.0,24.9,-0.7,-12.7,3692
39.60,-31.0,23.9,-0.5,-16.1,3219
39.70,-32.9,22.1,-3.1,-24.5,2413
39.80,-41.3,11.3,-4.7,-43.0,1223
39.90,-30.1,24.0,3.1,-21.7,1909
40.00,-27.9,26.2,6.3,-20.2,1575
40.10,-26.8,25.4,11.1,-18.6,1884
40.20,-26.5,24.2,12.3,-18.8,1605
40.30,-27.8,22.8,11.1,-22.6,1438
40.40,-29.3,21.0,9.3,-12.6,2851
40.50,-27.2,21.9,11.6,-8.5,2436
40.60,-28.5,26.2,-1.3,-4.6,3216
40.70,-26.8,25.4,10.3,-17.1,1825
40.80,-28.0,26.2,5.7,-13.4,2237
40.90,-26.9,25.7,9.9,-25.3,1145
41.00,-23.7,24.8,15.9,-20.1,1244
41.10,-28.9,24.3,7.0,-13.5,2463
41.20,-28.2,14.6,11.6,-12.5,3035
41.30,-29.1,15.5,11.0,-16.2,2495
41.40,-24.3,25.0,15.1,-12.6,2280
41.50,-26.1,26.4,9.9,-15.5,1593
41.60,-29.7,25.5,-2.3,-12.2,3391
41.70,-25.7,24.4,13.4,-13.8,2000
41.80,-28.5,23.0,8.4,-12.8,2592
41.90,-25.2,26.2,13.1,-12.2,1909
42.00,-25.9,25.6,11.4,-9.4,2769
42.10,-25.6,26.8,11.6,-11.5,2749
42.20,-28.1,27.1,-4.0,-17.3,2406
42.30,-27.2,26.7,6.7,-15.3,2364
42.40,-27.5,26.1,8.4,-19.4,1681
42.50,-27.5,25.4,9.1,-12.2,2588
42.60,-29.1,24.6,5.1,-10.3,2746
42.70,-25.0,23.7,14.6,-18.5,1777
42.80,-27.6,25.1,7.7,-25.1,1038
42.90,-34.2,16.4,3.3,-9.9,3633
43.00,-41.6,11.2,-8.1,-26.4,1780
43.10,-27.5,17.8,12.4,-16.2,2203
43.20,-33.9,-2.9,6.1,-10.4,4044
43.30,-36.1,-6.2,2.4,-5.1,4878
43.40,-38.0,0.3,2.0,-12.8,3431
43.50,-26.2,16.9,13.8,-15.9,1910
43.60,-24.6,27.3,13.5,-19.6,1194
43.70,-25.6,26.8,10.8,-14.5,2282
43.80,-43.6,5.7,-6.8,-18.9,3399
43.90,-23.7,3.8,16.9,-13.5,2113
44.00,-21.1,27.3,18.6,-10.0,1830
44.10,-31.7,16.0,7.7,-14.4,2849
44.20,-25.8,26.2,12.1,-14.7,1987
44.30,-26.9,27.3,7.3,-16.5,1900
44.40,-25.3,27.1,12.1,-12.2,2380
44.50,-25.6,26.7,12.0,-11.4,1926
44.60,-27.6,25.8,8.0,-8.2,3278
44.70,-30.1,25.2,-7.0,-16.0,2197
44.80,-25.3,24.3,13.7,-18.9,1523
44.90,-23.1,23.3,16.7,-14.2,1899
45.00,-29.3,23.8,6.8,-7.5,3641
45.10,-25.7,27.1,11.4,-14.9,1970
45.20,-25.1,26.6,13.1,-13.6,2113
45.30,-26.5,26.5,10.0,-17.7,1686
45.40,-25.6,24.8,13.2,-24.7,892
45.50,-26.5,27.9,6.0,-17.3,1546
45.60,-25.5,27.3,11.2,-16.1,1792
45.70,-23.8,27.1,15.0,-17.0,1909
45.80,-27.1,26.5,7.7,-22.8,1294
45.90,-28.6,26.1,1.4,-17.9,2472
46.00,-23.5,25.6,15.9,-26.0,903
46.10,-24.8,24.2,14.4,-19.5,1447
46.20,-31.9,23.1,-2.1,-21.8,1866
46.30,-34.1,19.2,-1.8,-10.4,3639
46.40,-24.4,-6.1,16.2,-16.2,1711
46.50,-27.1,-8.7,13.6,-17.1,2543
46.60,-23.3,-9.5,17.4,-18.7,1415
46.70,-23.1,10.8,17.5,-16.6,1547
46.80,-21.8,27.6,17.6,-11.6,1659
46.90,-25.1,27.2,11.0,-23.4,910
47.00,-20.0,27.0,19.9,-19.8,1169
47.10,-23.6,26.5,15.6,-24.2,873
47.20,-24.8,25.7,13.8,-17.7,1405
47.30,-27.2,24.9,9.7,-20.2,1504
47.40,-28.8,24.0,7.9,-10.6,2776
47.50,-28.8,23.0,8.2,-11.9,2484
47.60,-28.8,24.8,5.4,-13.0,2616
47.70,-25.9,27.3,10.6,-30.0,773
47.80,-24.1,27.0,14.2,-20.5,1293
47.90,-27.9,26.6,3.8,-18.3,1756
48.00,-23.9,24.6,15.7,-11.3,2019
48.10,-32.5,14.3,7.5,-22.1,1732
48.20,-30.7,12.6,9.7,-19.2,2197
48.30,-32.8,12.8,7.3,-22.8,1850
48.40,-38.2,13.6,-0.5,-25.3,1918
48.50,-23.7,26.4,14.9,-13.5,2048
48.60,-29.8,23.0,3.4,-6.4,4314
48.70,-24.5,24.2,14.9,-10.2,2332
48.80,-25.1,23.3,14.3,-18.3,1438
48.90,-26.9,25.4,9.8,-15.2,2021
49.00,-26.7,27.7,5.5,-9.8,3143
49.10,-27.3,27.4,3.9,-17.9,2008
49.20,-25.0,26.7,13.0,-16.9,1665
49.30,-28.7,26.0,1.9,-15.5,2741
49.40,-26.2,25.3,12.2,-21.4,1214
49.50,-25.7,24.3,13.5,-17.1,1778
49.60,-27.4,23.3,11.4,-23.8,1075
49.70,-26.3,23.3,12.9,-12.8,1997
49.80,-30.7,23.4,-0.1,-10.4,3301
49.90,-28.0,26.4,1.8,-25.0,1261
50.00,-24.5,27.3,12.1,-19.1,1643
50.10,-25.1,20.4,14.9,-20.0,1402
50.20,-23.1,25.9,16.3,-17.0,1583
50.30,-25.3,27.2,11.8,-15.7,1720
50.40,-27.3,27.3,4.9,-10.7,2762
50.50,-28.0,26.9,2.7,-13.4,2285
50.60,-25.5,26.5,12.2,-15.9,1733
50.70,-27.0,26.0,10.0,-30.5,899
50.80,-27.6,24.7,9.7,-18.1,1957
50.90,-23.8,23.7,16.2,-20.9,1151
51.00,-29.9,23.9,4.2,-17.3,2256
51.10,-28.2,27.2,-7.8,-18.9,1882
51.20,-27.7,26.4,4.2,-18.1,1769
51.30,-26.8,27.4,6.2,-21.4,1415
51.40,-25.7,26.9,11.6,-16.9,1492
51.50,-27.9,26.6,4.3,-12.0,2713
51.60,-26.0,26.3,11.5,-16.1,1714
51.70,-24.9,27.0,13.3,-19.7,1430
51.80,-26.9,27.3,7.1,-30.5,639
51.90,-25.5,26.9,12.0,-16.5,1820
52.00,-24.0,26.4,15.0,-29.2,842
52.10,-28.1,25.0,8.0,-14.4,2300
52.20,-27.0,27.4,6.0,-23.4,1021
52.30,-24.4,27.5,13.7,-18.7,1335
52.40,-26.7,27.1,8.9,-24.7,1304
52.50,-29.2,25.9,-2.8,-18.1,2507
52.60,-27.8,24.9,8.9,-16.5,2604
52.70,-27.4,23.4,9.9,-13.9,1865
52.80,-22.2,22.1,18.1,-14.6,1592
52.90,-22.5,20.3,18.0,-17.4,1250
53.00,-20.0,27.4,19.9,-17.2,1135
53.10,-25.3,26.0,12.7,-12.5,2313
53.20,-29.5,16.0,10.2,-9.4,3101
53.30,-28.6,11.2,11.9,-25.7,1166
53.40,-31.2,11.4,9.0,-27.2,1103
53.50,-28.0,0.5,12.5,-14.9,2427
53.60,-33.0,8.0,7.4,-24.7,1572
53.70,-27.1,2.0,13.5,-21.2,1498
53.80,-26.2,-5.5,14.4,-12.3,2029
53.90,-27.9,-1.8,12.7,-18.1,1870
54.00,-30.3,3.8,10.2,-14.9,2348
54.10,-32.4,3.8,8.1,-14.5,2399
54.20,-28.1,-8.0,12.6,-20.3,1659
54.30,-39.5,-2.1,1.1,-26.1,1858
54.40,-30.0,2.4,10.6,-25.6,1191
54.50,-27.9,26.5,4.8,-8.9,3278
54.60,-25.8,26.1,12.3,-16.7,1754
54.70,-23.4,26.0,16.1,-13.8,2014
54.80,-27.8,26.3,5.3,-11.1,2337
54.90,-33.9,17.2,1.2,-7.1,4280
55.00,-28.9,-14.2,11.7,-15.7,2493
55.10,-27.2,22.4,9.8,-18.3,1825
55.20,-27.8,26.5,3.9,-21.3,1427
55.30,-22.2,25.7,17.3,-17.3,1637
55.40,-27.3,24.6,9.0,-16.9,2185
55.50,-25.9,24.0,12.6,-11.8,2667
55.60,-29.0,25.2,3.9,-20.1,1962
55.70,-27.8,11.4,12.7,-16.1,2361
55.80,-25.2,28.6,8.4,-15.7,1906
55.90,-27.1,27.3,2.9,-18.3,1851
56.00,-27.5,27.8,-5.7,-15.5,2518
56.10,-27.9,26.8,-1.6,-18.6,1993
56.20,-26.2,25.8,11.8,-15.1,1852
56.30,-23.9,24.7,15.7,-20.3,1160
56.40,-25.2,23.8,14.3,-15.5,1805
56.50,-29.3,22.9,7.5,-5.7,3187
56.60,-21.5,17.2,19.0,-9.3,2539
56.70,-22.1,-16.6,18.5,-15.4,1585
56.80,-29.9,4.6,10.7,-12.4,2739
56.90,-28.5,-6.8,12.2,-27.5,1191
57.00,-34.2,-0.8,5.9,-9.7,3599
57.10,-33.7,-7.5,6.9,-19.7,2522
57.20,-23.5,12.7,17.1,-18.2,1594
57.30,-23.3,27.2,15.4,-17.9,1420
57.40,-28.0,27.2,-1.9,-14.5,2733
57.50,-24.2,26.9,13.7,-13.4,2315
57.60,-22.4,26.4,17.3,-15.6,1568
57.70,-28.7,25.7,2.8,-12.6,3130
57.80,-26.5,25.3,11.5,-22.7,1254
57.90,-28.2,26.5,3.8,-17.4,2267
58.00,-24.4,27.2,14.0,-23.0,1217
58.10,-24.0,26.9,14.7,-12.1,1883
58.20,-26.0,26.5,10.8,-12.9,1985
58.30,-26.6,25.5,10.7,-9.3,2933
58.40,-24.1,25.2,15.3,-16.8,1499
58.50,-25.8,25.2,12.2,-12.3,2102
58.60,-27.4,27.4,3.5,-12.3,2377
58.70,-26.8,27.1,7.7,-18.0,2039
58.80,-25.9,27.1,10.5,-14.6,2139
58.90,-22.9,26.4,15.9,-16.6,1668
59.00,-22.3,25.4,17.4,-17.7,1387
59.10,-26.3,24.7,12.2,-23.1,1318
59.20,-25.3,27.3,12.1,-16.6,1940
59.30,-27.2,27.4,6.0,-30.1,803
59.40,-26.8,27.5,7.3,-19.8,1537
59.50,-28.1,26.4,4.0,-15.1,1861
59.60,-26.0,25.7,12.1,-17.6,1663
59.70,-25.6,25.0,12.8,-24.8,1125
59.80,-28.0,24.1,9.2,-19.7,1591
59.90,-24.9,23.2,14.9,-19.4,1205
60.00,-31.5,21.0,5.0,-11.7,2803
60.10,-30.2,11.4,9.9,-11.3,3278
60.20,-38.6,3.0,-1.6,-7.4,6059
60.30,-24.8,-5.1,15.9,-17.6,1766
60.40,-29.8,3.7,10.5,-13.7,3214
60.50,-28.3,27.0,-5.6,-17.7,1773
60.60,-27.2,27.1,5.9,-29.6,815
60.70,-26.5,26.9,9.3,-15.7,2103
60.80,-26.3,26.4,10.7,-20.4,1351
60.90,-22.8,25.7,16.9,-14.7,1717
61.00,-27.2,25.1,10.4,-14.7,1991
61.10,-29.2,24.1,5.3,-11.1,3360
61.20,-27.8,23.0,10.7,-15.3,1830
61.30,-28.0,24.6,9.0,-14.4,2313
61.40,-27.4,27.1,4.4,-3.9,3716
61.50,-25.2,26.9,12.3,-13.2,2115
61.60,-25.2,26.6,12.7,-17.0,2253
61.70,-27.5,25.7,9.0,-13.4,2331
61.80,-27.7,25.3,9.0,-16.0,1986
61.90,-29.1,24.6,6.5,-23.5,1644
62.00,-26.5,26.6,10.0,-24.5,1193
62.10,-28.3,26.4,3.5,-34.3,670
62.20,-26.3,25.6,11.6,-18.1,1584
62.30,-28.4,24.7,8.0,-30.2,1097
62.40,-27.2,25.6,9.4,-18.1,2069
62.50,-28.7,26.6,-2.4,-43.0,651
62.60,-28.4,26.3,2.6,-16.2,2319
62.70,-26.6,27.4,8.3,-15.0,2103
62.80,-24.7,27.0,13.3,-13.5,1744
62.90,-27.4,26.6,7.4,-24.6,1107
63.00,-25.8,25.9,11.8,-17.5,1455
63.10,-23.2,25.2,16.4,-19.1,1190
63.20,-27.6,24.3,10.3,-19.4,1375
63.30,-26.8,23.5,11.6,-19.8,1254
63.40,-26.4,22.3,12.8,-17.7,1486
63.50,-27.5,11.0,13.1,-12.7,2031
63.60,-27.8,-5.2,12.9,-18.1,2110
63.70,-23.6,-16.8,17.1,-18.0,1721
63.80,-26.6,6.1,14.0,-22.0,1363
63.90,-27.9,25.5,7.8,-13.8,2350
64.00,-27.6,27.2,4.3,-26.0,1145
64.10,-24.8,27.0,12.6,-12.6,2298
64.20,-27.1,26.5,7.2,-13.2,2340
64.30,-28.1,25.9,5.8,-13.5,2782
64.40,-29.5,25.2,-1.6,-25.8,1082
64.50,-23.0,24.3,17.0,-18.3,1356
64.60,-27.0,23.3,12.0,-23.7,1133
64.70,-30.7,22.2,4.3,-16.2,2800
64.80,-26.5,22.0,13.0,-15.5,1563
64.90,-31.4,19.7,6.1,-18.6,2187
65.00,-29.6,17.8,10.2,-14.1,2811
65.10,-25.1,16.8,15.3,-15.6,1788
65.20,-33.0,8.6,6.8,-10.3,3438
65.30,-27.6,-7.3,13.1,-14.8,2405
65.40,-29.2,24.5,4.8,-11.2,3425
65.50,-24.6,27.0,13.6,-17.5,1161
65.60,-27.9,26.9,3.3,-13.1,2643
65.70,-25.4,26.5,12.5,-19.2,1247
65.80,-27.3,26.3,7.0,-11.1,3031
65.90,-26.3,27.3,8.8,-22.1,1305
66.00,-28.2,26.6,3.1,-17.0,2058
66.10,-24.2,26.5,14.6,-18.1,1331
66.20,-29.3,25.9,-2.8,-18.9,2284
66.30,-28.8,24.8,5.7,-20.6,1894
66.40,-25.6,23.4,13.9,-13.8,1999
66.50,-31.9,21.8,0.7,-5.2,4743
66.60,-32.9,20.1,3.6,-19.5,2007
66.70,-28.6,25.7,4.6,-14.0,2432
66.80,-28.0,26.2,6.1,-18.2,1794
66.90,-28.2,25.0,7.9,-9.3,3198
67.00,-25.8,25.0,12.7,-13.0,2217
67.10,-29.9,22.8,6.8,-16.2,2714
67.20,-31.6,16.7,8.0,-21.8,2314
67.30,-33.0,19.9,1.5,-12.7,4079
67.40,-27.4,26.5,7.2,-23.4,1216
67.50,-29.4,25.8,-2.4,-15.8,2359
67.60,-24.6,24.6,14.7,-21.7,1408
67.70,-24.2,23.2,15.7,-15.1,1791
67.80,-31.3,22.0,4.0,-20.0,1782
67.90,-30.1,23.9,3.4,-19.8,1700
68.00,-25.5,29.3,5.5,-15.4,2036
68.10,-27.6,27.0,4.6,-16.0,2648
68.20,-23.7,26.5,15.3,-12.4,2310
68.30,-26.2,26.2,11.3,-15.7,1916
68.40,-28.3,25.2,7.6,-13.4,3021
68.50,-29.0,24.3,6.9,-14.4,2722
68.60,-34.2,17.6,0.9,-8.4,4449
68.70,-28.0,3.2,12.7,-18.8,1978
68.80,-26.5,21.4,12.0,-18.1,1861
68.90,-28.6,26.4,1.3,-34.0,873
69.00,-28.5,25.7,6.0,-20.0,1995
69.10,-30.6,24.7,-6.2,-16.6,3307
69.20,-27.8,22.0,10.3,-14.2,2417
69.30,-25.4,26.4,11.9,-17.7,1506
69.40,-27.0,25.9,8.6,-24.9,1215
69.50,-26.1,26.7,10.5,-18.4,1723
69.60,-23.6,27.0,15.0,-20.3,1334
69.70,-23.6,26.7,15.5,-20.0,1133
69.80,-21.7,26.2,18.1,-25.5,773
69.90,-24.8,25.7,14.1,-24.9,868
70.00,-30.3,24.9,-3.3,-25.6,1538
70.10,-31.0,23.9,-3.3,-12.3,3105
70.20,-23.3,22.9,16.8,-15.3,1646
70.30,-30.0,19.2,8.1,-22.0,1317
70.40,-31.4,-8.8,9.2,-27.3,1231
70.50,-30.2,3.2,10.4,-30.7,934
70.60,-23.4,-12.0,17.3,-24.9,824
70.70,-20.2,-11.3,20.5,-20.4,1067
70.80,-25.6,8.3,15.1,-24.4,1119
70.90,-32.5,15.5,7.2,-26.6,1048
71.00,-24.6,27.1,13.7,-16.6,1642
71.10,-27.8,27.2,0.7,-32.1,839
71.20,-37.8,17.3,-14.1,-36.7,1655
71.30,-47.8,-15.4,-9.0,-18.1,3942
71.40,-23.7,25.0,15.8,-10.0,2109
71.50,-28.6,22.1,8.8,-15.7,1680
71.60,-29.4,23.2,4.4,-26.2,1005
71.70,-25.5,27.4,11.5,-26.1,901
71.80,-25.7,27.2,11.4,-20.7,942
71.90,-27.6,26.7,4.7,-12.8,2617
72.00,-25.7,26.0,12.3,-11.0,2013
72.10,-26.9,25.3,11.0,-20.4,1385
72.20,-25.1,24.5,14.1,-20.3,1449
72.30,-27.1,23.9,11.0,-19.1,1682
72.40,-31.4,22.5,0.8,-10.2,4053
72.50,-33.2,11.7,7.1,-27.2,1523
72.60,-50.7,-8.2,-10.4,-33.4,2307
72.70,-29.7,-10.1,10.7,-9.6,3210
72.80,-27.4,-5.6,13.3,-13.5,2916
72.90,-26.6,24.8,11.4,-17.1,1346
73.00,-26.3,27.1,9.7,-27.0,750
73.10,-25.5,27.0,12.1,-29.4,725
73.20,-26.5,26.6,10.1,-11.7,2322
73.30,-28.0,26.0,6.9,-13.7,1972
73.40,-26.5,24.9,11.8,-25.0,1423
73.50,-25.2,25.8,12.7,-22.9,1237
73.60,-31.7,22.5,1.3,-31.2,1028
73.70,-31.8,22.7,-8.7,-15.6,2037
73.80,-30.5,8.8,9.1,-17.0,2510
73.90,-29.1,-6.5,11.6,-29.0,1092
74.00,-28.7,-8.7,11.9,-23.6,1363
74.10,-33.3,0.5,7.2,-19.7,2262
74.20,-25.9,26.3,11.3,-16.6,1573
74.30,-27.4,27.2,4.5,-11.9,2633
74.40,-28.1,27.0,-1.4,-23.1,1567
74.50,-24.9,26.5,13.4,-28.3,674
74.60,-26.9,26.0,9.3,-14.1,1722
74.70,-29.8,25.2,-2.8,-8.2,3167
74.80,-26.3,24.2,12.6,-27.9,833
74.90,-27.2,23.3,11.8,-30.2,706
75.00,-27.6,24.4,10.2,-37.3,666
75.10,-27.0,27.5,6.3,-32.5,696
75.20,-25.7,27.0,11.5,-28.5,723
75.30,-28.0,26.7,4.0,-24.2,1149
75.40,-28.6,26.2,2.1,-14.9,2555
75.50,-28.1,25.5,7.7,-22.2,1256
75.60,-29.1,24.7,6.2,-19.7,1820
75.70,-28.7,26.3,1.4,-33.4,724
75.80,-26.4,26.5,10.7,-28.4,847
75.90,-25.9,25.7,12.4,-12.8,1797
76.00,-28.0,24.6,8.2,-7.5,3618
76.10,-28.9,25.3,4.9,-19.7,1809
76.20,-28.2,26.6,2.6,-29.8,986
76.30,-27.1,26.2,8.4,-14.0,2270
76.40,-25.6,27.3,10.7,-10.9,2188
76.50,-27.5,27.1,4.1,-26.3,1016
76.60,-26.8,26.7,9.3,-39.0,524
76.70,-27.2,26.0,9.3,-34.2,699
76.80,-29.1,25.5,2.6,-28.4,1035
76.90,-29.2,24.6,3.9,-27.0,1032
77.00,-28.8,23.6,7.9,-19.3,1091
77.10,-27.2,22.5,12.0,-29.8,996
77.20,-28.1,12.3,12.4,-19.0,1819
77.30,-41.5,0.7,-4.2,-10.9,5320
77.40,-25.0,-16.3,15.7,-19.5,1555
77.50,-29.7,-11.9,11.0,-28.7,1064
77.60,-33.5,6.1,7.0,-34.5,1057
77.70,-33.8,-1.6,6.8,-27.1,1522
77.80,-25.1,20.7,14.7,-17.1,1840
77.90,-26.2,27.3,9.9,-26.3,1006
78.00,-26.6,26.6,9.2,-34.9,616
78.10,-33.0,17.0,6.0,-38.5,1004
78.20,-29.5,14.7,10.7,-32.4,1109
78.30,-25.8,27.3,9.7,-15.4,2232
78.40,-32.4,15.2,6.2,-23.3,1766
78.50,-25.4,27.5,11.6,-22.3,1122
78.60,-27.8,27.3,-3.5,-7.9,4310
78.70,-24.8,27.0,12.5,-19.2,1314
78.80,-23.7,26.5,15.4,-15.8,1463
78.90,-29.4,25.8,-4.8,-20.3,1762
79.00,-30.4,25.0,-12.1,-33.2,950
79.10,-31.3,24.1,-14.4,-42.9,514
79.20,-27.9,23.3,10.0,-28.8,1149
79.30,-27.4,21.6,12.0,-21.6,1385
79.40,-35.2,3.6,4.7,-9.9,3271
79.50,-23.4,-11.0,17.3,-19.3,1543
79.60,-34.3,-15.3,6.4,-21.4,1858
79.70,-28.8,12.4,11.3,-23.8,1449
79.80,-27.6,26.9,4.6,-14.0,2771
79.90,-28.1,26.2,4.1,-22.3,1652
80.00,-27.8,25.6,8.0,-26.6,1126
80.10,-27.9,24.0,9.9,-18.1,1981
80.20,-32.0,22.2,0.8,-14.3,3310
80.30,-38.0,17.1,-11.5,-34.0,1531
80.40,-54.9,-16.2,-14.4,-40.9,2205
80.50,-28.8,-2.3,11.9,-20.7,1433
80.60,-24.6,-10.2,16.1,-18.3,1418
80.70,-35.4,0.5,5.2,-27.7,1669
80.80,-33.7,6.5,6.2,-12.5,3236
80.90,-35.0,1.7,4.4,-10.7,4096
81.00,-25.4,-1.2,15.3,-17.4,1444
81.10,-27.8,-0.7,12.8,-20.0,1247
81.20,-31.4,4.9,9.1,-32.8,1133
81.30,-48.9,0.2,-9.5,-32.0,2511
81.40,-28.3,1.4,12.4,-29.2,1046
81.50,-33.8,-4.5,6.8,-22.4,2449
81.60,-33.0,10.6,6.9,-14.6,2669
81.70,-36.2,-0.0,4.3,-26.0,2232
81.80,-35.7,-3.8,4.9,-29.9,1612
81.90,-36.5,7.3,3.6,-27.6,2131
82.00,-35.3,0.1,5.2,-31.2,2098
82.10,-34.4,2.4,6.2,-22.5,2473
82.20,-32.5,3.8,8.1,-23.3,2317
82.30,-26.8,9.0,13.8,-12.5,2823
82.40,-31.1,12.6,9.1,-12.9,3395
82.50,-31.9,16.7,7.4,-13.7,3418
82.60,-45.7,-0.8,-6.3,-18.6,3524
82.70,-31.7,23.1,-3.5,-12.6,3630
82.80,-26.6,17.0,13.5,-13.9,2406
82.90,-24.2,11.5,16.4,-14.2,1983
83.00,-31.7,5.0,8.8,-14.4,3033
83.10,-41.1,4.8,-1.2,-25.3,2355
83.20,-24.6,26.3,13.9,-12.8,2127
83.30,-25.8,26.5,11.9,-14.5,2298
83.40,-24.2,26.8,14.4,-14.0,2213
83.50,-24.7,27.0,13.5,-15.1,1824
83.60,-27.5,26.9,5.4,-6.2,4234
83.70,-26.6,26.9,6.7,-11.4,3421
83.80,-24.0,26.8,14.6,-16.0,1936
83.90,-24.6,26.7,14.0,-22.8,1164
84.00,-21.5,25.0,18.4,-7.6,2444
84.10,-22.0,-0.1,18.7,-10.4,1936
84.20,-29.3,14.8,10.8,-20.9,1842
84.30,-25.7,18.7,14.6,-23.5,1386
84.40,-36.1,9.0,3.9,-16.9,2726
84.50,-34.7,13.3,4.6,-15.3,3206
84.60,-27.0,17.6,13.2,-22.6,1657
84.70,-26.6,25.5,11.0,-15.5,2234
84.80,-24.7,26.7,13.8,-22.2,1122
84.90,-31.9,21.0,3.6,-10.7,3546
85.00,-31.1,4.9,9.5,-26.3,1312
85.10,-26.5,-5.9,14.1,-10.0,2874
85.20,-31.8,-0.0,8.8,-26.5,1399
85.30,-29.2,20.2,10.1,-16.0,2142
85.40,-27.0,27.1,6.9,-20.7,1192
85.50,-23.1,26.6,15.9,-14.2,1671
85.60,-26.0,26.6,11.2,-17.9,1384
85.70,-28.0,26.2,5.3,-30.4,918
85.80,-32.8,14.1,7.2,-26.6,1407
85.90,-29.7,16.8,10.4,-29.0,1115
86.00,-32.2,17.0,6.2,-8.4,4229
86.10,-27.6,11.6,12.8,-13.8,2200
86.20,-33.1,17.0,5.5,-12.8,3080
86.30,-24.9,12.5,15.6,-17.7,1864
86.40,-24.5,-2.3,16.2,-26.3,1005
86.50,-34.5,14.8,4.8,-41.4,806
86.60,-28.7,23.7,7.4,-15.8,2199
86.70,-28.2,26.7,1.7,-19.4,1530
86.80,-25.6,27.0,11.9,-16.0,1964
86.90,-27.3,26.9,6.5,-19.4,1487
87.00,-26.3,26.9,10.1,-15.3,2347
87.10,-28.5,26.7,-2.4,-28.3,1116
87.20,-28.4,26.6,-1.3,-23.2,1171
87.30,-24.9,26.8,13.2,-16.2,1587
87.40,-28.8,26.3,-1.9,-11.5,3531
87.50,-29.1,14.4,10.5,-9.0,3327
87.60,-25.7,-1.8,15.0,-18.8,1542
87.70,-36.3,-3.2,0.8,-4.8,6275
87.80,-45.7,-19.7,-10.6,-11.9,5784
87.90,-30.8,23.8,-1.9,-17.2,3103
88.00,-28.3,26.5,1.6,-13.3,1953
88.10,-23.2,26.6,16.0,-15.2,1683
88.20,-22.6,26.8,16.8,-17.3,1477
88.30,-23.0,27.2,16.0,-13.1,2022
88.40,-28.6,26.5,-1.1,-31.9,935
88.50,-29.6,25.5,-2.4,-19.8,2502
88.60,-26.8,27.8,4.9,-23.4,1293
88.70,-24.9,27.0,12.6,-9.5,2165
88.80,-26.1,26.4,11.1,-11.6,2283
88.90,-27.0,26.3,8.3,-15.2,2044
89.00,-28.3,26.4,2.5,-7.9,3461
89.10,-26.6,26.3,10.0,-12.0,3189
89.20,-27.9,25.6,7.7,-8.9,3259
89.30,-25.8,26.3,11.6,-20.8,1342
89.40,-28.8,25.7,4.1,-18.8,2164
89.50,-26.5,26.2,10.8,-27.8,930
89.60,-27.4,26.1,7.5,-13.0,2863
89.70,-27.6,26.3,6.4,-10.5,2722
89.80,-25.8,26.0,12.0,-9.6,2696
89.90,-23.9,26.4,15.2,-16.3,1600
90.00,-26.9,25.8,9.3,-13.9,2706
90.10,-28.1,26.3,4.0,-14.5,2843
90.20,-26.8,26.3,9.3,-15.9,2137
90.30,-28.8,26.4,-3.1,-16.0,2621
90.40,-25.5,26.6,12.3,-20.9,1737
90.50,-27.4,26.3,8.2,-17.1,2029
90.60,-29.0,26.2,-1.8,-33.8,771
90.70,-26.5,26.6,9.6,-16.3,2421
90.80,-24.5,26.2,14.0,-8.0,1910
90.90,-30.2,18.8,7.2,-7.7,3908
91.00,-30.3,-8.7,9.6,-7.6,4174
91.10,-27.3,-10.9,12.9,-7.4,3735
91.20,-27.6,-10.7,13.1,-24.1,1402
91.30,-25.6,19.2,14.1,-14.8,2103
91.40,-24.8,26.3,13.8,-19.5,1304
91.50,-25.3,26.3,12.8,-18.0,1710
91.60,-28.1,26.4,4.1,-14.1,3215
91.70,-25.3,26.3,13.1,-15.6,2149
91.80,-25.8,26.3,12.1,-14.8,2032
91.90,-23.6,26.3,15.6,-17.1,1600
92.00,-28.1,26.2,5.4,-18.8,2178
92.10,-26.2,14.6,13.9,-15.8,1483
92.20,-27.1,25.3,6.9,0.1,4257
92.30,-23.2,26.4,16.1,-15.7,1251
92.40,-25.2,26.3,13.2,-14.9,2047
92.50,-22.1,26.3,17.6,-19.0,1221
92.60,-23.8,21.3,16.2,-8.6,2744
92.70,-26.2,-10.9,14.4,-14.1,2839
92.80,-31.1,19.4,7.2,-15.9,3015
92.90,-24.5,26.4,14.2,-21.4,1104
93.00,-25.2,26.5,12.5,-14.8,2155
93.10,-24.6,26.5,13.4,-13.3,1974
93.20,-26.8,26.3,8.5,-17.3,1840
93.30,-24.7,26.2,13.4,-12.0,2305
93.40,-33.7,10.3,5.6,-14.6,2859
93.50,-28.1,25.8,5.4,-14.2,2469
93.60,-26.4,26.2,10.8,-20.1,1399
93.70,-28.5,26.2,3.6,-10.0,3335
93.80,-25.8,26.2,12.2,-19.5,1351
93.90,-25.9,26.0,11.3,-13.8,2440
94.00,-28.4,26.1,4.3,-28.2,1102
94.10,-29.1,25.3,3.4,-11.4,3363
94.20,-24.3,26.2,14.6,-14.3,2095
94.30,-27.4,25.5,9.2,-9.4,3059
94.40,-26.2,26.1,11.4,-14.6,2237
94.50,-28.3,26.1,4.7,-9.0,3064
94.60,-25.6,24.8,12.9,-22.1,1265
94.70,-28.4,16.9,11.5,-18.8,1895
94.80,-28.3,26.4,3.4,-21.3,1545
94.90,-25.1,26.3,13.3,-15.6,1873
95.00,-25.9,26.2,12.0,-9.9,2354
95.10,-23.9,26.1,15.2,-15.2,1322
95.20,-26.9,25.8,8.8,-5.0,3611
95.30,-25.8,26.0,11.7,-11.0,2359
95.40,-28.9,25.3,4.1,-13.6,2819
95.50,-26.4,26.0,11.0,-23.0,1237
95.60,-28.7,25.1,6.1,-11.9,3114
95.70,-26.7,26.0,10.5,-20.8,1379
95.80,-25.8,26.0,12.4,-12.2,2480
95.90,-28.1,26.4,3.6,-16.1,2659
96.00,-28.9,25.6,3.3,-12.2,3218
96.10,-27.4,25.0,8.8,-13.3,2152
96.20,-32.0,17.7,5.5,-5.4,4957
96.30,-33.6,16.9,4.4,-17.1,2322
96.40,-27.8,1.7,12.8,-17.2,2390
96.50,-30.0,-9.5,10.7,-13.2,2450
96.60,-26.4,-3.3,14.2,-15.5,1613
96.70,-21.9,-4.7,18.8,-18.3,1360
96.80,-34.4,4.8,6.1,-21.6,1731
96.90,-25.9,24.9,11.5,-12.4,2744
97.00,-29.0,26.0,-5.7,-7.4,5312
97.10,-23.2,26.3,16.1,-11.1,1987
97.20,-23.5,26.5,15.6,-18.8,1310
97.30,-27.2,25.8,9.0,-11.8,2737
97.40,-28.3,26.1,3.9,-9.4,3148
97.50,-28.3,26.5,1.0,-6.8,4218
97.60,-28.9,26.3,-5.5,-9.2,4008
97.70,-24.4,25.5,14.3,-10.7,2467
97.80,-27.9,5.7,12.7,-14.2,2238
97.90,-33.0,12.1,7.2,-27.5,1578
98.00,-34.3,10.6,5.9,-16.5,2408
98.10,-28.9,-1.6,11.8,-22.8,1512
98.20,-24.7,22.5,15.1,-15.5,1816
98.30,-25.5,13.1,15.0,-17.5,1441
98.40,-28.5,23.7,8.8,-18.7,2082
98.50,-26.6,26.1,9.5,-23.7,1119
98.60,-27.9,22.3,10.9,-15.2,2562
98.70,-27.9,-6.0,12.8,-23.8,1274
98.80,-24.3,17.9,16.1,-11.9,2240
98.90,-22.5,18.7,17.9,-11.1,1768
99.00,-31.5,17.2,6.1,-8.5,4315
99.10,-28.5,26.3,2.6,-17.3,2010
99.20,-28.5,26.1,3.7,-12.5,3071
99.30,-26.4,26.3,9.8,-18.6,2075
99.40,-26.8,26.3,10.1,-25.8,1149
99.50,-28.2,12.2,12.1,-21.2,1557
99.60,-34.6,3.7,4.8,-8.3,4914
99.70,-34.2,-7.8,3.8,-5.6,4618
99.80,-29.0,8.8,11.6,-22.6,1899
99.90,-41.6,3.2,-1.8,-19.1,3741
100.00,-45.8,-3.1,-13.5,-11.7,6341
100.10,-39.9,-6.8,-0.0,-16.3,4856
100.20,-30.9,2.9,9.7,-14.7,3221
100.30,-27.3,20.4,11.7,-8.6,3617
100.40,-27.5,26.8,6.5,-12.7,3033
100.50,-23.0,26.3,16.4,-13.5,1705
100.60,-27.9,26.7,-0.1,-2.2,4980
100.70,-26.4,26.5,9.5,-11.2,2987
100.80,-23.8,26.5,15.3,-20.2,1395
100.90,-27.4,26.4,6.1,-20.0,1768
101.00,-26.3,26.6,9.9,-15.9,2360
101.10,-28.0,26.6,2.7,-10.3,3281
101.20,-28.2,16.4,11.6,-8.6,3256
101.30,-26.9,8.7,13.6,-18.0,1789
101.40,-30.6,4.4,9.4,-8.5,4295
101.50,-27.4,-10.0,13.2,-13.6,2450
101.60,-29.9,22.0,1.9,-1.9,4738
101.70,-28.1,26.5,3.8,-21.6,1571
101.80,-28.6,26.1,1.6,-9.5,3756
101.90,-27.3,26.5,7.3,-18.8,1720
102.00,-26.7,26.5,9.7,-16.9,1997
102.10,-23.5,26.6,15.5,-17.5,1462
102.20,-26.3,26.5,10.8,-18.7,1715
102.30,-28.1,26.4,3.9,-11.6,2738
102.40,-21.6,26.1,18.2,-16.8,1461
102.50,-23.4,26.8,15.0,-14.2,1388
102.60,-28.1,26.2,4.8,-25.2,995
102.70,-29.0,26.3,-7.3,-19.7,2442
102.80,-27.3,26.5,7.4,-10.4,3030
102.90,-25.6,25.7,12.1,-4.8,3269
103.00,-21.8,26.3,17.3,-15.5,1486
103.10,-21.7,25.8,18.2,-11.2,1843
103.20,-26.5,26.3,9.3,-18.2,1525
103.30,-29.2,26.1,-4.4,-16.3,2968
103.40,-22.2,26.2,17.3,-16.8,1570
103.50,-19.1,25.5,21.2,-8.5,1996
103.60,-24.5,26.2,13.8,-8.1,2941
103.70,-23.2,25.9,15.9,-15.1,1604
103.80,-24.1,26.8,14.6,-14.5,1958
103.90,-21.5,26.3,18.3,-14.5,1635
104.00,-21.8,26.3,17.9,-18.5,1337
104.10,-21.9,26.5,17.8,-17.2,1464
104.20,-27.8,26.4,3.5,-4.6,4649
104.30,-21.2,26.3,18.7,-13.5,1473
104.40,-27.7,26.3,5.7,-11.4,3031
104.50,-27.5,26.2,7.5,-6.4,3256
104.60,-23.4,21.1,16.6,-8.1,2908
104.70,-29.1,18.2,10.7,-25.2,1380
104.80,-33.1,15.0,6.3,-17.9,2816
104.90,-35.4,19.4,-6.1,-38.3,899
105.00,-26.4,23.7,11.6,-15.6,1928
105.10,-24.7,27.4,11.3,-19.1,1501
105.20,-22.8,27.2,16.2,-13.4,1743
105.30,-25.9,26.6,10.8,-8.3,2417
105.40,-23.5,26.4,15.7,-19.2,1178
105.50,-26.4,26.3,10.3,-17.8,1726
105.60,-25.4,26.4,12.4,-14.7,1850
105.70,-28.6,26.3,-3.2,-4.7,4934
105.80,-26.3,18.1,13.4,-24.1,1053
105.90,-20.6,24.4,19.5,-16.4,1518
106.00,-27.0,26.0,9.2,-31.6,673
106.10,-27.1,26.0,9.5,-19.2,1643
106.20,-27.6,26.3,7.1,-28.1,784
106.30,-27.5,23.3,10.9,-8.2,3155
106.40,-32.0,1.2,8.5,-14.6,3284
106.50,-28.0,15.9,11.3,-17.1,2262
106.60,-27.7,26.6,6.3,-12.8,2849
106.70,-28.5,26.4,-2.5,-5.2,5387
106.80,-26.8,26.5,8.5,-15.6,2295
106.90,-29.0,26.4,-8.0,-19.5,2053
107.00,-21.7,26.4,18.0,-14.7,1752
107.10,-30.2,16.3,9.8,-18.4,1712
107.20,-29.3,23.2,7.7,-11.0,3065
107.30,-24.6,26.7,13.8,-18.0,1711
107.40,-27.4,26.4,8.1,-16.6,2242
107.50,-27.5,26.3,8.0,-21.9,1325
107.60,-29.1,26.1,-3.9,-9.9,4579
107.70,-27.2,26.1,8.5,-27.1,1159
107.80,-22.8,25.1,17.0,-16.6,1738
107.90,-25.2,25.0,13.6,-15.0,2345
108.00,-27.3,25.7,9.3,-10.8,2644
108.10,-25.6,26.3,12.4,-17.5,1844
108.20,-28.5,26.3,2.3,-9.2,3030
108.30,-27.9,25.8,7.4,-20.0,1706
108.40,-40.2,7.8,-0.7,-29.2,1871
108.50,-30.1,24.5,1.1,-18.7,2209
108.60,-26.6,26.7,8.0,-19.7,823
108.70,-26.6,26.7,9.4,-9.9,2946
108.80,-28.1,26.3,4.0,-9.0,3655
108.90,-26.0,25.8,12.0,-11.3,2547
109.00,-27.8,25.9,7.1,-15.4,2484
109.10,-26.1,25.2,12.1,-11.7,2474
109.20,-24.2,26.1,14.8,-12.9,1676
109.30,-26.2,25.2,12.1,-11.8,2513
109.40,-24.5,25.9,14.4,-13.5,1725
109.50,-24.3,25.8,14.5,-10.0,2710
109.60,-28.2,25.8,5.3,-10.2,3375
109.70,-26.9,24.9,11.1,-12.6,2796
109.80,-41.0,0.8,-5.0,-7.7,5974
109.90,-34.2,-12.6,6.1,-15.2,3760
110.00,-27.3,5.1,13.2,-15.6,2004
110.10,-34.7,15.7,4.2,-30.3,1443
110.20,-36.9,10.4,0.8,-8.8,5256
110.30,-31.9,-2.0,8.6,-18.2,2394
110.40,-31.3,-9.9,9.4,-19.6,1890
110.50,-34.8,-12.2,5.9,-24.7,1882
110.60,-30.4,21.1,7.6,-14.8,2752
110.70,-27.6,25.6,7.0,-6.1,3740
110.80,-29.4,25.8,-6.4,-10.9,2991
110.90,-27.5,25.8,8.3,-26.4,938
111.00,-25.6,25.7,12.9,-27.0,946
111.10,-28.0,25.8,6.4,-27.9,1016
111.20,-26.7,25.7,9.4,-23.5,1422
111.30,-24.4,25.9,14.6,-27.0,1174
111.40,-29.6,25.6,-2.5,-32.3,871
111.50,-27.6,18.2,12.4,-21.1,1613
111.60,-28.5,19.4,11.2,-28.2,1125
111.70,-26.7,1.2,14.0,-27.8,965
111.80,-33.9,-5.5,6.6,-20.9,2447
111.90,-30.5,23.4,3.1,-11.1,3199
112.00,-28.7,26.2,2.2,-32.6,638
112.10,-23.6,25.9,15.7,-22.4,1226
112.20,-27.5,25.9,7.7,-25.9,876
112.30,-29.5,25.9,-9.1,-36.3,853
112.40,-28.8,25.9,-1.6,-8.9,4436
112.50,-24.6,25.8,14.4,-21.7,1006
112.60,-25.4,25.8,13.2,-28.4,876
112.70,-27.2,23.9,10.9,-31.2,751
112.80,-21.6,25.7,18.3,-32.9,533
112.90,-24.7,25.8,14.3,-32.0,923
113.00,-27.1,26.4,6.0,-40.3,704
113.10,-24.0,31.3,-7.0,-39.4,364
113.20,-24.1,30.2,9.0,-12.4,2102
113.30,-28.7,25.2,5.3,-10.2,3644
113.40,-28.5,25.7,4.9,-7.5,2965
113.50,-24.4,25.8,14.4,-16.3,1513
113.60,-25.0,23.9,14.5,-28.5,820
113.70,-27.1,25.8,8.3,-20.9,1479
113.80,-23.9,25.9,15.3,-23.5,1144
113.90,-22.5,25.9,17.0,-30.3,657
114.00,-26.5,23.2,11.8,-20.7,1240
114.10,-24.7,25.3,13.7,-18.6,1472
114.20,-26.3,24.4,12.1,-10.7,2997
114.30,-23.9,24.7,14.6,-3.8,3811
114.40,-18.6,24.8,21.8,-10.2,1583
114.50,-22.7,24.2,17.2,-11.7,1496
114.60,-24.9,25.1,14.3,-26.2,1043
114.70,-28.0,25.6,7.2,-24.0,1175
114.80,-25.7,25.7,12.7,-21.3,1508
114.90,-25.7,25.7,12.6,-22.7,1545
115.00,-26.5,25.8,11.2,-25.1,972
115.10,-26.2,25.8,11.1,-17.8,1228
115.20,-27.0,25.7,10.4,-19.9,1181
115.30,-27.2,23.1,11.6,-19.7,1319
115.40,-35.6,6.4,4.7,-25.4,1731
115.50,-26.0,15.6,14.2,-16.5,1714
115.60,-22.8,25.9,16.8,-20.7,887
115.70,-24.5,25.8,14.6,-17.2,1140
115.80,-23.7,25.8,15.6,-20.4,1019
115.90,-22.9,26.3,16.6,-20.9,957
116.00,-25.2,25.9,13.4,-27.8,971
116.10,-34.7,16.4,2.3,-32.4,1098
116.20,-24.2,24.9,15.3,-28.4,1076
116.30,-26.1,26.0,11.5,-23.3,1218
116.40,-20.4,25.9,19.7,-11.6,1775
116.50,-25.9,26.1,11.1,-15.6,1269
116.60,-32.6,21.7,-7.4,-7.8,5313
116.70,-29.5,4.4,11.1,-20.1,1774
116.80,-30.2,5.0,10.4,-30.1,1243
116.90,-27.4,11.1,13.2,-25.7,1503
117.00,-35.6,16.5,-0.6,-41.7,1048
117.10,-27.0,26.1,8.4,-21.1,1506
117.20,-25.9,21.7,13.8,-23.6,1291
117.30,-25.3,25.2,13.6,-19.6,1399
117.40,-27.1,25.4,9.5,-18.4,1351
117.50,-24.1,25.6,15.1,-15.3,1324
117.60,-26.6,25.8,9.8,-15.9,1337
117.70,-26.9,25.8,10.1,-16.4,1772
117.80,-23.3,25.8,16.2,-17.9,1343
117.90,-27.9,26.2,6.4,-35.3,609
118.00,-24.9,26.0,13.7,-32.3,706
118.10,-23.6,25.7,15.7,-23.9,937
118.20,-27.7,25.5,7.9,-21.2,1286
118.30,-27.7,22.8,11.1,-22.6,1239
118.40,-39.9,5.3,0.3,-34.6,1429
118.50,-27.6,19.0,12.4,-22.8,1395
118.60,-29.2,17.9,10.5,-14.1,2566
118.70,-32.6,12.7,7.4,-20.4,2491
118.80,-25.8,25.7,12.5,-23.3,1257
118.90,-27.3,25.5,9.2,-22.3,1418
119.00,-27.8,24.4,8.9,-24.3,1572
119.10,-29.5,24.9,0.8,-33.0,851
119.20,-33.4,21.9,-10.1,-38.8,747
119.30,-26.7,25.2,9.9,-20.2,1212
119.40,-24.5,24.3,15.0,-23.2,1073
119.50,-29.2,21.0,9.7,-19.4,2030
119.60,-31.7,21.9,3.3,-28.9,1115
119.70,-28.6,21.6,10.5,-15.0,2060
119.80,-31.1,20.3,7.4,-18.6,1776
119.90,-31.2,21.1,6.2,-20.9,1632
120.00,-27.3,24.0,11.1,-23.5,1355
120.10,-32.0,20.2,5.6,-18.4,1999
120.20,-27.4,20.3,12.4,-17.9,1909
120.30,-32.3,20.2,5.0,-22.7,1474
120.40,-35.0,18.3,0.9,-30.7,1219
120.50,-30.0,20.0,9.1,-22.4,1766
120.60,-29.4,22.6,8.5,-23.8,1662
120.70,-31.2,18.3,8.0,-20.8,2132
120.80,-36.2,17.9,-3.0,-26.7,1633
120.90,-26.3,19.5,13.6,-27.0,893
121.00,-27.0,17.4,13.0,-20.6,1274
121.10,-31.7,17.3,6.9,-23.4,1461
121.20,-27.9,17.3,12.2,-15.9,1886
121.30,-29.7,17.0,9.8,-19.7,1433
121.40,-24.9,19.5,15.3,-11.7,1930
