cut,frame,t,scene
1,67,2.236,0.562
2,152,5.072,0.907
3,333,11.111,0.382
4,401,13.380,0.213
5,437,14.581,0.574
6,534,17.818,0.200
7,603,20.120,0.517
8,676,22.556,0.233
9,728,24.291,0.163
10,784,26.159,0.262
11,991,33.066,0.698
12,1194,39.840,0.646
13,1290,43.043,0.560
14,1376,45.913,0.640
15,1498,49.983,0.359
16,1680,56.056,0.509
17,1814,60.527,0.242
18,1876,62.596,0.278
19,2037,67.968,0.337
20,2208,73.674,0.804
21,2480,82.749,0.141
22,2655,88.589,0.576
23,2883,96.196,0.324
24,3146,104.972,0.162
25,3391,113.146,0.249
26,3548,118.385,0.228
27,3574,119.253,0.617
28,3622,120.854,0.420
