t_from,t_to,frames,ms,scale_from,scale_to,x1,y1,x2,y2,rmse
0.8,1.65,25,834,1.005,1.284,0.34,0.12,0.11,0.78,0.002
23.45,24.2,23,767,1.005,1.278,0.37,0.14,0.12,0.75,0.002
30.98,31.95,29,968,1.003,1.291,0.33,0.11,0.08,0.83,0.003
51.28,52.08,23,767,1.006,1.278,0.35,0.12,0.14,0.77,0.002
53.3,54.45,34,1134,1.225,1.003,0.3,0.32,0.66,0.93,0.002
66.15,67.12,28,934,1.003,1.29,0.36,0.09,0.09,0.8,0.001
75.46,76.3,25,834,1.005,1.284,0.33,0.12,0.12,0.8,0.002
77.42,78.64,36,1201,1.238,1.003,0.38,0.4,0.66,0.92,0.004
86.0,86.88,26,868,1.004,1.285,0.34,0.09,0.11,0.8,0.003
