frame,t,diff10,near_cut_frames
28,0.934,33.1,39
60,2.002,64.0,7
70,2.336,78.2,3
147,4.905,102.9,5
156,5.205,91.4,4
335,11.178,95.4,2
396,13.213,33.3,5
439,14.648,82.9,2
537,17.918,59.9,3
606,20.220,88.7,3
662,22.089,35.2,14
681,22.723,69.7,5
708,23.624,30.8,20
780,26.026,32.4,4
932,31.098,36.7,59
986,32.900,86.8,5
1081,36.069,41.7,90
1177,39.273,36.0,17
1189,39.673,86.5,5
1283,42.809,59.7,7
1293,43.143,65.6,3
1378,45.979,93.1,2
1502,50.117,67.1,4
1542,51.451,30.7,44
1683,56.156,67.6,3
1811,60.427,33.3,3
1873,62.496,35.7,3
1989,66.366,33.9,48
2033,67.835,128.2,4
2211,73.774,102.9,3
2268,75.676,32.6,60
2475,82.583,74.6,5
2485,82.916,71.5,5
2658,88.689,101.7,3
2743,91.525,30.0,88
2884,96.230,131.4,1
3143,104.872,67.1,3
3395,113.280,70.8,4
3547,118.352,36.8,1
3578,119.386,73.3,4
3623,120.888,90.3,1
