frame,t,motion
0,0.000,0.00
1,0.033,1.89
2,0.067,2.13
3,0.100,2.15
4,0.133,2.43
5,0.167,1.60
6,0.200,1.20
7,0.234,0.68
8,0.267,0.55
9,0.300,0.63
10,0.334,0.58
11,0.367,0.73
12,0.400,1.09
13,0.434,1.50
14,0.467,2.17
15,0.501,1.93
16,0.534,1.96
17,0.567,1.55
18,0.601,0.81
19,0.634,0.63
20,0.667,1.36
21,0.701,1.54
22,0.734,1.78
23,0.767,2.15
24,0.801,2.70
25,0.834,3.91
26,0.868,5.63
27,0.901,7.50
28,0.934,8.53
29,0.968,8.08
30,1.001,7.45
31,1.034,5.97
32,1.068,5.29
33,1.101,4.91
34,1.134,4.30
35,1.168,3.49
36,1.201,3.12
37,1.235,3.76
38,1.268,4.10
39,1.301,3.77
40,1.335,3.28
41,1.368,3.06
42,1.401,3.28
43,1.435,2.99
44,1.468,1.87
45,1.502,2.64
46,1.535,2.76
47,1.568,2.29
48,1.602,2.46
49,1.635,2.87
50,1.668,2.61
51,1.702,9.47
52,1.735,2.94
53,1.768,3.25
54,1.802,3.25
55,1.835,3.16
56,1.869,3.14
57,1.902,2.71
58,1.935,1.75
59,1.969,1.05
60,2.002,0.90
61,2.035,0.67
62,2.069,0.62
63,2.102,6.31
64,2.135,62.94
65,2.169,2.10
66,2.202,0.34
67,2.236,65.67
68,2.269,42.81
69,2.302,9.55
70,2.336,37.91
71,2.369,36.13
72,2.402,7.40
73,2.436,15.61
74,2.469,0.97
75,2.503,0.79
76,2.536,0.76
77,2.569,0.73
78,2.603,1.09
79,2.636,1.73
80,2.669,2.22
81,2.703,2.24
82,2.736,1.70
83,2.769,1.28
84,2.803,0.97
85,2.836,0.92
86,2.870,0.88
87,2.903,0.87
88,2.936,1.32
89,2.970,0.74
90,3.003,0.78
91,3.036,0.81
92,3.070,0.83
93,3.103,0.65
94,3.136,0.51
95,3.170,0.63
96,3.203,0.66
97,3.237,0.62
98,3.270,0.85
99,3.303,1.32
100,3.337,0.68
101,3.370,0.80
102,3.403,0.91
103,3.437,1.10
104,3.470,1.42
105,3.504,1.45
106,3.537,1.12
107,3.570,0.56
108,3.604,0.42
109,3.637,0.45
110,3.670,0.47
111,3.704,0.40
112,3.737,0.50
113,3.770,0.54
114,3.804,1.54
115,3.837,1.31
116,3.871,1.43
117,3.904,1.36
118,3.937,1.43
119,3.971,1.73
120,4.004,2.00
121,4.037,1.82
122,4.071,1.01
123,4.104,0.54
124,4.137,0.72
125,4.171,0.72
126,4.204,0.47
127,4.238,1.51
128,4.271,0.68
129,4.304,0.62
130,4.338,0.40
131,4.371,0.90
132,4.404,1.24
133,4.438,1.20
134,4.471,0.82
135,4.505,0.37
136,4.538,0.87
137,4.571,1.51
138,4.605,1.44
139,4.638,0.80
140,4.671,0.35
141,4.705,0.32
142,4.738,0.22
143,4.771,0.15
144,4.805,0.17
145,4.838,4.42
146,4.872,9.87
147,4.905,13.08
148,4.938,16.58
149,4.972,21.17
150,5.005,21.24
151,5.038,23.12
152,5.072,127.51
153,5.105,51.04
154,5.138,16.02
155,5.172,9.18
156,5.205,5.84
157,5.239,3.90
158,5.272,2.52
159,5.305,1.37
160,5.339,1.09
161,5.372,0.88
162,5.405,1.57
163,5.439,1.18
164,5.472,1.34
165,5.506,1.90
166,5.539,2.10
167,5.572,2.53
168,5.606,2.85
169,5.639,2.87
170,5.672,3.09
171,5.706,3.20
172,5.739,2.96
173,5.772,3.09
174,5.806,4.04
175,5.839,3.36
176,5.873,3.30
177,5.906,3.10
178,5.939,2.87
179,5.973,2.88
180,6.006,2.87
181,6.039,2.83
182,6.073,2.90
183,6.106,2.89
184,6.139,2.84
185,6.173,2.93
186,6.206,2.92
187,6.240,3.08
188,6.273,4.16
189,6.306,3.26
190,6.340,3.22
191,6.373,3.48
192,6.406,3.26
193,6.440,3.13
194,6.473,2.87
195,6.507,3.18
196,6.540,3.01
197,6.573,3.16
198,6.607,2.97
199,6.640,3.03
200,6.673,2.82
201,6.707,2.93
202,6.740,2.84
203,6.773,2.58
204,6.807,2.85
205,6.840,3.12
206,6.874,3.26
207,6.907,3.44
208,6.940,3.35
209,6.974,3.00
210,7.007,3.59
211,7.040,2.84
212,7.074,3.13
213,7.107,3.31
214,7.140,3.35
215,7.174,3.11
216,7.207,2.97
217,7.241,3.24
218,7.274,3.24
219,7.307,3.47
220,7.341,3.74
221,7.374,3.49
222,7.407,2.95
223,7.441,2.94
224,7.474,3.82
225,7.508,4.51
226,7.541,5.22
227,7.574,5.22
228,7.608,5.00
229,7.641,4.95
230,7.674,5.27
231,7.708,5.55
232,7.741,6.68
233,7.774,5.73
234,7.808,5.06
235,7.841,5.00
236,7.875,5.12
237,7.908,5.31
238,7.941,5.01
239,7.975,5.00
240,8.008,4.99
241,8.041,4.69
242,8.075,5.28
243,8.108,5.36
244,8.141,5.28
245,8.175,4.82
246,8.208,4.82
247,8.242,4.82
248,8.275,4.70
249,8.308,4.42
250,8.342,4.44
251,8.375,4.20
252,8.408,3.83
253,8.442,3.88
254,8.475,4.13
255,8.509,4.06
256,8.542,4.19
257,8.575,3.83
258,8.609,3.57
259,8.642,4.05
260,8.675,3.97
261,8.709,4.39
262,8.742,3.84
263,8.775,3.70
264,8.809,4.45
265,8.842,3.57
266,8.876,3.22
267,8.909,3.36
268,8.942,3.44
269,8.976,3.24
270,9.009,3.29
271,9.042,3.15
272,9.076,3.67
273,9.109,3.84
274,9.142,3.40
275,9.176,3.61
276,9.209,3.72
277,9.243,3.52
278,9.276,3.56
279,9.309,4.02
280,9.343,3.71
281,9.376,3.72
282,9.409,4.09
283,9.443,3.89
284,9.476,3.66
285,9.510,3.58
286,9.543,3.51
287,9.576,3.58
288,9.610,3.52
289,9.643,3.73
290,9.676,3.14
291,9.710,3.15
292,9.743,3.08
293,9.776,2.98
294,9.810,2.96
295,9.843,3.22
296,9.877,3.04
297,9.910,3.31
298,9.943,3.60
299,9.977,3.55
300,10.010,3.65
301,10.043,3.59
302,10.077,3.21
303,10.110,3.16
304,10.143,3.25
305,10.177,2.92
306,10.210,2.98
307,10.244,2.85
308,10.277,3.29
309,10.310,2.64
310,10.344,2.53
311,10.377,2.45
312,10.410,2.30
313,10.444,2.27
314,10.477,2.26
315,10.511,2.27
316,10.544,1.89
317,10.577,1.98
318,10.611,1.96
319,10.644,2.20
320,10.677,2.16
321,10.711,2.24
322,10.744,2.32
323,10.777,2.25
324,10.811,2.18
325,10.844,2.35
326,10.878,2.94
327,10.911,8.99
328,10.944,2.00
329,10.978,4.63
330,11.011,32.95
331,11.044,40.48
332,11.078,19.60
333,11.111,60.84
334,11.144,20.20
335,11.178,11.96
336,11.211,0.62
337,11.245,2.28
338,11.278,0.48
339,11.311,0.49
340,11.345,0.66
341,11.378,0.81
342,11.411,0.94
343,11.445,0.98
344,11.478,2.15
345,11.512,1.15
346,11.545,0.96
347,11.578,0.56
348,11.612,0.89
349,11.645,1.31
350,11.678,1.38
351,11.712,0.95
352,11.745,0.66
353,11.778,1.14
354,11.812,1.49
355,11.845,1.14
356,11.879,0.63
357,11.912,0.45
358,11.945,1.00
359,11.979,1.38
360,12.012,1.79
361,12.045,2.65
362,12.079,1.92
363,12.112,1.58
364,12.145,1.21
365,12.179,0.78
366,12.212,0.78
367,12.246,1.12
368,12.279,1.63
369,12.312,2.10
370,12.346,2.48
371,12.379,2.46
372,12.412,1.84
373,12.446,0.70
374,12.479,0.64
375,12.513,1.03
376,12.546,0.86
377,12.579,0.50
378,12.613,0.38
379,12.646,0.78
380,12.679,0.77
381,12.713,1.33
382,12.746,1.21
383,12.779,1.62
384,12.813,1.58
385,12.846,1.28
386,12.880,0.81
387,12.913,0.63
388,12.946,1.44
389,12.980,2.11
390,13.013,2.08
391,13.046,1.03
392,13.080,0.57
393,13.113,0.60
394,13.146,0.58
395,13.180,0.71
396,13.213,0.60
397,13.247,0.85
398,13.280,1.31
399,13.313,1.84
400,13.347,3.54
401,13.380,26.13
402,13.413,4.62
403,13.447,4.42
404,13.480,4.77
405,13.514,4.69
406,13.547,3.98
407,13.580,4.28
408,13.614,4.69
409,13.647,4.24
410,13.680,3.56
411,13.714,2.22
412,13.747,1.43
413,13.780,1.89
414,13.814,2.56
415,13.847,3.17
416,13.881,4.55
417,13.914,4.91
418,13.947,4.50
419,13.981,4.16
420,14.014,4.22
421,14.047,2.88
422,14.081,2.58
423,14.114,3.05
424,14.147,2.73
425,14.181,2.20
426,14.214,1.31
427,14.248,0.90
428,14.281,1.17
429,14.314,1.35
430,14.348,1.19
431,14.381,1.12
432,14.414,1.13
433,14.448,1.17
434,14.481,45.63
435,14.515,7.55
436,14.548,0.44
437,14.581,65.95
438,14.615,4.83
439,14.648,29.59
440,14.681,4.49
441,14.715,0.29
442,14.748,0.47
443,14.781,0.38
444,14.815,0.43
445,14.848,0.54
446,14.882,0.52
447,14.915,0.56
448,14.948,0.55
449,14.982,0.65
450,15.015,0.58
451,15.048,1.94
452,15.082,0.70
453,15.115,0.56
454,15.148,0.58
455,15.182,0.51
456,15.215,0.57
457,15.249,0.95
458,15.282,0.55
459,15.315,0.57
460,15.349,0.52
461,15.382,0.65
462,15.415,0.85
463,15.449,0.55
464,15.482,0.61
465,15.516,0.70
466,15.549,2.97
467,15.582,0.76
468,15.616,0.75
469,15.649,0.64
470,15.682,0.88
471,15.716,0.79
472,15.749,0.83
473,15.782,0.91
474,15.816,0.77
475,15.849,0.82
476,15.883,0.87
477,15.916,0.72
478,15.949,0.65
479,15.983,0.92
480,16.016,0.69
481,16.049,0.81
482,16.083,0.76
483,16.116,0.55
484,16.149,0.74
485,16.183,2.95
486,16.216,0.61
487,16.250,0.60
488,16.283,0.51
489,16.316,0.56
490,16.350,0.50
491,16.383,0.77
492,16.416,0.65
493,16.450,0.48
494,16.483,0.55
495,16.517,0.79
496,16.550,1.09
497,16.583,2.11
498,16.617,1.05
499,16.650,1.18
500,16.683,1.18
501,16.717,1.32
502,16.750,1.19
503,16.783,0.86
504,16.817,0.67
505,16.850,0.89
506,16.884,1.00
507,16.917,0.46
508,16.950,0.68
509,16.984,0.59
510,17.017,0.64
511,17.050,0.67
512,17.084,2.48
513,17.117,0.36
514,17.150,0.50
515,17.184,0.84
516,17.217,0.41
517,17.251,0.77
518,17.284,0.53
519,17.317,0.58
520,17.351,0.63
521,17.384,0.56
522,17.417,0.80
523,17.451,0.62
524,17.484,0.77
525,17.518,1.12
526,17.551,1.50
527,17.584,3.12
528,17.618,4.64
529,17.651,6.53
530,17.684,8.67
531,17.718,19.42
532,17.751,25.28
533,17.784,47.14
534,17.818,24.55
535,17.851,21.34
536,17.885,19.53
537,17.918,16.20
538,17.951,10.63
539,17.985,4.41
540,18.018,1.84
541,18.051,1.58
542,18.085,1.89
543,18.118,1.94
544,18.151,3.63
545,18.185,3.67
546,18.218,5.83
547,18.252,5.64
548,18.285,3.72
549,18.318,2.93
550,18.352,2.84
551,18.385,2.49
552,18.418,2.34
553,18.452,2.90
554,18.485,3.02
555,18.519,3.69
556,18.552,4.32
557,18.585,4.44
558,18.619,4.79
559,18.652,3.54
560,18.685,3.60
561,18.719,2.98
562,18.752,2.60
563,18.785,2.30
564,18.819,1.81
565,18.852,1.67
566,18.886,1.40
567,18.919,1.53
568,18.952,2.55
569,18.986,4.53
570,19.019,3.81
571,19.052,4.37
572,19.086,5.86
573,19.119,3.57
574,19.152,3.22
575,19.186,3.22
576,19.219,4.00
577,19.253,4.41
578,19.286,4.63
579,19.319,4.45
580,19.353,4.27
581,19.386,5.30
582,19.419,5.84
583,19.453,6.59
584,19.486,6.69
585,19.520,7.22
586,19.553,4.97
587,19.586,4.64
588,19.620,3.18
589,19.653,4.41
590,19.686,4.18
591,19.720,3.37
592,19.753,2.57
593,19.786,1.48
594,19.820,1.00
595,19.853,1.26
596,19.887,6.93
597,19.920,11.73
598,19.953,15.86
599,19.987,17.01
600,20.020,18.02
601,20.053,21.45
602,20.087,22.83
603,20.120,82.20
604,20.153,22.06
605,20.187,12.61
606,20.220,7.75
607,20.254,5.26
608,20.287,3.46
609,20.320,2.16
610,20.354,1.33
611,20.387,0.94
612,20.420,1.53
613,20.454,1.28
614,20.487,1.20
615,20.521,1.30
616,20.554,1.32
617,20.587,1.90
618,20.621,1.40
619,20.654,1.45
620,20.687,1.41
621,20.721,1.45
622,20.754,1.57
623,20.787,1.54
624,20.821,1.58
625,20.854,1.65
626,20.888,1.74
627,20.921,1.70
628,20.954,1.75
629,20.988,5.12
630,21.021,2.04
631,21.054,2.04
632,21.088,2.57
633,21.121,2.15
634,21.154,2.35
635,21.188,2.16
636,21.221,2.37
637,21.255,2.53
638,21.288,2.60
639,21.321,2.95
640,21.355,3.19
641,21.388,3.71
642,21.421,3.30
643,21.455,3.24
644,21.488,3.02
645,21.522,2.70
646,21.555,2.51
647,21.588,2.94
648,21.622,2.86
649,21.655,2.86
650,21.688,2.87
651,21.722,2.64
652,21.755,3.36
653,21.788,4.10
654,21.822,2.94
655,21.855,4.22
656,21.889,4.60
657,21.922,4.37
658,21.955,4.48
659,21.989,4.47
660,22.022,4.19
661,22.055,5.18
662,22.089,4.60
663,22.122,7.10
664,22.155,7.34
665,22.189,4.70
666,22.222,5.62
667,22.256,4.98
668,22.289,3.03
669,22.322,3.13
670,22.356,1.99
671,22.389,2.82
672,22.422,4.96
673,22.456,5.73
674,22.489,4.37
675,22.523,2.24
676,22.556,30.07
677,22.589,6.20
678,22.623,1.35
679,22.656,17.25
680,22.689,38.84
681,22.723,23.17
682,22.756,4.15
683,22.789,0.95
684,22.823,0.56
685,22.856,0.60
686,22.890,0.59
687,22.923,1.31
688,22.956,1.05
689,22.990,1.29
690,23.023,1.26
691,23.056,0.98
692,23.090,0.75
693,23.123,0.75
694,23.156,1.18
695,23.190,1.69
696,23.223,1.90
697,23.257,1.83
698,23.290,1.06
699,23.323,0.60
700,23.357,1.18
701,23.390,0.97
702,23.423,1.52
703,23.457,2.26
704,23.490,3.23
705,23.524,4.64
706,23.557,6.39
707,23.590,8.28
708,23.624,9.15
709,23.657,10.70
710,23.690,7.84
711,23.724,6.29
712,23.757,4.96
713,23.790,3.65
714,23.824,3.05
715,23.857,2.55
716,23.891,2.17
717,23.924,1.95
718,23.957,1.81
719,23.991,1.55
720,24.024,1.50
721,24.057,1.31
722,24.091,1.19
723,24.124,1.18
724,24.157,0.93
725,24.191,0.88
726,24.224,0.82
727,24.258,0.87
728,24.291,17.06
729,24.324,2.67
730,24.358,3.28
731,24.391,3.07
732,24.424,2.51
733,24.458,1.57
734,24.491,1.52
735,24.525,1.83
736,24.558,2.47
737,24.591,2.40
738,24.625,2.74
739,24.658,3.92
740,24.691,4.52
741,24.725,5.44
742,24.758,6.95
743,24.791,4.97
744,24.825,3.70
745,24.858,3.34
746,24.892,1.84
747,24.925,1.13
748,24.958,0.40
749,24.992,2.18
750,25.025,2.32
751,25.058,4.67
752,25.092,4.38
753,25.125,4.39
754,25.158,4.58
755,25.192,4.74
756,25.225,5.79
757,25.259,5.84
758,25.292,5.21
759,25.325,3.49
760,25.359,3.10
761,25.392,0.83
762,25.425,2.20
763,25.459,2.83
764,25.492,4.36
765,25.526,4.85
766,25.559,4.81
767,25.592,3.69
768,25.626,3.84
769,25.659,4.13
770,25.692,3.94
771,25.726,4.53
772,25.759,4.46
773,25.792,3.66
774,25.826,1.74
775,25.859,1.59
776,25.893,0.59
777,25.926,0.57
778,25.959,0.61
779,25.993,0.70
780,26.026,0.70
781,26.059,2.03
782,26.093,1.02
783,26.126,0.92
784,26.159,29.77
785,26.193,0.80
786,26.226,1.09
787,26.260,1.32
788,26.293,1.09
789,26.326,0.64
790,26.360,0.75
791,26.393,0.73
792,26.426,1.05
793,26.460,1.93
794,26.493,1.52
795,26.527,1.71
796,26.560,1.18
797,26.593,0.54
798,26.627,1.08
799,26.660,1.13
800,26.693,0.90
801,26.727,0.66
802,26.760,1.80
803,26.793,1.20
804,26.827,0.94
805,26.860,0.43
806,26.894,0.80
807,26.927,1.22
808,26.960,1.45
809,26.994,1.66
810,27.027,1.71
811,27.060,1.74
812,27.094,1.67
813,27.127,1.52
814,27.160,1.37
815,27.194,1.25
816,27.227,1.20
817,27.261,1.99
818,27.294,1.49
819,27.327,1.75
820,27.361,1.97
821,27.394,2.06
822,27.427,1.93
823,27.461,1.12
824,27.494,0.89
825,27.528,1.48
826,27.561,1.75
827,27.594,2.14
828,27.628,2.44
829,27.661,2.75
830,27.694,2.91
831,27.728,2.81
832,27.761,3.17
833,27.794,2.16
834,27.828,2.35
835,27.861,2.98
836,27.895,2.19
837,27.928,1.73
838,27.961,1.10
839,27.995,0.83
840,28.028,0.87
841,28.061,0.87
842,28.095,1.09
843,28.128,1.06
844,28.161,1.23
845,28.195,1.51
846,28.228,1.77
847,28.262,5.49
848,28.295,2.24
849,28.328,1.93
850,28.362,1.72
851,28.395,1.62
852,28.428,1.63
853,28.462,1.65
854,28.495,1.38
855,28.529,1.11
856,28.562,1.07
857,28.595,1.64
858,28.629,2.32
859,28.662,2.76
860,28.695,3.20
861,28.729,3.22
862,28.762,2.98
863,28.795,4.21
864,28.829,2.54
865,28.862,2.37
866,28.896,2.07
867,28.929,1.69
868,28.962,1.83
869,28.996,2.58
870,29.029,2.86
871,29.062,2.90
872,29.096,2.97
873,29.129,2.87
874,29.162,2.77
875,29.196,2.64
876,29.229,4.46
877,29.263,2.58
878,29.296,2.39
879,29.329,1.62
880,29.363,1.32
881,29.396,1.64
882,29.429,2.47
883,29.463,2.79
884,29.496,3.19
885,29.530,3.40
886,29.563,3.57
887,29.596,3.44
888,29.630,3.15
889,29.663,2.89
890,29.696,2.82
891,29.730,5.80
892,29.763,3.27
893,29.796,2.72
894,29.830,2.30
895,29.863,1.53
896,29.897,0.81
897,29.930,0.57
898,29.963,0.53
899,29.997,0.44
900,30.030,0.31
901,30.063,0.34
902,30.097,1.23
903,30.130,0.63
904,30.163,0.85
905,30.197,1.07
906,30.230,7.27
907,30.264,0.54
908,30.297,0.64
909,30.330,1.26
910,30.364,1.74
911,30.397,1.64
912,30.430,1.39
913,30.464,1.60
914,30.497,1.76
915,30.531,1.83
916,30.564,1.85
917,30.597,1.64
918,30.631,1.39
919,30.664,1.07
920,30.697,0.79
921,30.731,1.07
922,30.764,2.44
923,30.797,1.89
924,30.831,2.32
925,30.864,2.80
926,30.898,3.61
927,30.931,4.93
928,30.964,5.87
929,30.998,6.45
930,31.031,7.31
931,31.064,8.66
932,31.098,10.38
933,31.131,11.89
934,31.164,13.06
935,31.198,10.44
936,31.231,6.77
937,31.265,6.78
938,31.298,4.94
939,31.331,4.26
940,31.365,3.74
941,31.398,3.35
942,31.431,3.56
943,31.465,4.08
944,31.498,4.39
945,31.532,4.35
946,31.565,3.61
947,31.598,2.23
948,31.632,2.09
949,31.665,2.08
950,31.698,2.23
951,31.732,2.63
952,31.765,2.93
953,31.798,3.67
954,31.832,6.27
955,31.865,4.69
956,31.899,4.60
957,31.932,6.16
958,31.965,3.33
959,31.999,2.68
960,32.032,2.29
961,32.065,2.08
962,32.099,2.27
963,32.132,2.46
964,32.165,1.89
965,32.199,1.19
966,32.232,1.09
967,32.266,1.44
968,32.299,1.64
969,32.332,1.76
970,32.366,1.72
971,32.399,1.65
972,32.432,2.97
973,32.466,1.46
974,32.499,2.03
975,32.533,2.60
976,32.566,3.11
977,32.599,3.01
978,32.633,2.13
979,32.666,1.46
980,32.699,1.43
981,32.733,1.29
982,32.766,1.24
983,32.799,1.32
984,32.833,1.32
985,32.866,1.54
986,32.900,1.70
987,32.933,1.71
988,32.966,1.90
989,33.000,2.10
990,33.033,2.35
991,33.066,84.99
992,33.100,2.33
993,33.133,2.20
994,33.166,2.12
995,33.200,2.01
996,33.233,1.97
997,33.267,1.98
998,33.300,1.99
999,33.333,2.18
1000,33.367,2.24
1001,33.400,2.32
1002,33.433,3.17
1003,33.467,2.12
1004,33.500,2.22
1005,33.534,2.05
1006,33.567,2.17
1007,33.600,2.28
1008,33.634,2.08
1009,33.667,3.63
1010,33.700,5.00
1011,33.734,2.34
1012,33.767,2.29
1013,33.800,2.21
1014,33.834,2.15
1015,33.867,2.58
1016,33.901,5.17
1017,33.934,2.52
1018,33.967,2.32
1019,34.001,2.53
1020,34.034,2.64
1021,34.067,2.97
1022,34.101,5.03
1023,34.134,6.26
1024,34.168,3.34
1025,34.201,3.06
1026,34.234,3.26
1027,34.268,3.13
1028,34.301,3.98
1029,34.334,6.86
1030,34.368,3.80
1031,34.401,3.44
1032,34.434,2.94
1033,34.468,2.60
1034,34.501,3.13
1035,34.535,5.56
1036,34.568,2.93
1037,34.601,6.01
1038,34.635,3.36
1039,34.668,4.24
1040,34.701,3.44
1041,34.735,4.41
1042,34.768,3.92
1043,34.801,8.19
1044,34.835,4.89
1045,34.868,4.28
1046,34.902,4.64
1047,34.935,4.60
1048,34.968,3.87
1049,35.002,6.79
1050,35.035,7.42
1051,35.068,5.16
1052,35.102,4.89
1053,35.135,5.04
1054,35.169,5.77
1055,35.202,7.13
1056,35.235,9.82
1057,35.269,6.36
1058,35.302,6.33
1059,35.335,6.40
1060,35.369,4.83
1061,35.402,5.63
1062,35.435,8.26
1063,35.469,9.06
1064,35.502,7.36
1065,35.536,7.69
1066,35.569,8.20
1067,35.602,9.51
1068,35.636,9.95
1069,35.669,12.67
1070,35.702,8.12
1071,35.736,8.32
1072,35.769,9.62
1073,35.802,12.46
1074,35.836,12.02
1075,35.869,13.08
1076,35.903,14.95
1077,35.936,15.48
1078,35.969,14.82
1079,36.003,14.66
1080,36.036,14.27
1081,36.069,14.84
1082,36.103,15.41
1083,36.136,17.40
1084,36.170,17.05
1085,36.203,16.91
1086,36.236,15.31
1087,36.270,12.40
1088,36.303,10.57
1089,36.336,10.62
1090,36.370,10.60
1091,36.403,6.71
1092,36.436,4.99
1093,36.470,4.25
1094,36.503,4.16
1095,36.537,3.63
1096,36.570,6.10
1097,36.603,2.45
1098,36.637,1.49
1099,36.670,2.15
1100,36.703,2.35
1101,36.737,2.19
1102,36.770,4.09
1103,36.803,1.96
1104,36.837,4.03
1105,36.870,2.25
1106,36.904,1.95
1107,36.937,2.20
1108,36.970,2.87
1109,37.004,3.03
1110,37.037,5.63
1111,37.070,2.94
1112,37.104,1.42
1113,37.137,1.15
1114,37.171,1.18
1115,37.204,1.45
1116,37.237,3.53
1117,37.271,3.66
1118,37.304,1.56
1119,37.337,1.04
1120,37.371,1.59
1121,37.404,1.43
1122,37.437,1.88
1123,37.471,4.72
1124,37.504,2.28
1125,37.538,1.31
1126,37.571,1.42
1127,37.604,1.11
1128,37.638,1.39
1129,37.671,3.13
1130,37.704,3.29
1131,37.738,1.27
1132,37.771,2.07
1133,37.804,2.76
1134,37.838,1.40
1135,37.871,2.13
1136,37.905,4.66
1137,37.938,1.79
1138,37.971,2.56
1139,38.005,2.41
1140,38.038,2.45
1141,38.071,3.34
1142,38.105,3.18
1143,38.138,5.18
1144,38.172,5.25
1145,38.205,3.40
1146,38.238,2.86
1147,38.272,3.15
1148,38.305,2.65
1149,38.338,3.45
1150,38.372,5.93
1151,38.405,3.75
1152,38.438,4.53
1153,38.472,4.01
1154,38.505,3.98
1155,38.539,4.13
1156,38.572,5.59
1157,38.605,5.41
1158,38.639,4.52
1159,38.672,4.57
1160,38.705,4.57
1161,38.739,4.58
1162,38.772,5.54
1163,38.805,7.01
1164,38.839,6.21
1165,38.872,6.01
1166,38.906,6.13
1167,38.939,7.32
1168,38.972,6.97
1169,39.006,7.49
1170,39.039,7.29
1171,39.072,7.80
1172,39.106,7.80
1173,39.139,9.44
1174,39.173,8.39
1175,39.206,8.86
1176,39.239,9.44
1177,39.273,9.61
1178,39.306,8.98
1179,39.339,9.15
1180,39.373,8.53
1181,39.406,8.45
1182,39.439,8.43
1183,39.473,8.13
1184,39.506,7.23
1185,39.540,6.99
1186,39.573,6.09
1187,39.606,5.76
1188,39.640,5.30
1189,39.673,5.06
1190,39.706,4.55
1191,39.740,4.65
1192,39.773,3.87
1193,39.806,5.13
1194,39.840,82.78
1195,39.873,1.67
1196,39.907,2.17
1197,39.940,2.25
1198,39.973,1.85
1199,40.007,2.00
1200,40.040,1.99
1201,40.073,1.46
1202,40.107,1.27
1203,40.140,1.17
1204,40.174,1.10
1205,40.207,1.11
1206,40.240,0.96
1207,40.274,1.21
1208,40.307,1.84
1209,40.340,2.03
1210,40.374,2.13
1211,40.407,2.08
1212,40.440,2.02
1213,40.474,1.96
1214,40.507,2.24
1215,40.541,1.90
1216,40.574,1.18
1217,40.607,0.59
1218,40.641,0.60
1219,40.674,0.62
1220,40.707,0.72
1221,40.741,5.43
1222,40.774,0.63
1223,40.807,0.66
1224,40.841,0.83
1225,40.874,0.89
1226,40.908,1.09
1227,40.941,1.10
1228,40.974,1.17
1229,41.008,1.15
1230,41.041,1.10
1231,41.074,1.05
1232,41.108,1.02
1233,41.141,0.89
1234,41.175,0.76
1235,41.208,0.81
1236,41.241,1.31
1237,41.275,1.53
1238,41.308,1.22
1239,41.341,0.54
1240,41.375,1.19
1241,41.408,1.54
1242,41.441,1.58
1243,41.475,1.32
1244,41.508,1.01
1245,41.542,0.74
1246,41.575,0.98
1247,41.608,1.44
1248,41.642,1.54
1249,41.675,1.20
1250,41.708,0.68
1251,41.742,0.40
1252,41.775,0.60
1253,41.808,0.80
1254,41.842,0.97
1255,41.875,1.29
1256,41.909,1.42
1257,41.942,0.84
1258,41.975,0.66
1259,42.009,1.29
1260,42.042,1.72
1261,42.075,2.13
1262,42.109,2.08
1263,42.142,1.78
1264,42.176,1.54
1265,42.209,1.55
1266,42.242,1.66
1267,42.276,1.59
1268,42.309,1.45
1269,42.342,0.81
1270,42.376,0.76
1271,42.409,1.05
1272,42.442,1.14
1273,42.476,1.00
1274,42.509,0.76
1275,42.543,0.69
1276,42.576,1.08
1277,42.609,1.48
1278,42.643,1.45
1279,42.676,0.89
1280,42.709,0.40
1281,42.743,0.42
1282,42.776,0.37
1283,42.809,0.28
1284,42.843,0.15
1285,42.876,0.31
1286,42.910,6.05
1287,42.943,57.84
1288,42.976,2.50
1289,43.010,0.43
1290,43.043,64.15
1291,43.076,41.38
1292,43.110,9.36
1293,43.143,37.40
1294,43.177,1.93
1295,43.210,7.91
1296,43.243,16.06
1297,43.277,1.50
1298,43.310,1.81
1299,43.343,1.73
1300,43.377,2.45
1301,43.410,2.25
1302,43.443,1.93
1303,43.477,1.15
1304,43.510,1.45
1305,43.544,2.04
1306,43.577,2.19
1307,43.610,2.01
1308,43.644,1.15
1309,43.677,1.05
1310,43.710,1.35
1311,43.744,1.56
1312,43.777,0.53
1313,43.810,0.90
1314,43.844,1.49
1315,43.877,1.91
1316,43.911,2.36
1317,43.944,2.34
1318,43.977,2.05
1319,44.011,1.69
1320,44.044,1.48
1321,44.077,1.35
1322,44.111,1.71
1323,44.144,1.97
1324,44.178,2.02
1325,44.211,1.58
1326,44.244,1.52
1327,44.278,0.96
1328,44.311,1.29
1329,44.344,1.29
1330,44.378,1.05
1331,44.411,0.49
1332,44.444,1.04
1333,44.478,1.76
1334,44.511,1.98
1335,44.545,1.34
1336,44.578,0.88
1337,44.611,2.06
1338,44.645,0.89
1339,44.678,0.84
1340,44.711,0.74
1341,44.745,0.92
1342,44.778,1.42
1343,44.811,1.69
1344,44.845,1.63
1345,44.878,1.66
1346,44.912,1.82
1347,44.945,1.53
1348,44.978,0.95
1349,45.012,0.71
1350,45.045,0.82
1351,45.078,0.88
1352,45.112,0.93
1353,45.145,1.07
1354,45.179,1.22
1355,45.212,2.54
1356,45.245,1.41
1357,45.279,1.54
1358,45.312,1.59
1359,45.345,1.67
1360,45.379,1.76
1361,45.412,2.00
1362,45.445,2.50
1363,45.479,3.22
1364,45.512,3.64
1365,45.546,2.85
1366,45.579,1.37
1367,45.612,0.87
1368,45.646,0.59
1369,45.679,0.42
1370,45.712,0.79
1371,45.746,0.65
1372,45.779,0.28
1373,45.812,43.61
1374,45.846,7.06
1375,45.879,0.21
1376,45.913,74.55
1377,45.946,5.10
1378,45.979,30.36
1379,46.013,4.50
1380,46.046,0.30
1381,46.079,0.43
1382,46.113,0.76
1383,46.146,0.77
1384,46.180,0.83
1385,46.213,0.58
1386,46.246,0.52
1387,46.280,0.44
1388,46.313,0.47
1389,46.346,0.45
1390,46.380,0.45
1391,46.413,0.52
1392,46.446,0.44
1393,46.480,0.54
1394,46.513,0.44
1395,46.547,0.53
1396,46.580,0.87
1397,46.613,0.45
1398,46.647,1.00
1399,46.680,0.86
1400,46.713,0.65
1401,46.747,0.80
1402,46.780,0.55
1403,46.813,0.65
1404,46.847,1.05
1405,46.880,1.30
1406,46.914,0.65
1407,46.947,0.91
1408,46.980,0.49
1409,47.014,0.72
1410,47.047,0.70
1411,47.080,0.66
1412,47.114,0.70
1413,47.147,0.68
1414,47.181,0.59
1415,47.214,0.84
1416,47.247,0.61
1417,47.281,1.40
1418,47.314,1.34
1419,47.347,1.37
1420,47.381,0.88
1421,47.414,0.61
1422,47.447,0.68
1423,47.481,0.45
1424,47.514,0.56
1425,47.548,0.38
1426,47.581,0.34
1427,47.614,1.04
1428,47.648,0.81
1429,47.681,0.66
1430,47.714,0.67
1431,47.748,0.61
1432,47.781,0.20
1433,47.814,0.28
1434,47.848,1.72
1435,47.881,1.76
1436,47.915,1.98
1437,47.948,0.94
1438,47.981,0.77
1439,48.015,1.04
1440,48.048,0.84
1441,48.081,0.85
1442,48.115,0.46
1443,48.148,0.38
1444,48.182,0.56
1445,48.215,0.67
1446,48.248,0.45
1447,48.282,0.36
1448,48.315,0.56
1449,48.348,0.32
1450,48.382,1.52
1451,48.415,2.17
1452,48.448,0.52
1453,48.482,0.91
1454,48.515,0.55
1455,48.549,0.47
1456,48.582,0.48
1457,48.615,0.26
1458,48.649,0.50
1459,48.682,0.37
1460,48.715,0.59
1461,48.749,0.53
1462,48.782,0.35
1463,48.815,0.78
1464,48.849,0.63
1465,48.882,0.63
1466,48.916,0.68
1467,48.949,0.83
1468,48.982,0.58
1469,49.016,0.71
1470,49.049,0.75
1471,49.082,2.43
1472,49.116,2.27
1473,49.149,2.03
1474,49.183,1.46
1475,49.216,0.82
1476,49.249,0.53
1477,49.283,0.53
1478,49.316,0.50
1479,49.349,0.62
1480,49.383,0.45
1481,49.416,0.62
1482,49.449,0.50
1483,49.483,0.38
1484,49.516,0.64
1485,49.550,0.42
1486,49.583,0.49
1487,49.616,0.49
1488,49.650,0.41
1489,49.683,0.52
1490,49.716,0.64
1491,49.750,1.26
1492,49.783,2.28
1493,49.816,3.39
1494,49.850,4.10
1495,49.883,4.88
1496,49.917,6.96
1497,49.950,10.73
1498,49.983,52.88
1499,50.017,27.98
1500,50.050,24.07
1501,50.083,19.08
1502,50.117,14.76
1503,50.150,10.63
1504,50.184,4.50
1505,50.217,0.91
1506,50.250,0.76
1507,50.284,1.13
1508,50.317,1.36
1509,50.350,1.43
1510,50.384,1.47
1511,50.417,2.23
1512,50.450,0.66
1513,50.484,0.89
1514,50.517,1.24
1515,50.551,1.20
1516,50.584,0.76
1517,50.617,0.79
1518,50.651,1.15
1519,50.684,1.06
1520,50.717,0.59
1521,50.751,0.73
1522,50.784,1.02
1523,50.817,0.49
1524,50.851,0.74
1525,50.884,0.70
1526,50.918,0.41
1527,50.951,0.43
1528,50.984,0.59
1529,51.018,0.65
1530,51.051,0.88
1531,51.084,1.00
1532,51.118,1.39
1533,51.151,0.86
1534,51.185,1.03
1535,51.218,1.33
1536,51.251,1.63
1537,51.285,2.23
1538,51.318,2.99
1539,51.351,4.04
1540,51.385,5.40
1541,51.418,6.65
1542,51.451,7.20
1543,51.485,8.07
1544,51.518,7.00
1545,51.552,6.59
1546,51.585,6.27
1547,51.618,5.31
1548,51.652,4.39
1549,51.685,3.32
1550,51.718,2.45
1551,51.752,2.37
1552,51.785,2.22
1553,51.818,2.22
1554,51.852,1.88
1555,51.885,1.53
1556,51.919,2.90
1557,51.952,2.02
1558,51.985,1.98
1559,52.019,2.22
1560,52.052,2.53
1561,52.085,1.52
1562,52.119,1.38
1563,52.152,1.72
1564,52.186,1.14
1565,52.219,1.38
1566,52.252,1.16
1567,52.286,0.65
1568,52.319,0.70
1569,52.352,0.48
1570,52.386,0.48
1571,52.419,0.62
1572,52.452,0.79
1573,52.486,1.22
1574,52.519,3.54
1575,52.553,10.30
1576,52.586,1.20
1577,52.619,1.50
1578,52.653,1.69
1579,52.686,1.93
1580,52.719,2.50
1581,52.753,3.13
1582,52.786,4.19
1583,52.819,4.10
1584,52.853,4.24
1585,52.886,4.77
1586,52.920,4.06
1587,52.953,3.62
1588,52.986,2.76
1589,53.020,2.47
1590,53.053,2.15
1591,53.086,2.47
1592,53.120,2.93
1593,53.153,3.15
1594,53.187,3.45
1595,53.220,4.73
1596,53.253,4.55
1597,53.287,4.72
1598,53.320,4.71
1599,53.353,4.69
1600,53.387,4.44
1601,53.420,4.40
1602,53.453,5.47
1603,53.487,3.89
1604,53.520,3.81
1605,53.554,4.13
1606,53.587,4.18
1607,53.620,3.95
1608,53.654,3.38
1609,53.687,3.18
1610,53.720,3.01
1611,53.754,3.09
1612,53.787,3.14
1613,53.820,2.89
1614,53.854,3.08
1615,53.887,4.17
1616,53.921,3.76
1617,53.954,4.13
1618,53.987,4.47
1619,54.021,4.09
1620,54.054,3.63
1621,54.087,3.04
1622,54.121,2.78
1623,54.154,2.99
1624,54.188,2.76
1625,54.221,2.31
1626,54.254,2.15
1627,54.288,2.04
1628,54.321,2.19
1629,54.354,3.03
1630,54.388,1.95
1631,54.421,1.56
1632,54.454,1.31
1633,54.488,1.12
1634,54.521,1.28
1635,54.555,1.62
1636,54.588,2.30
1637,54.621,2.00
1638,54.655,1.55
1639,54.688,0.44
1640,54.721,1.07
1641,54.755,1.58
1642,54.788,1.81
1643,54.821,2.20
1644,54.855,1.32
1645,54.888,0.91
1646,54.922,0.46
1647,54.955,0.67
1648,54.988,1.16
1649,55.022,1.54
1650,55.055,1.97
1651,55.088,2.02
1652,55.122,1.41
1653,55.155,0.55
1654,55.189,0.72
1655,55.222,1.25
1656,55.255,1.60
1657,55.289,1.76
1658,55.322,4.59
1659,55.355,1.33
1660,55.389,0.94
1661,55.422,0.62
1662,55.455,0.43
1663,55.489,0.69
1664,55.522,1.08
1665,55.556,1.59
1666,55.589,2.13
1667,55.622,2.61
1668,55.656,2.07
1669,55.689,0.56
1670,55.722,0.61
1671,55.756,0.41
1672,55.789,0.51
1673,55.822,0.35
1674,55.856,0.51
1675,55.889,0.68
1676,55.923,5.68
1677,55.956,56.51
1678,55.989,2.07
1679,56.023,0.11
1680,56.056,59.44
1681,56.089,39.26
1682,56.123,19.38
1683,56.156,38.14
1684,56.190,1.09
1685,56.223,7.31
1686,56.256,15.57
1687,56.290,0.76
1688,56.323,1.47
1689,56.356,1.77
1690,56.390,1.66
1691,56.423,1.51
1692,56.456,1.20
1693,56.490,0.95
1694,56.523,1.04
1695,56.557,1.54
1696,56.590,1.98
1697,56.623,1.86
1698,56.657,1.71
1699,56.690,0.82
1700,56.723,0.71
1701,56.757,0.60
1702,56.790,0.99
1703,56.823,1.32
1704,56.857,1.04
1705,56.890,0.66
1706,56.924,1.28
1707,56.957,1.44
1708,56.990,1.38
1709,57.024,1.15
1710,57.057,0.72
1711,57.090,0.77
1712,57.124,2.36
1713,57.157,1.70
1714,57.191,1.41
1715,57.224,0.66
1716,57.257,1.39
1717,57.291,1.74
1718,57.324,2.18
1719,57.357,1.39
1720,57.391,1.14
1721,57.424,0.68
1722,57.457,0.58
1723,57.491,0.74
1724,57.524,0.83
1725,57.558,0.74
1726,57.591,0.75
1727,57.624,0.86
1728,57.658,1.04
1729,57.691,1.07
1730,57.724,1.12
1731,57.758,1.51
1732,57.791,0.94
1733,57.824,1.30
1734,57.858,1.75
1735,57.891,1.14
1736,57.925,0.80
1737,57.958,0.47
1738,57.991,0.72
1739,58.025,1.15
1740,58.058,1.17
1741,58.091,0.43
1742,58.125,0.56
1743,58.158,1.20
1744,58.192,0.97
1745,58.225,1.48
1746,58.258,1.92
1747,58.292,1.32
1748,58.325,0.94
1749,58.358,1.34
1750,58.392,1.03
1751,58.425,0.75
1752,58.458,1.41
1753,58.492,1.60
1754,58.525,0.86
1755,58.559,0.62
1756,58.592,0.45
1757,58.625,0.44
1758,58.659,1.49
1759,58.692,0.68
1760,58.725,0.68
1761,58.759,0.72
1762,58.792,0.80
1763,58.825,0.89
1764,58.859,0.65
1765,58.892,0.41
1766,58.926,0.54
1767,58.959,0.86
1768,58.992,0.74
1769,59.026,0.53
1770,59.059,0.76
1771,59.092,0.90
1772,59.126,0.86
1773,59.159,0.70
1774,59.193,1.61
1775,59.226,0.61
1776,59.259,0.67
1777,59.293,0.65
1778,59.326,0.61
1779,59.359,0.58
1780,59.393,0.53
1781,59.426,0.48
1782,59.459,0.95
1783,59.493,0.34
1784,59.526,0.75
1785,59.560,1.22
1786,59.593,1.58
1787,59.626,1.48
1788,59.660,1.10
1789,59.693,0.45
1790,59.726,0.87
1791,59.760,1.09
1792,59.793,1.38
1793,59.826,2.02
1794,59.860,1.73
1795,59.893,1.72
1796,59.927,1.55
1797,59.960,1.51
1798,59.993,1.43
1799,60.027,1.41
1800,60.060,1.60
1801,60.093,1.90
1802,60.127,2.26
1803,60.160,2.49
1804,60.194,2.58
1805,60.227,1.98
1806,60.260,0.85
1807,60.294,0.82
1808,60.327,1.16
1809,60.360,1.24
1810,60.394,1.20
1811,60.427,1.09
1812,60.460,0.94
1813,60.494,1.93
1814,60.527,27.28
1815,60.561,3.75
1816,60.594,3.87
1817,60.627,6.15
1818,60.661,4.19
1819,60.694,4.65
1820,60.727,4.80
1821,60.761,5.12
1822,60.794,4.33
1823,60.827,3.99
1824,60.861,4.44
1825,60.894,3.28
1826,60.928,2.31
1827,60.961,2.60
1828,60.994,2.33
1829,61.028,2.41
1830,61.061,4.39
1831,61.094,5.25
1832,61.128,5.76
1833,61.161,5.93
1834,61.195,5.45
1835,61.228,4.74
1836,61.261,3.09
1837,61.295,4.46
1838,61.328,5.22
1839,61.361,6.25
1840,61.395,8.22
1841,61.428,8.42
1842,61.461,6.99
1843,61.495,6.11
1844,61.528,4.50
1845,61.562,2.29
1846,61.595,2.30
1847,61.628,3.74
1848,61.662,3.99
1849,61.695,3.70
1850,61.728,2.97
1851,61.762,2.81
1852,61.795,3.90
1853,61.828,2.67
1854,61.862,3.40
1855,61.895,4.28
1856,61.929,4.04
1857,61.962,4.47
1858,61.995,4.40
1859,62.029,3.76
1860,62.062,3.49
1861,62.095,2.21
1862,62.129,3.30
1863,62.162,3.97
1864,62.196,4.53
1865,62.229,4.22
1866,62.262,4.22
1867,62.296,6.14
1868,62.329,5.85
1869,62.362,4.68
1870,62.396,2.57
1871,62.429,2.26
1872,62.462,1.14
1873,62.496,1.18
1874,62.529,1.00
1875,62.563,1.35
1876,62.596,31.69
1877,62.629,1.06
1878,62.663,1.05
1879,62.696,1.14
1880,62.729,1.43
1881,62.763,1.57
1882,62.796,1.58
1883,62.829,1.18
1884,62.863,0.74
1885,62.896,0.86
1886,62.930,1.29
1887,62.963,0.94
1888,62.996,1.03
1889,63.030,1.16
1890,63.063,1.20
1891,63.096,1.00
1892,63.130,0.72
1893,63.163,0.65
1894,63.197,0.85
1895,63.230,1.06
1896,63.263,1.22
1897,63.297,1.28
1898,63.330,1.91
1899,63.363,1.24
1900,63.397,1.02
1901,63.430,0.78
1902,63.463,0.75
1903,63.497,1.11
1904,63.530,1.46
1905,63.564,1.71
1906,63.597,1.28
1907,63.630,0.69
1908,63.664,0.25
1909,63.697,0.50
1910,63.730,0.62
1911,63.764,0.60
1912,63.797,0.67
1913,63.830,1.95
1914,63.864,1.63
1915,63.897,1.87
1916,63.931,1.62
1917,63.964,1.05
1918,63.997,0.62
1919,64.031,1.30
1920,64.064,1.73
1921,64.097,1.63
1922,64.131,0.82
1923,64.164,0.83
1924,64.198,1.29
1925,64.231,1.38
1926,64.264,1.31
1927,64.298,2.19
1928,64.331,1.17
1929,64.364,1.23
1930,64.398,1.43
1931,64.431,1.57
1932,64.464,1.49
1933,64.498,0.90
1934,64.531,1.10
1935,64.565,1.21
1936,64.598,1.01
1937,64.631,1.27
1938,64.665,0.70
1939,64.698,0.78
1940,64.731,0.82
1941,64.765,1.01
1942,64.798,0.50
1943,64.831,0.68
1944,64.865,0.90
1945,64.898,0.70
1946,64.932,0.53
1947,64.965,0.73
1948,64.998,1.33
1949,65.032,1.26
1950,65.065,1.70
1951,65.098,1.67
1952,65.132,1.54
1953,65.165,1.21
1954,65.199,0.91
1955,65.232,0.86
1956,65.265,1.42
1957,65.299,1.78
1958,65.332,1.41
1959,65.365,0.77
1960,65.399,0.92
1961,65.432,1.54
1962,65.465,0.78
1963,65.499,1.21
1964,65.532,1.15
1965,65.566,1.02
1966,65.599,0.92
1967,65.632,1.19
1968,65.666,1.23
1969,65.699,1.37
1970,65.732,1.98
1971,65.766,1.27
1972,65.799,1.06
1973,65.832,0.91
1974,65.866,0.71
1975,65.899,0.56
1976,65.933,0.45
1977,65.966,1.63
1978,65.999,0.52
1979,66.033,0.72
1980,66.066,0.96
1981,66.099,1.54
1982,66.133,2.46
1983,66.166,3.57
1984,66.200,4.96
1985,66.233,6.26
1986,66.266,7.81
1987,66.300,9.35
1988,66.333,10.23
1989,66.366,9.82
1990,66.400,8.75
1991,66.433,6.96
1992,66.466,5.50
1993,66.500,4.30
1994,66.533,3.33
1995,66.567,3.10
1996,66.600,2.90
1997,66.633,2.73
1998,66.667,2.78
1999,66.700,2.47
2000,66.733,2.53
2001,66.767,2.48
2002,66.800,2.40
2003,66.834,2.41
2004,66.867,2.58
2005,66.900,2.66
2006,66.934,2.64
2007,66.967,2.39
2008,67.000,1.72
2009,67.034,2.43
2010,67.067,3.26
2011,67.100,4.08
2012,67.134,4.21
2013,67.167,3.62
2014,67.201,2.30
2015,67.234,2.00
2016,67.267,2.20
2017,67.301,2.46
2018,67.334,2.62
2019,67.367,2.31
2020,67.401,1.72
2021,67.434,10.92
2022,67.467,1.96
2023,67.501,2.91
2024,67.534,3.14
2025,67.568,2.56
2026,67.601,1.20
2027,67.634,1.21
2028,67.668,1.43
2029,67.701,1.54
2030,67.734,7.12
2031,67.768,7.13
2032,67.801,2.43
2033,67.835,10.22
2034,67.868,3.15
2035,67.901,34.23
2036,67.935,21.16
2037,67.968,61.82
2038,68.001,57.94
2039,68.035,0.21
2040,68.068,11.74
2041,68.101,34.81
2042,68.135,8.15
2043,68.168,3.67
2044,68.202,0.76
2045,68.235,1.13
2046,68.268,0.95
2047,68.302,1.16
2048,68.335,1.05
2049,68.368,1.34
2050,68.402,1.19
2051,68.435,1.22
2052,68.468,1.46
2053,68.502,1.20
2054,68.535,1.29
2055,68.569,1.48
2056,68.602,1.41
2057,68.635,1.42
2058,68.669,1.53
2059,68.702,1.47
2060,68.735,1.68
2061,68.769,1.58
2062,68.802,1.57
2063,68.836,1.67
2064,68.869,1.73
2065,68.902,1.67
2066,68.936,1.77
2067,68.969,1.87
2068,69.002,1.79
2069,69.036,3.55
2070,69.069,2.12
2071,69.102,2.25
2072,69.136,2.49
2073,69.169,2.54
2074,69.203,2.71
2075,69.236,2.79
2076,69.269,2.75
2077,69.303,2.77
2078,69.336,2.69
2079,69.369,2.78
2080,69.403,2.42
2081,69.436,2.35
2082,69.469,3.19
2083,69.503,2.67
2084,69.536,2.70
2085,69.570,2.77
2086,69.603,2.55
2087,69.636,2.69
2088,69.670,2.64
2089,69.703,2.43
2090,69.736,2.75
2091,69.770,3.04
2092,69.803,3.09
2093,69.837,3.37
2094,69.870,3.17
2095,69.903,3.05
2096,69.937,2.91
2097,69.970,2.63
2098,70.003,3.36
2099,70.037,3.35
2100,70.070,5.38
2101,70.103,3.35
2102,70.137,3.01
2103,70.170,3.50
2104,70.204,3.37
2105,70.237,3.65
2106,70.270,3.76
2107,70.304,3.38
2108,70.337,3.13
2109,70.370,2.92
2110,70.404,3.36
2111,70.437,3.37
2112,70.470,3.33
2113,70.504,3.15
2114,70.537,2.94
2115,70.571,2.89
2116,70.604,3.13
2117,70.637,3.55
2118,70.671,3.73
2119,70.704,3.43
2120,70.737,2.97
2121,70.771,3.04
2122,70.804,3.31
2123,70.838,3.60
2124,70.871,3.62
2125,70.904,3.26
2126,70.938,3.33
2127,70.971,3.80
2128,71.004,3.59
2129,71.038,4.10
2130,71.071,3.96
2131,71.104,3.60
2132,71.138,3.18
2133,71.171,3.66
2134,71.205,3.72
2135,71.238,3.68
2136,71.271,3.57
2137,71.305,5.46
2138,71.338,3.66
2139,71.371,3.49
2140,71.405,3.67
2141,71.438,3.87
2142,71.471,3.99
2143,71.505,3.68
2144,71.538,3.48
2145,71.572,3.86
2146,71.605,3.79
2147,71.638,3.87
2148,71.672,3.63
2149,71.705,3.52
2150,71.738,3.56
2151,71.772,3.61
2152,71.805,3.16
2153,71.839,3.29
2154,71.872,3.43
2155,71.905,3.20
2156,71.939,3.27
2157,71.972,3.13
2158,72.005,3.46
2159,72.039,3.32
2160,72.072,3.37
2161,72.105,3.16
2162,72.139,3.35
2163,72.172,3.22
2164,72.206,2.95
2165,72.239,3.08
2166,72.272,2.76
2167,72.306,2.86
2168,72.339,3.01
2169,72.372,2.83
2170,72.406,2.82
2171,72.439,2.70
2172,72.472,2.67
2173,72.506,2.92
2174,72.539,3.12
2175,72.573,2.75
2176,72.606,2.93
2177,72.639,2.81
2178,72.673,2.91
2179,72.706,4.43
2180,72.739,3.24
2181,72.773,2.93
2182,72.806,3.09
2183,72.840,2.66
2184,72.873,2.79
2185,72.906,3.08
2186,72.940,2.99
2187,72.973,3.09
2188,73.006,2.68
2189,73.040,3.16
2190,73.073,2.64
2191,73.106,2.68
2192,73.140,2.70
2193,73.173,2.71
2194,73.207,2.58
2195,73.240,2.37
2196,73.273,2.51
2197,73.307,2.23
2198,73.340,2.23
2199,73.373,2.08
2200,73.407,2.07
2201,73.440,1.97
2202,73.473,1.90
2203,73.507,2.04
2204,73.540,5.20
2205,73.574,35.68
2206,73.607,2.99
2207,73.640,1.98
2208,73.674,94.93
2209,73.707,42.22
2210,73.740,9.23
2211,73.774,38.87
2212,73.807,0.75
2213,73.841,7.27
2214,73.874,15.50
2215,73.907,0.71
2216,73.941,1.33
2217,73.974,0.62
2218,74.007,0.74
2219,74.041,1.05
2220,74.074,1.36
2221,74.107,1.72
2222,74.141,1.57
2223,74.174,1.11
2224,74.208,0.69
2225,74.241,0.50
2226,74.274,1.54
2227,74.308,0.91
2228,74.341,1.28
2229,74.374,1.75
2230,74.408,2.84
2231,74.441,2.23
2232,74.474,2.22
2233,74.508,1.80
2234,74.541,1.17
2235,74.575,0.71
2236,74.608,0.85
2237,74.641,1.24
2238,74.675,1.54
2239,74.708,1.71
2240,74.741,1.50
2241,74.775,1.10
2242,74.808,0.59
2243,74.842,0.39
2244,74.875,0.54
2245,74.908,0.59
2246,74.942,0.52
2247,74.975,0.60
2248,75.008,0.80
2249,75.042,1.27
2250,75.075,2.30
2251,75.108,2.17
2252,75.142,2.40
2253,75.175,2.28
2254,75.209,1.85
2255,75.242,1.29
2256,75.275,0.77
2257,75.309,1.06
2258,75.342,1.74
2259,75.375,2.89
2260,75.409,2.88
2261,75.442,2.91
2262,75.475,2.86
2263,75.509,3.29
2264,75.542,4.20
2265,75.576,5.36
2266,75.609,6.56
2267,75.642,7.05
2268,75.676,7.27
2269,75.709,7.67
2270,75.742,6.55
2271,75.776,6.87
2272,75.809,6.57
2273,75.843,6.31
2274,75.876,5.84
2275,75.909,5.56
2276,75.943,5.19
2277,75.976,5.00
2278,76.009,4.60
2279,76.043,3.74
2280,76.076,3.21
2281,76.109,2.72
2282,76.143,2.08
2283,76.176,1.97
2284,76.210,1.74
2285,76.243,1.87
2286,76.276,2.24
2287,76.310,3.54
2288,76.343,2.50
2289,76.376,2.51
2290,76.410,2.46
2291,76.443,2.37
2292,76.476,2.27
2293,76.510,2.14
2294,76.543,2.15
2295,76.577,2.32
2296,76.610,2.60
2297,76.643,2.84
2298,76.677,3.40
2299,76.710,3.53
2300,76.743,2.70
2301,76.777,2.36
2302,76.810,1.87
2303,76.844,1.44
2304,76.877,2.99
2305,76.910,1.32
2306,76.944,1.64
2307,76.977,1.63
2308,77.010,1.68
2309,77.044,1.71
2310,77.077,1.67
2311,77.110,1.69
2312,77.144,1.68
2313,77.177,1.61
2314,77.211,2.49
2315,77.244,1.54
2316,77.277,1.82
2317,77.311,2.06
2318,77.344,2.19
2319,77.377,2.24
2320,77.411,2.51
2321,77.444,2.79
2322,77.477,2.89
2323,77.511,2.54
2324,77.544,2.31
2325,77.578,2.18
2326,77.611,3.01
2327,77.644,2.55
2328,77.678,2.73
2329,77.711,2.82
2330,77.744,2.98
2331,77.778,2.94
2332,77.811,2.82
2333,77.845,2.91
2334,77.878,3.09
2335,77.911,3.70
2336,77.945,3.14
2337,77.978,2.96
2338,78.011,2.78
2339,78.045,2.62
2340,78.078,2.42
2341,78.111,2.74
2342,78.145,2.15
2343,78.178,2.14
2344,78.212,2.48
2345,78.245,2.82
2346,78.278,3.08
2347,78.312,3.27
2348,78.345,2.93
2349,78.378,2.34
2350,78.412,2.65
2351,78.445,2.35
2352,78.478,1.97
2353,78.512,1.63
2354,78.545,1.36
2355,78.579,1.06
2356,78.612,0.88
2357,78.645,0.75
2358,78.679,0.64
2359,78.712,0.61
2360,78.745,0.47
2361,78.779,0.32
2362,78.812,0.29
2363,78.846,0.50
2364,78.879,0.80
2365,78.912,1.28
2366,78.946,1.73
2367,78.979,1.55
2368,79.012,0.98
2369,79.046,0.86
2370,79.079,0.85
2371,79.112,0.77
2372,79.146,0.58
2373,79.179,0.46
2374,79.213,0.44
2375,79.246,0.44
2376,79.279,0.92
2377,79.313,0.46
2378,79.346,0.40
2379,79.379,0.54
2380,79.413,0.76
2381,79.446,1.10
2382,79.479,1.36
2383,79.513,1.25
2384,79.546,1.00
2385,79.580,0.74
2386,79.613,0.78
2387,79.646,0.71
2388,79.680,0.59
2389,79.713,0.44
2390,79.746,0.41
2391,79.780,1.18
2392,79.813,0.77
2393,79.847,0.83
2394,79.880,0.68
2395,79.913,0.63
2396,79.947,0.68
2397,79.980,0.92
2398,80.013,1.33
2399,80.047,1.50
2400,80.080,1.30
2401,80.113,0.82
2402,80.147,0.46
2403,80.180,0.49
2404,80.214,0.79
2405,80.247,1.17
2406,80.280,1.50
2407,80.314,1.69
2408,80.347,1.70
2409,80.380,1.72
2410,80.414,2.30
2411,80.447,1.31
2412,80.480,1.14
2413,80.514,1.00
2414,80.547,0.75
2415,80.581,0.72
2416,80.614,0.96
2417,80.647,1.42
2418,80.681,2.03
2419,80.714,2.63
2420,80.747,2.81
2421,80.781,2.11
2422,80.814,1.00
2423,80.848,0.47
2424,80.881,1.06
2425,80.914,1.60
2426,80.948,2.08
2427,80.981,2.16
2428,81.014,1.95
2429,81.048,1.56
2430,81.081,2.20
2431,81.114,1.10
2432,81.148,1.21
2433,81.181,1.56
2434,81.215,2.44
2435,81.248,1.91
2436,81.281,1.48
2437,81.315,0.72
2438,81.348,0.41
2439,81.381,1.06
2440,81.415,1.55
2441,81.448,1.56
2442,81.481,1.54
2443,81.515,1.39
2444,81.548,1.17
2445,81.582,1.46
2446,81.615,1.59
2447,81.648,2.03
2448,81.682,1.99
2449,81.715,1.43
2450,81.748,0.70
2451,81.782,1.37
2452,81.815,1.80
2453,81.849,2.00
2454,81.882,2.02
2455,81.915,1.96
2456,81.949,2.42
2457,81.982,1.49
2458,82.015,1.18
2459,82.049,1.10
2460,82.082,1.03
2461,82.115,1.00
2462,82.149,1.27
2463,82.182,1.60
2464,82.216,2.02
2465,82.249,2.24
2466,82.282,2.18
2467,82.316,1.92
2468,82.349,2.12
2469,82.382,0.96
2470,82.416,0.74
2471,82.449,0.65
2472,82.482,0.46
2473,82.516,0.25
2474,82.549,0.11
2475,82.583,0.20
2476,82.616,0.23
2477,82.649,11.25
2478,82.683,13.08
2479,82.716,19.09
2480,82.749,33.99
2481,82.783,26.79
2482,82.816,22.54
2483,82.850,15.83
2484,82.883,7.34
2485,82.916,1.28
2486,82.950,1.73
2487,82.983,1.28
2488,83.016,1.39
2489,83.050,1.32
2490,83.083,1.10
2491,83.116,0.96
2492,83.150,0.83
2493,83.183,0.70
2494,83.217,1.12
2495,83.250,0.63
2496,83.283,0.55
2497,83.317,0.64
2498,83.350,0.69
2499,83.383,0.50
2500,83.417,0.49
2501,83.450,0.71
2502,83.483,1.54
2503,83.517,0.78
2504,83.550,0.75
2505,83.584,0.85
2506,83.617,1.00
2507,83.650,1.25
2508,83.684,1.67
2509,83.717,1.78
2510,83.750,1.33
2511,83.784,0.80
2512,83.817,1.32
2513,83.851,1.88
2514,83.884,3.03
2515,83.917,2.46
2516,83.951,2.03
2517,83.984,1.22
2518,84.017,1.27
2519,84.051,1.82
2520,84.084,2.31
2521,84.117,2.13
2522,84.151,1.58
2523,84.184,0.67
2524,84.218,0.76
2525,84.251,0.67
2526,84.284,0.51
2527,84.318,0.52
2528,84.351,0.78
2529,84.384,0.68
2530,84.418,0.53
2531,84.451,0.49
2532,84.484,0.62
2533,84.518,1.41
2534,84.551,0.86
2535,84.585,0.93
2536,84.618,0.99
2537,84.651,0.86
2538,84.685,0.80
2539,84.718,0.51
2540,84.751,0.51
2541,84.785,0.70
2542,84.818,1.76
2543,84.852,1.23
2544,84.885,1.35
2545,84.918,1.10
2546,84.952,1.02
2547,84.985,1.01
2548,85.018,1.55
2549,85.052,1.44
2550,85.085,1.05
2551,85.118,0.46
2552,85.152,0.79
2553,85.185,1.38
2554,85.219,1.70
2555,85.252,2.57
2556,85.285,1.91
2557,85.319,1.68
2558,85.352,1.34
2559,85.385,0.94
2560,85.419,1.16
2561,85.452,1.29
2562,85.485,1.07
2563,85.519,0.73
2564,85.552,0.72
2565,85.586,1.01
2566,85.619,0.95
2567,85.652,0.90
2568,85.686,1.41
2569,85.719,0.71
2570,85.752,0.80
2571,85.786,0.87
2572,85.819,0.96
2573,85.853,1.19
2574,85.886,1.46
2575,85.919,2.60
2576,85.953,2.47
2577,85.986,2.66
2578,86.019,2.10
2579,86.053,2.60
2580,86.086,4.14
2581,86.119,5.37
2582,86.153,6.49
2583,86.186,7.01
2584,86.220,6.79
2585,86.253,6.61
2586,86.286,6.87
2587,86.320,6.86
2588,86.353,6.78
2589,86.386,5.12
2590,86.420,3.46
2591,86.453,2.42
2592,86.486,2.11
2593,86.520,2.01
2594,86.553,1.92
2595,86.587,1.93
2596,86.620,1.59
2597,86.653,1.40
2598,86.687,1.94
2599,86.720,2.29
2600,86.753,2.08
2601,86.787,1.28
2602,86.820,2.04
2603,86.854,3.86
2604,86.887,1.68
2605,86.920,1.45
2606,86.954,1.97
2607,86.987,2.27
2608,87.020,2.41
2609,87.054,2.46
2610,87.087,2.51
2611,87.120,2.60
2612,87.154,2.66
2613,87.187,2.37
2614,87.221,1.97
2615,87.254,1.25
2616,87.287,0.83
2617,87.321,3.86
2618,87.354,4.50
2619,87.387,5.27
2620,87.421,4.31
2621,87.454,2.15
2622,87.487,1.05
2623,87.521,1.10
2624,87.554,1.12
2625,87.588,1.07
2626,87.621,1.09
2627,87.654,1.22
2628,87.688,1.53
2629,87.721,2.12
2630,87.754,2.75
2631,87.788,3.44
2632,87.821,3.74
2633,87.855,3.58
2634,87.888,3.51
2635,87.921,4.10
2636,87.955,2.66
2637,87.988,2.01
2638,88.021,2.94
2639,88.055,4.43
2640,88.088,5.28
2641,88.121,5.06
2642,88.155,3.46
2643,88.188,2.25
2644,88.222,2.20
2645,88.255,2.20
2646,88.288,2.10
2647,88.322,1.50
2648,88.355,5.39
2649,88.388,9.57
2650,88.422,13.53
2651,88.455,16.88
2652,88.488,17.07
2653,88.522,20.15
2654,88.555,26.21
2655,88.589,92.81
2656,88.622,16.56
2657,88.655,9.54
2658,88.689,6.62
2659,88.722,5.24
2660,88.755,3.87
2661,88.789,2.95
2662,88.822,2.04
2663,88.856,1.82
2664,88.889,1.89
2665,88.922,1.78
2666,88.956,7.05
2667,88.989,2.70
2668,89.022,2.49
2669,89.056,2.39
2670,89.089,2.19
2671,89.122,2.24
2672,89.156,2.48
2673,89.189,2.28
2674,89.223,2.32
2675,89.256,2.74
2676,89.289,2.53
2677,89.323,2.50
2678,89.356,2.40
2679,89.389,2.31
2680,89.423,2.34
2681,89.456,2.43
2682,89.489,2.56
2683,89.523,2.55
2684,89.556,2.64
2685,89.590,2.57
2686,89.623,2.69
2687,89.656,2.58
2688,89.690,2.42
2689,89.723,2.88
2690,89.756,2.49
2691,89.790,1.72
2692,89.823,1.77
2693,89.857,2.34
2694,89.890,3.35
2695,89.923,2.17
2696,89.957,2.30
2697,89.990,3.45
2698,90.023,2.74
2699,90.057,3.58
2700,90.090,3.32
2701,90.123,3.24
2702,90.157,4.39
2703,90.190,3.15
2704,90.224,3.24
2705,90.257,2.88
2706,90.290,2.60
2707,90.324,2.25
2708,90.357,1.36
2709,90.390,1.46
2710,90.424,2.16
2711,90.457,2.44
2712,90.490,3.17
2713,90.524,3.70
2714,90.557,4.10
2715,90.591,4.33
2716,90.624,4.37
2717,90.657,4.96
2718,90.691,5.06
2719,90.724,4.96
2720,90.757,3.97
2721,90.791,2.46
2722,90.824,2.67
2723,90.858,3.14
2724,90.891,3.62
2725,90.924,4.61
2726,90.958,5.12
2727,90.991,5.43
2728,91.024,5.52
2729,91.058,5.61
2730,91.091,5.70
2731,91.124,5.03
2732,91.158,3.69
2733,91.191,3.73
2734,91.225,5.10
2735,91.258,5.35
2736,91.291,6.04
2737,91.325,6.84
2738,91.358,7.39
2739,91.391,7.72
2740,91.425,8.09
2741,91.458,7.18
2742,91.491,6.18
2743,91.525,6.11
2744,91.558,6.30
2745,91.592,11.03
2746,91.625,9.20
2747,91.658,8.98
2748,91.692,9.07
2749,91.725,9.28
2750,91.758,8.36
2751,91.792,7.15
2752,91.825,6.39
2753,91.859,5.57
2754,91.892,4.71
2755,91.925,4.00
2756,91.959,3.31
2757,91.992,2.68
2758,92.025,2.22
2759,92.059,1.80
2760,92.092,1.62
2761,92.125,2.01
2762,92.159,1.10
2763,92.192,0.67
2764,92.226,0.74
2765,92.259,0.68
2766,92.292,0.77
2767,92.326,0.83
2768,92.359,0.73
2769,92.392,0.65
2770,92.426,1.22
2771,92.459,1.18
2772,92.492,1.24
2773,92.526,1.24
2774,92.559,1.05
2775,92.593,0.73
2776,92.626,0.48
2777,92.659,0.42
2778,92.693,0.39
2779,92.726,0.58
2780,92.759,0.60
2781,92.793,0.56
2782,92.826,0.48
2783,92.860,0.46
2784,92.893,0.38
2785,92.926,0.50
2786,92.960,0.60
2787,92.993,0.84
2788,93.026,0.73
2789,93.060,1.33
2790,93.093,0.78
2791,93.126,0.55
2792,93.160,0.18
2793,93.193,0.08
2794,93.227,0.08
2795,93.260,0.27
2796,93.293,0.33
2797,93.327,0.24
2798,93.360,0.18
2799,93.393,0.20
2800,93.427,0.63
2801,93.460,0.65
2802,93.493,0.65
2803,93.527,0.54
2804,93.560,0.53
2805,93.594,0.56
2806,93.627,0.72
2807,93.660,0.59
2808,93.694,0.45
2809,93.727,0.91
2810,93.760,0.43
2811,93.794,0.39
2812,93.827,0.19
2813,93.861,0.05
2814,93.894,0.19
2815,93.927,0.27
2816,93.961,0.26
2817,93.994,0.38
2818,94.027,0.87
2819,94.061,0.80
2820,94.094,0.80
2821,94.127,0.70
2822,94.161,0.60
2823,94.194,0.67
2824,94.228,0.81
2825,94.261,0.97
2826,94.294,1.06
2827,94.328,1.84
2828,94.361,1.75
2829,94.394,1.85
2830,94.428,1.70
2831,94.461,1.56
2832,94.494,1.49
2833,94.528,1.61
2834,94.561,1.76
2835,94.595,1.97
2836,94.628,2.12
2837,94.661,2.24
2838,94.695,3.09
2839,94.728,3.19
2840,94.761,3.35
2841,94.795,3.50
2842,94.828,3.62
2843,94.862,4.47
2844,94.895,4.25
2845,94.928,8.33
2846,94.962,7.81
2847,94.995,6.98
2848,95.028,7.08
2849,95.062,7.56
2850,95.095,7.59
2851,95.128,8.02
2852,95.162,8.56
2853,95.195,7.98
2854,95.229,7.89
2855,95.262,7.11
2856,95.295,6.53
2857,95.329,5.88
2858,95.362,5.33
2859,95.395,4.81
2860,95.429,4.80
2861,95.462,4.25
2862,95.495,3.34
2863,95.529,3.13
2864,95.562,2.75
2865,95.596,2.48
2866,95.629,1.52
2867,95.662,2.01
2868,95.696,1.67
2869,95.729,1.64
2870,95.762,1.54
2871,95.796,0.48
2872,95.829,4.21
2873,95.863,3.91
2874,95.896,1.12
2875,95.929,4.21
2876,95.963,1.37
2877,95.996,14.85
2878,96.029,13.84
2879,96.063,31.66
2880,96.096,56.90
2881,96.129,0.45
2882,96.163,19.81
2883,96.196,58.24
2884,96.230,16.10
2885,96.263,8.12
2886,96.296,3.11
2887,96.330,3.17
2888,96.363,2.07
2889,96.396,1.70
2890,96.430,1.10
2891,96.463,1.08
2892,96.496,1.25
2893,96.530,1.43
2894,96.563,1.38
2895,96.597,1.57
2896,96.630,1.47
2897,96.663,1.49
2898,96.697,1.20
2899,96.730,0.65
2900,96.763,0.71
2901,96.797,1.19
2902,96.830,1.12
2903,96.864,1.74
2904,96.897,1.01
2905,96.930,1.30
2906,96.964,1.36
2907,96.997,1.13
2908,97.030,0.65
2909,97.064,0.93
2910,97.097,1.59
2911,97.130,2.12
2912,97.164,2.30
2913,97.197,1.65
2914,97.231,0.73
2915,97.264,0.92
2916,97.297,1.49
2917,97.331,1.99
2918,97.364,3.09
2919,97.397,2.14
2920,97.431,1.88
2921,97.464,1.43
2922,97.497,1.11
2923,97.531,1.25
2924,97.564,1.35
2925,97.598,1.63
2926,97.631,1.83
2927,97.664,1.95
2928,97.698,1.46
2929,97.731,0.73
2930,97.764,1.20
2931,97.798,1.16
2932,97.831,0.87
2933,97.865,0.47
2934,97.898,0.50
2935,97.931,0.79
2936,97.965,1.19
2937,97.998,0.88
2938,98.031,1.23
2939,98.065,1.15
2940,98.098,0.81
2941,98.131,0.59
2942,98.165,0.99
2943,98.198,0.95
2944,98.232,0.49
2945,98.265,1.49
2946,98.298,0.79
2947,98.332,0.46
2948,98.365,0.88
2949,98.398,1.43
2950,98.432,1.43
2951,98.465,0.89
2952,98.498,0.81
2953,98.532,1.69
2954,98.565,2.15
2955,98.599,2.27
2956,98.632,2.20
2957,98.665,1.85
2958,98.699,2.16
2959,98.732,1.27
2960,98.765,1.43
2961,98.799,1.89
2962,98.832,2.44
2963,98.866,2.85
2964,98.899,3.01
2965,98.932,2.86
2966,98.966,1.77
2967,98.999,1.53
2968,99.032,1.76
2969,99.066,1.76
2970,99.099,1.39
2971,99.132,1.25
2972,99.166,1.42
2973,99.199,1.58
2974,99.233,1.84
2975,99.266,1.76
2976,99.299,0.96
2977,99.333,1.24
2978,99.366,1.74
2979,99.399,1.74
2980,99.433,1.40
2981,99.466,0.99
2982,99.499,0.57
2983,99.533,0.64
2984,99.566,1.21
2985,99.600,1.65
2986,99.633,2.03
2987,99.666,1.64
2988,99.700,0.71
2989,99.733,0.52
2990,99.766,0.50
2991,99.800,0.37
2992,99.833,0.27
2993,99.867,0.24
2994,99.900,0.34
2995,99.933,0.57
2996,99.967,6.18
2997,100.000,1.27
2998,100.033,1.42
2999,100.067,1.34
3000,100.100,1.82
3001,100.133,1.25
3002,100.167,1.28
3003,100.200,1.33
3004,100.234,1.37
3005,100.267,0.99
3006,100.300,1.01
3007,100.334,1.16
3008,100.367,1.29
3009,100.400,1.23
3010,100.434,1.23
3011,100.467,1.24
3012,100.501,1.69
3013,100.534,0.66
3014,100.567,0.48
3015,100.601,0.69
3016,100.634,1.24
3017,100.667,2.35
3018,100.701,2.00
3019,100.734,1.93
3020,100.767,1.21
3021,100.801,0.78
3022,100.834,0.73
3023,100.868,0.82
3024,100.901,0.82
3025,100.934,0.71
3026,100.968,0.77
3027,101.001,1.25
3028,101.034,1.72
3029,101.068,2.25
3030,101.101,2.64
3031,101.134,2.98
3032,101.168,4.09
3033,101.201,2.86
3034,101.235,2.33
3035,101.268,1.96
3036,101.301,1.67
3037,101.335,1.53
3038,101.368,1.56
3039,101.401,1.57
3040,101.435,1.23
3041,101.468,0.61
3042,101.502,0.50
3043,101.535,0.83
3044,101.568,0.93
3045,101.602,0.98
3046,101.635,1.05
3047,101.668,1.20
3048,101.702,1.22
3049,101.735,1.20
3050,101.768,0.99
3051,101.802,0.68
3052,101.835,0.61
3053,101.869,1.02
3054,101.902,1.44
3055,101.935,2.75
3056,101.969,1.90
3057,102.002,1.42
3058,102.035,0.54
3059,102.069,0.95
3060,102.102,1.14
3061,102.135,1.25
3062,102.169,1.21
3063,102.202,1.01
3064,102.236,0.84
3065,102.269,0.56
3066,102.302,0.90
3067,102.336,2.10
3068,102.369,1.75
3069,102.402,1.72
3070,102.436,1.08
3071,102.469,0.28
3072,102.503,0.63
3073,102.536,0.60
3074,102.569,0.53
3075,102.603,0.49
3076,102.636,0.63
3077,102.669,0.83
3078,102.703,1.09
3079,102.736,4.04
3080,102.769,0.44
3081,102.803,0.55
3082,102.836,1.35
3083,102.870,0.91
3084,102.903,1.55
3085,102.936,0.87
3086,102.970,0.73
3087,103.003,0.59
3088,103.036,0.57
3089,103.070,0.53
3090,103.103,0.63
3091,103.136,0.80
3092,103.170,0.67
3093,103.203,0.62
3094,103.237,0.45
3095,103.270,0.61
3096,103.303,0.83
3097,103.337,0.93
3098,103.370,1.75
3099,103.403,1.29
3100,103.437,1.44
3101,103.470,1.36
3102,103.504,1.17
3103,103.537,0.92
3104,103.570,0.42
3105,103.604,0.79
3106,103.637,1.01
3107,103.670,1.01
3108,103.704,0.93
3109,103.737,0.71
3110,103.770,0.49
3111,103.804,0.48
3112,103.837,0.65
3113,103.871,0.86
3114,103.904,1.90
3115,103.937,1.63
3116,103.971,1.74
3117,104.004,1.22
3118,104.037,0.55
3119,104.071,1.49
3120,104.104,1.89
3121,104.137,1.86
3122,104.171,1.50
3123,104.204,1.20
3124,104.238,0.86
3125,104.271,1.79
3126,104.304,1.17
3127,104.338,1.63
3128,104.371,1.94
3129,104.404,1.97
3130,104.438,1.81
3131,104.471,1.49
3132,104.505,0.49
3133,104.538,0.65
3134,104.571,0.58
3135,104.605,0.42
3136,104.638,0.29
3137,104.671,0.35
3138,104.705,1.42
3139,104.738,7.57
3140,104.771,11.20
3141,104.805,14.67
3142,104.838,18.46
3143,104.872,20.86
3144,104.905,23.14
3145,104.938,26.16
3146,104.972,45.68
3147,105.005,7.59
3148,105.038,5.55
3149,105.072,4.15
3150,105.105,3.21
3151,105.138,2.57
3152,105.172,6.01
3153,105.205,7.94
3154,105.239,2.03
3155,105.272,3.40
3156,105.305,0.98
3157,105.339,1.32
3158,105.372,0.99
3159,105.405,1.20
3160,105.439,1.30
3161,105.472,0.91
3162,105.506,0.95
3163,105.539,1.00
3164,105.572,1.07
3165,105.606,0.98
3166,105.639,1.47
3167,105.672,0.94
3168,105.706,0.98
3169,105.739,7.77
3170,105.772,3.10
3171,105.806,1.33
3172,105.839,1.84
3173,105.873,1.00
3174,105.906,1.00
3175,105.939,0.88
3176,105.973,1.04
3177,106.006,1.20
3178,106.039,1.07
3179,106.073,1.18
3180,106.106,1.63
3181,106.139,1.60
3182,106.173,1.57
3183,106.206,1.67
3184,106.240,5.37
3185,106.273,5.84
3186,106.306,6.20
3187,106.340,3.74
3188,106.373,1.69
3189,106.406,0.97
3190,106.440,0.84
3191,106.473,0.70
3192,106.507,0.73
3193,106.540,0.74
3194,106.573,0.58
3195,106.607,0.64
3196,106.640,0.60
3197,106.673,0.28
3198,106.707,0.67
3199,106.740,9.90
3200,106.773,10.77
3201,106.807,10.71
3202,106.840,6.14
3203,106.874,1.88
3204,106.907,1.11
3205,106.940,1.16
3206,106.974,1.65
3207,107.007,1.61
3208,107.040,2.09
3209,107.074,2.14
3210,107.107,2.30
3211,107.140,1.98
3212,107.174,1.71
3213,107.207,2.02
3214,107.241,2.08
3215,107.274,1.51
3216,107.307,0.91
3217,107.341,0.77
3218,107.374,0.71
3219,107.407,0.42
3220,107.441,0.54
3221,107.474,0.71
3222,107.508,0.40
3223,107.541,0.43
3224,107.574,0.72
3225,107.608,0.58
3226,107.641,10.97
3227,107.674,4.63
3228,107.708,5.47
3229,107.741,3.16
3230,107.774,1.77
3231,107.808,1.23
3232,107.841,1.02
3233,107.875,0.85
3234,107.908,1.21
3235,107.941,1.21
3236,107.975,0.81
3237,108.008,4.96
3238,108.041,5.08
3239,108.075,1.45
3240,108.108,1.77
3241,108.141,1.26
3242,108.175,0.75
3243,108.208,0.94
3244,108.242,1.03
3245,108.275,0.89
3246,108.308,0.77
3247,108.342,0.49
3248,108.375,0.66
3249,108.408,0.66
3250,108.442,0.51
3251,108.475,0.74
3252,108.509,0.53
3253,108.542,0.59
3254,108.575,0.64
3255,108.609,0.55
3256,108.642,0.66
3257,108.675,3.77
3258,108.709,4.42
3259,108.742,1.07
3260,108.775,1.80
3261,108.809,0.65
3262,108.842,0.80
3263,108.876,1.01
3264,108.909,0.68
3265,108.942,0.80
3266,108.976,0.79
3267,109.009,0.85
3268,109.042,0.88
3269,109.076,4.60
3270,109.109,7.60
3271,109.142,1.50
3272,109.176,2.90
3273,109.209,1.18
3274,109.243,0.85
3275,109.276,0.61
3276,109.309,0.38
3277,109.343,0.47
3278,109.376,0.48
3279,109.409,0.50
3280,109.443,0.46
3281,109.476,0.49
3282,109.510,0.59
3283,109.543,0.85
3284,109.576,0.46
3285,109.610,0.70
3286,109.643,0.54
3287,109.676,5.49
3288,109.710,2.51
3289,109.743,0.68
3290,109.776,1.21
3291,109.810,0.56
3292,109.843,0.47
3293,109.877,0.73
3294,109.910,0.65
3295,109.943,2.18
3296,109.977,3.13
3297,110.010,0.93
3298,110.043,1.57
3299,110.077,0.98
3300,110.110,0.96
3301,110.143,0.83
3302,110.177,0.83
3303,110.210,1.16
3304,110.244,3.19
3305,110.277,1.11
3306,110.310,2.87
3307,110.344,4.16
3308,110.377,4.54
3309,110.410,2.45
3310,110.444,0.79
3311,110.477,0.44
3312,110.511,0.25
3313,110.544,0.34
3314,110.577,0.39
3315,110.611,0.40
3316,110.644,0.58
3317,110.677,6.22
3318,110.711,6.12
3319,110.744,6.35
3320,110.777,3.92
3321,110.811,1.48
3322,110.844,1.15
3323,110.878,1.06
3324,110.911,1.22
3325,110.944,0.90
3326,110.978,1.00
3327,111.011,0.83
3328,111.044,1.19
3329,111.078,0.83
3330,111.111,0.77
3331,111.144,1.04
3332,111.178,0.46
3333,111.211,0.63
3334,111.245,0.66
3335,111.278,0.75
3336,111.311,0.34
3337,111.345,0.44
3338,111.378,0.39
3339,111.411,0.26
3340,111.445,0.58
3341,111.478,5.62
3342,111.512,0.83
3343,111.545,0.65
3344,111.578,0.51
3345,111.612,0.51
3346,111.645,0.37
3347,111.678,0.27
3348,111.712,0.56
3349,111.745,0.59
3350,111.778,0.95
3351,111.812,0.60
3352,111.845,0.55
3353,111.879,1.32
3354,111.912,1.36
3355,111.945,1.73
3356,111.979,1.35
3357,112.012,0.87
3358,112.045,1.04
3359,112.079,0.76
3360,112.112,0.96
3361,112.145,0.78
3362,112.179,0.64
3363,112.212,1.08
3364,112.246,0.93
3365,112.279,0.49
3366,112.312,3.66
3367,112.346,5.00
3368,112.379,1.33
3369,112.412,1.88
3370,112.446,0.53
3371,112.479,0.47
3372,112.513,0.16
3373,112.546,0.28
3374,112.579,0.46
3375,112.613,0.38
3376,112.646,0.48
3377,112.679,0.05
3378,112.713,0.71
3379,112.746,0.85
3380,112.779,0.39
3381,112.813,0.62
3382,112.846,0.42
3383,112.880,0.94
3384,112.913,1.56
3385,112.946,3.20
3386,112.980,4.96
3387,113.013,7.15
3388,113.046,8.99
3389,113.080,14.68
3390,113.113,20.29
3391,113.146,49.92
3392,113.180,22.29
3393,113.213,22.33
3394,113.247,18.11
3395,113.280,14.05
3396,113.313,10.37
3397,113.347,4.92
3398,113.380,0.78
3399,113.413,0.24
3400,113.447,0.57
3401,113.480,1.47
3402,113.514,1.61
3403,113.547,1.93
3404,113.580,1.87
3405,113.614,1.50
3406,113.647,1.10
3407,113.680,0.80
3408,113.714,0.52
3409,113.747,0.37
3410,113.780,0.92
3411,113.814,0.54
3412,113.847,0.37
3413,113.881,0.96
3414,113.914,2.01
3415,113.947,1.91
3416,113.981,1.87
3417,114.014,1.38
3418,114.047,0.89
3419,114.081,1.93
3420,114.114,0.73
3421,114.147,1.00
3422,114.181,1.19
3423,114.214,1.34
3424,114.248,1.47
3425,114.281,1.35
3426,114.314,0.53
3427,114.348,0.98
3428,114.381,1.43
3429,114.414,0.96
3430,114.448,0.59
3431,114.481,1.19
3432,114.515,1.31
3433,114.548,1.06
3434,114.581,1.54
3435,114.615,1.80
3436,114.648,1.94
3437,114.681,3.38
3438,114.715,2.17
3439,114.748,2.16
3440,114.781,2.06
3441,114.815,1.86
3442,114.848,1.62
3443,114.882,1.22
3444,114.915,0.87
3445,114.948,0.93
3446,114.982,0.98
3447,115.015,0.92
3448,115.048,0.81
3449,115.082,0.54
3450,115.115,0.40
3451,115.148,0.25
3452,115.182,0.28
3453,115.215,0.35
3454,115.249,1.10
3455,115.282,0.61
3456,115.315,0.78
3457,115.349,1.76
3458,115.382,1.25
3459,115.415,1.61
3460,115.449,1.71
3461,115.482,1.98
3462,115.516,1.93
3463,115.549,1.93
3464,115.582,2.05
3465,115.616,1.62
3466,115.649,1.39
3467,115.682,1.25
3468,115.716,0.93
3469,115.749,0.68
3470,115.782,0.70
3471,115.816,0.77
3472,115.849,0.90
3473,115.883,0.97
3474,115.916,1.02
3475,115.949,0.91
3476,115.983,0.87
3477,116.016,0.86
3478,116.049,0.97
3479,116.083,1.79
3480,116.116,1.33
3481,116.149,1.56
3482,116.183,1.89
3483,116.216,1.86
3484,116.250,1.56
3485,116.283,1.69
3486,116.316,0.79
3487,116.350,0.99
3488,116.383,1.47
3489,116.416,1.84
3490,116.450,1.78
3491,116.483,1.49
3492,116.517,1.32
3493,116.550,1.32
3494,116.583,1.47
3495,116.617,1.56
3496,116.650,2.64
3497,116.683,1.69
3498,116.717,1.56
3499,116.750,1.32
3500,116.783,0.76
3501,116.817,0.65
3502,116.850,0.60
3503,116.884,0.54
3504,116.917,0.48
3505,116.950,0.39
3506,116.984,0.45
3507,117.017,0.58
3508,117.050,7.39
3509,117.084,1.97
3510,117.117,1.87
3511,117.150,1.83
3512,117.184,1.14
3513,117.217,0.76
3514,117.251,0.60
3515,117.284,0.38
3516,117.317,0.22
3517,117.351,0.22
3518,117.384,0.27
3519,117.417,0.38
3520,117.451,0.45
3521,117.484,1.05
3522,117.518,0.36
3523,117.551,0.26
3524,117.584,0.40
3525,117.618,0.56
3526,117.651,0.89
3527,117.684,1.22
3528,117.718,1.37
3529,117.751,1.31
3530,117.784,1.12
3531,117.818,1.74
3532,117.851,0.64
3533,117.885,0.88
3534,117.918,1.17
3535,117.951,1.46
3536,117.985,1.16
3537,118.018,0.67
3538,118.051,0.70
3539,118.085,0.62
3540,118.118,0.34
3541,118.151,0.43
3542,118.185,0.54
3543,118.218,0.47
3544,118.252,0.55
3545,118.285,0.80
3546,118.318,0.90
3547,118.352,0.98
3548,118.385,24.43
3549,118.418,4.95
3550,118.452,5.46
3551,118.485,5.97
3552,118.519,12.33
3553,118.552,3.23
3554,118.585,2.56
3555,118.619,2.66
3556,118.652,3.57
3557,118.685,3.74
3558,118.719,1.18
3559,118.752,1.74
3560,118.785,2.31
3561,118.819,3.62
3562,118.852,3.58
3563,118.886,1.61
3564,118.919,1.98
3565,118.952,1.98
3566,118.986,1.71
3567,119.019,1.53
3568,119.052,1.31
3569,119.086,1.44
3570,119.119,7.33
3571,119.152,60.15
3572,119.186,3.19
3573,119.219,0.89
3574,119.253,70.78
3575,119.286,41.64
3576,119.319,9.09
3577,119.353,38.13
3578,119.386,0.49
3579,119.419,7.18
3580,119.453,15.06
3581,119.486,0.45
3582,119.520,0.83
3583,119.553,1.18
3584,119.586,1.55
3585,119.620,2.23
3586,119.653,1.74
3587,119.686,1.42
3588,119.720,0.62
3589,119.753,0.81
3590,119.786,1.00
3591,119.820,1.12
3592,119.853,1.06
3593,119.887,0.73
3594,119.920,0.49
3595,119.953,1.43
3596,119.987,1.20
3597,120.020,1.05
3598,120.053,1.55
3599,120.087,0.63
3600,120.120,0.45
3601,120.153,0.43
3602,120.187,0.92
3603,120.220,0.88
3604,120.254,0.50
3605,120.287,0.90
3606,120.320,0.61
3607,120.354,0.62
3608,120.387,1.04
3609,120.420,1.05
3610,120.454,0.46
3611,120.487,1.69
3612,120.521,0.27
3613,120.554,0.69
3614,120.587,0.85
3615,120.621,0.48
3616,120.654,0.25
3617,120.687,0.29
3618,120.721,43.67
3619,120.754,7.05
3620,120.787,0.14
3621,120.821,23.27
3622,120.854,68.98
3623,120.888,19.00
3624,120.921,1.49
3625,120.954,1.58
3626,120.988,0.51
3627,121.021,0.52
3628,121.054,0.68
3629,121.088,0.42
3630,121.121,0.32
3631,121.154,0.90
3632,121.188,0.28
3633,121.221,0.27
3634,121.255,0.28
3635,121.288,0.25
3636,121.321,0.27
3637,121.355,0.26
3638,121.388,0.83
