frame,t,scene,motion
0,0.000,0.0000,0.00
1,0.033,0.0195,1.89
2,0.067,0.0024,2.13
3,0.100,0.0004,2.15
4,0.133,0.0074,2.43
5,0.167,0.0104,1.60
6,0.200,0.0036,1.20
7,0.234,0.0049,0.68
8,0.267,0.0014,0.55
9,0.300,0.0012,0.63
10,0.334,0.0001,0.58
11,0.367,0.0016,0.73
12,0.400,0.0036,1.09
13,0.434,0.0038,1.50
14,0.467,0.0092,2.17
15,0.501,0.0063,1.93
16,0.534,0.0009,1.96
17,0.567,0.0041,1.55
18,0.601,0.0053,0.81
19,0.634,0.0018,0.63
20,0.667,0.0080,1.36
21,0.701,0.0033,1.54
22,0.734,0.0159,1.78
23,0.767,0.0159,2.15
24,0.801,0.0110,2.70
25,0.834,0.0153,3.91
26,0.868,0.0142,5.63
27,0.901,0.0141,7.50
28,0.934,0.0056,8.53
29,0.968,0.0054,8.08
30,1.001,0.0090,7.45
31,1.034,0.0134,5.97
32,1.068,0.0072,5.29
33,1.101,0.0031,4.91
34,1.134,0.0067,4.30
35,1.168,0.0061,3.49
36,1.201,0.0062,3.12
37,1.235,0.0049,3.76
38,1.268,0.0020,4.10
39,1.301,0.0028,3.77
40,1.335,0.0041,3.28
41,1.368,0.0031,3.06
42,1.401,0.0008,3.28
43,1.435,0.0036,2.99
44,1.468,0.0092,1.87
45,1.502,0.0048,2.64
46,1.535,0.0002,2.76
47,1.568,0.0029,2.29
48,1.602,0.0006,2.46
49,1.635,0.0007,2.87
50,1.668,0.0016,2.61
51,1.702,0.0561,9.47
52,1.735,0.0399,2.94
53,1.768,0.0015,3.25
54,1.802,0.0023,3.25
55,1.835,0.0015,3.16
56,1.869,0.0003,3.14
57,1.902,0.0040,2.71
58,1.935,0.0070,1.75
59,1.969,0.0082,1.05
60,2.002,0.0028,0.90
61,2.035,0.0035,0.67
62,2.069,0.0028,0.62
63,2.102,0.0470,6.31
64,2.135,0.4851,62.94
65,2.169,0.0220,2.10
66,2.202,0.0050,0.34
67,2.236,0.5617,65.67
68,2.269,0.1887,42.81
69,2.302,0.0896,9.55
70,2.336,0.2430,37.91
71,2.369,0.0113,36.13
72,2.402,0.0679,7.40
73,2.436,0.0694,15.61
74,2.469,0.0126,0.97
75,2.502,0.0012,0.79
76,2.536,0.0006,0.76
77,2.569,0.0017,0.73
78,2.603,0.0036,1.09
79,2.636,0.0058,1.73
80,2.669,0.0041,2.22
81,2.703,0.0032,2.24
82,2.736,0.0064,1.70
83,2.769,0.0027,1.28
84,2.803,0.0018,0.97
85,2.836,0.0014,0.92
86,2.870,0.0005,0.88
87,2.903,0.0005,0.87
88,2.936,0.0087,1.32
89,2.970,0.0108,0.74
90,3.003,0.0001,0.78
91,3.036,0.0001,0.81
92,3.070,0.0001,0.83
93,3.103,0.0019,0.65
94,3.136,0.0008,0.51
95,3.170,0.0022,0.63
96,3.203,0.0003,0.66
97,3.237,0.0007,0.62
98,3.270,0.0019,0.85
99,3.303,0.0116,1.32
100,3.337,0.0112,0.68
101,3.370,0.0017,0.80
102,3.403,0.0010,0.91
103,3.437,0.0023,1.10
104,3.470,0.0019,1.42
105,3.503,0.0003,1.45
106,3.537,0.0033,1.12
107,3.570,0.0051,0.56
108,3.604,0.0014,0.42
109,3.637,0.0008,0.45
110,3.670,0.0019,0.47
111,3.704,0.0001,0.40
112,3.737,0.0011,0.50
113,3.770,0.0001,0.54
114,3.804,0.0152,1.54
115,3.837,0.0083,1.31
116,3.871,0.0012,1.43
117,3.904,0.0009,1.36
118,3.937,0.0004,1.43
119,3.971,0.0028,1.73
120,4.004,0.0020,2.00
121,4.037,0.0023,1.82
122,4.071,0.0050,1.01
123,4.104,0.0056,0.54
124,4.137,0.0036,0.72
125,4.171,0.0004,0.72
126,4.204,0.0046,0.47
127,4.238,0.0206,1.51
128,4.271,0.0109,0.68
129,4.304,0.0004,0.62
130,4.338,0.0036,0.40
131,4.371,0.0045,0.90
132,4.404,0.0023,1.24
133,4.438,0.0003,1.20
134,4.471,0.0005,0.82
135,4.505,0.0053,0.37
136,4.538,0.0053,0.87
137,4.571,0.0036,1.51
138,4.605,0.0001,1.44
139,4.638,0.0055,0.80
140,4.671,0.0042,0.35
141,4.705,0.0012,0.32
142,4.738,0.0012,0.22
143,4.771,0.0005,0.15
144,4.805,0.0003,0.17
145,4.838,0.0771,4.42
146,4.872,0.0291,9.87
147,4.905,0.0213,13.08
148,4.938,0.0230,16.58
149,4.972,0.0349,21.17
150,5.005,0.0014,21.24
151,5.038,0.0120,23.12
152,5.072,0.9070,127.51
153,5.105,0.4413,51.04
154,5.138,0.1445,16.02
155,5.172,0.0536,9.18
156,5.205,0.0240,5.84
157,5.239,0.0132,3.90
158,5.272,0.0113,2.52
159,5.305,0.0153,1.37
160,5.339,0.0013,1.09
161,5.372,0.0016,0.88
162,5.405,0.0135,1.57
163,5.439,0.0074,1.18
164,5.472,0.0018,1.34
165,5.506,0.0002,1.90
166,5.539,0.0032,2.10
167,5.572,0.0031,2.53
168,5.606,0.0011,2.85
169,5.639,0.0001,2.87
170,5.672,0.0031,3.09
171,5.706,0.0044,3.20
172,5.739,0.0040,2.96
173,5.772,0.0007,3.09
174,5.806,0.0187,4.04
175,5.839,0.0169,3.36
176,5.873,0.0017,3.30
177,5.906,0.0015,3.10
178,5.939,0.0029,2.87
179,5.973,0.0010,2.88
180,6.006,0.0002,2.87
181,6.039,0.0001,2.83
182,6.073,0.0014,2.90
183,6.106,0.0044,2.89
184,6.139,0.0028,2.84
185,6.173,0.0060,2.93
186,6.206,0.0001,2.92
187,6.240,0.0001,3.08
188,6.273,0.0205,4.16
189,6.306,0.0180,3.26
190,6.340,0.0053,3.22
191,6.373,0.0085,3.48
192,6.406,0.0053,3.26
193,6.440,0.0061,3.13
194,6.473,0.0000,2.87
195,6.507,0.0075,3.18
196,6.540,0.0087,3.01
197,6.573,0.0027,3.16
198,6.607,0.0035,2.97
199,6.640,0.0011,3.03
200,6.673,0.0018,2.82
201,6.707,0.0011,2.93
202,6.740,0.0006,2.84
203,6.773,0.0041,2.58
204,6.807,0.0025,2.85
205,6.840,0.0031,3.12
206,6.874,0.0003,3.26
207,6.907,0.0018,3.44
208,6.940,0.0020,3.35
209,6.974,0.0045,3.00
210,7.007,0.0155,3.59
211,7.040,0.0097,2.84
212,7.074,0.0030,3.13
213,7.107,0.0066,3.31
214,7.140,0.0019,3.35
215,7.174,0.0031,3.11
216,7.207,0.0001,2.97
217,7.241,0.0004,3.24
218,7.274,0.0029,3.24
219,7.307,0.0068,3.47
220,7.341,0.0112,3.74
221,7.374,0.0078,3.49
222,7.407,0.0121,2.95
223,7.441,0.0084,2.94
224,7.474,0.0026,3.82
225,7.508,0.0067,4.51
226,7.541,0.0056,5.22
227,7.574,0.0023,5.22
228,7.608,0.0052,5.00
229,7.641,0.0000,4.95
230,7.674,0.0053,5.27
231,7.708,0.0017,5.55
232,7.741,0.0208,6.68
233,7.774,0.0156,5.73
234,7.808,0.0092,5.06
235,7.841,0.0063,5.00
236,7.875,0.0042,5.12
237,7.908,0.0075,5.31
238,7.941,0.0020,5.01
239,7.975,0.0040,5.00
240,8.008,0.0052,4.99
241,8.041,0.0089,4.69
242,8.075,0.0131,5.28
243,8.108,0.0005,5.36
244,8.141,0.0032,5.28
245,8.175,0.0074,4.82
246,8.208,0.0058,4.82
247,8.242,0.0065,4.82
248,8.275,0.0050,4.70
249,8.308,0.0041,4.42
250,8.342,0.0014,4.44
251,8.375,0.0031,4.20
252,8.408,0.0054,3.83
253,8.442,0.0012,3.88
254,8.475,0.0043,4.13
255,8.509,0.0035,4.06
256,8.542,0.0021,4.19
257,8.575,0.0020,3.83
258,8.609,0.0036,3.57
259,8.642,0.0029,4.05
260,8.675,0.0011,3.97
261,8.709,0.0084,4.39
262,8.742,0.0097,3.84
263,8.775,0.0023,3.70
264,8.809,0.0098,4.45
265,8.842,0.0141,3.57
266,8.876,0.0044,3.22
267,8.909,0.0004,3.36
268,8.942,0.0027,3.44
269,8.976,0.0068,3.24
270,9.009,0.0038,3.29
271,9.042,0.0059,3.15
272,9.076,0.0099,3.67
273,9.109,0.0075,3.84
274,9.142,0.0138,3.40
275,9.176,0.0071,3.61
276,9.209,0.0009,3.72
277,9.243,0.0048,3.52
278,9.276,0.0033,3.56
279,9.309,0.0090,4.02
280,9.343,0.0059,3.71
281,9.376,0.0031,3.72
282,9.409,0.0039,4.09
283,9.443,0.0039,3.89
284,9.476,0.0033,3.66
285,9.510,0.0014,3.58
286,9.543,0.0038,3.51
287,9.576,0.0038,3.58
288,9.610,0.0020,3.52
289,9.643,0.0119,3.73
290,9.676,0.0110,3.14
291,9.710,0.0007,3.15
292,9.743,0.0035,3.08
293,9.776,0.0000,2.98
294,9.810,0.0023,2.96
295,9.843,0.0081,3.22
296,9.877,0.0001,3.04
297,9.910,0.0044,3.31
298,9.943,0.0019,3.60
299,9.977,0.0033,3.55
300,10.010,0.0021,3.65
301,10.043,0.0006,3.59
302,10.077,0.0092,3.21
303,10.110,0.0011,3.16
304,10.143,0.0052,3.25
305,10.177,0.0082,2.92
306,10.210,0.0020,2.98
307,10.244,0.0035,2.85
308,10.277,0.0131,3.29
309,10.310,0.0132,2.64
310,10.344,0.0037,2.53
311,10.377,0.0018,2.45
312,10.410,0.0026,2.30
313,10.444,0.0011,2.27
314,10.477,0.0012,2.26
315,10.511,0.0034,2.27
316,10.544,0.0072,1.89
317,10.577,0.0020,1.98
318,10.611,0.0003,1.96
319,10.644,0.0023,2.20
320,10.677,0.0003,2.16
321,10.711,0.0025,2.24
322,10.744,0.0015,2.32
323,10.777,0.0008,2.25
324,10.811,0.0006,2.18
325,10.844,0.0028,2.35
326,10.877,0.0032,2.94
327,10.911,0.0556,8.99
328,10.944,0.0334,2.00
329,10.978,0.0220,4.63
330,11.011,0.2423,32.95
331,11.044,0.0574,40.48
332,11.078,0.1764,19.60
333,11.111,0.3822,60.84
334,11.145,0.1787,20.20
335,11.178,0.0686,11.96
336,11.211,0.0095,0.62
337,11.245,0.0133,2.28
338,11.278,0.0082,0.48
339,11.311,0.0002,0.49
340,11.345,0.0018,0.66
341,11.378,0.0012,0.81
342,11.411,0.0012,0.94
343,11.445,0.0000,0.98
344,11.478,0.0179,2.15
345,11.511,0.0138,1.15
346,11.545,0.0013,0.96
347,11.578,0.0033,0.56
348,11.612,0.0029,0.89
349,11.645,0.0035,1.31
350,11.678,0.0008,1.38
351,11.712,0.0027,0.95
352,11.745,0.0029,0.66
353,11.778,0.0038,1.14
354,11.812,0.0024,1.49
355,11.845,0.0033,1.14
356,11.879,0.0046,0.63
357,11.912,0.0028,0.45
358,11.945,0.0047,1.00
359,11.979,0.0050,1.38
360,12.012,0.0042,1.79
361,12.045,0.0164,2.65
362,12.079,0.0153,1.92
363,12.112,0.0038,1.58
364,12.146,0.0022,1.21
365,12.179,0.0036,0.78
366,12.212,0.0004,0.78
367,12.246,0.0028,1.12
368,12.279,0.0062,1.63
369,12.312,0.0027,2.10
370,12.346,0.0020,2.48
371,12.379,0.0009,2.46
372,12.412,0.0055,1.84
373,12.446,0.0087,0.70
374,12.479,0.0006,0.64
375,12.512,0.0031,1.03
376,12.546,0.0005,0.86
377,12.579,0.0032,0.50
378,12.613,0.0012,0.38
379,12.646,0.0049,0.78
380,12.679,0.0013,0.77
381,12.713,0.0162,1.33
382,12.746,0.0132,1.21
383,12.779,0.0040,1.62
384,12.813,0.0011,1.58
385,12.846,0.0020,1.28
386,12.880,0.0026,0.81
387,12.913,0.0022,0.63
388,12.946,0.0079,1.44
389,12.980,0.0045,2.11
390,13.013,0.0021,2.08
391,13.046,0.0075,1.03
392,13.080,0.0038,0.57
393,13.113,0.0004,0.60
394,13.146,0.0005,0.58
395,13.180,0.0015,0.71
396,13.213,0.0016,0.60
397,13.247,0.0031,0.85
398,13.280,0.0053,1.31
399,13.313,0.0024,1.84
400,13.347,0.0235,3.54
401,13.380,0.2131,26.13
402,13.413,0.0735,4.62
403,13.447,0.0021,4.42
404,13.480,0.0041,4.77
405,13.514,0.0013,4.69
406,13.547,0.0082,3.98
407,13.580,0.0029,4.28
408,13.614,0.0057,4.69
409,13.647,0.0099,4.24
410,13.680,0.0043,3.56
411,13.714,0.0136,2.22
412,13.747,0.0102,1.43
413,13.780,0.0079,1.89
414,13.814,0.0213,2.56
415,13.847,0.0030,3.17
416,13.880,0.0202,4.55
417,13.914,0.0012,4.91
418,13.947,0.0052,4.50
419,13.981,0.0011,4.16
420,14.014,0.0008,4.22
421,14.047,0.0183,2.88
422,14.081,0.0057,2.58
423,14.114,0.0028,3.05
424,14.148,0.0104,2.73
425,14.181,0.0049,2.20
426,14.214,0.0092,1.31
427,14.248,0.0022,0.90
428,14.281,0.0085,1.17
429,14.314,0.0052,1.35
430,14.348,0.0002,1.19
431,14.381,0.0007,1.12
432,14.414,0.0011,1.13
433,14.448,0.0006,1.17
434,14.481,0.3636,45.63
435,14.514,0.0753,7.55
436,14.548,0.0067,0.44
437,14.581,0.5741,65.95
438,14.615,0.0440,4.83
439,14.648,0.2097,29.59
440,14.681,0.0423,4.49
441,14.715,0.0059,0.29
442,14.748,0.0041,0.47
443,14.781,0.0029,0.38
444,14.815,0.0011,0.43
445,14.848,0.0029,0.54
446,14.882,0.0006,0.52
447,14.915,0.0004,0.56
448,14.948,0.0009,0.55
449,14.982,0.0019,0.65
450,15.015,0.0012,0.58
451,15.048,0.0195,1.94
452,15.082,0.0122,0.70
453,15.115,0.0025,0.56
454,15.149,0.0005,0.58
455,15.182,0.0013,0.51
456,15.215,0.0008,0.57
457,15.249,0.0096,0.95
458,15.282,0.0096,0.55
459,15.315,0.0003,0.57
460,15.349,0.0008,0.52
461,15.382,0.0023,0.65
462,15.415,0.0039,0.85
463,15.449,0.0058,0.55
464,15.482,0.0004,0.61
465,15.515,0.0032,0.70
466,15.549,0.0279,2.97
467,15.582,0.0142,0.76
468,15.616,0.0009,0.75
469,15.649,0.0024,0.64
470,15.682,0.0041,0.88
471,15.716,0.0021,0.79
472,15.749,0.0015,0.83
473,15.782,0.0011,0.91
474,15.816,0.0030,0.77
475,15.849,0.0011,0.82
476,15.883,0.0003,0.87
477,15.916,0.0023,0.72
478,15.949,0.0018,0.65
479,15.983,0.0054,0.92
480,16.016,0.0050,0.69
481,16.049,0.0033,0.81
482,16.083,0.0011,0.76
483,16.116,0.0044,0.55
484,16.149,0.0032,0.74
485,16.183,0.0270,2.95
486,16.216,0.0086,0.61
487,16.250,0.0005,0.60
488,16.283,0.0019,0.51
489,16.316,0.0019,0.56
490,16.350,0.0017,0.50
491,16.383,0.0058,0.77
492,16.416,0.0035,0.65
493,16.450,0.0035,0.48
494,16.483,0.0017,0.55
495,16.517,0.0044,0.79
496,16.550,0.0046,1.09
497,16.583,0.0148,2.11
498,16.617,0.0145,1.05
499,16.650,0.0030,1.18
500,16.683,0.0005,1.18
501,16.717,0.0023,1.32
502,16.750,0.0024,1.19
503,16.784,0.0066,0.86
504,16.817,0.0020,0.67
505,16.850,0.0036,0.89
506,16.884,0.0024,1.00
507,16.917,0.0059,0.46
508,16.950,0.0028,0.68
509,16.984,0.0013,0.59
510,17.017,0.0009,0.64
511,17.050,0.0017,0.67
512,17.084,0.0240,2.48
513,17.117,0.0041,0.36
514,17.151,0.0027,0.50
515,17.184,0.0060,0.84
516,17.217,0.0052,0.41
517,17.251,0.0070,0.77
518,17.284,0.0058,0.53
519,17.317,0.0016,0.58
520,17.351,0.0005,0.63
521,17.384,0.0006,0.56
522,17.417,0.0040,0.80
523,17.451,0.0041,0.62
524,17.484,0.0034,0.77
525,17.517,0.0051,1.12
526,17.551,0.0069,1.50
527,17.584,0.0175,3.12
528,17.618,0.0123,4.64
529,17.651,0.0135,6.53
530,17.684,0.0157,8.67
531,17.718,0.0854,19.42
532,17.751,0.0492,25.28
533,17.785,0.1988,47.14
534,17.818,0.1999,24.55
535,17.851,0.0226,21.34
536,17.885,0.0136,19.53
537,17.918,0.0248,16.20
538,17.951,0.0400,10.63
539,17.985,0.0440,4.41
540,18.018,0.0274,1.84
541,18.051,0.0066,1.58
542,18.085,0.0050,1.89
543,18.118,0.0063,1.94
544,18.151,0.0214,3.63
545,18.185,0.0060,3.67
546,18.218,0.0212,5.83
547,18.252,0.0026,5.64
548,18.285,0.0175,3.72
549,18.318,0.0067,2.93
550,18.352,0.0004,2.84
551,18.385,0.0007,2.49
552,18.418,0.0013,2.34
553,18.452,0.0050,2.90
554,18.485,0.0000,3.02
555,18.518,0.0041,3.69
556,18.552,0.0051,4.32
557,18.585,0.0005,4.44
558,18.619,0.0124,4.79
559,18.652,0.0198,3.54
560,18.685,0.0008,3.60
561,18.719,0.0154,2.98
562,18.752,0.0033,2.60
563,18.785,0.0024,2.30
564,18.819,0.0024,1.81
565,18.852,0.0036,1.67
566,18.886,0.0121,1.40
567,18.919,0.0036,1.53
568,18.952,0.0256,2.55
569,18.986,0.0241,4.53
570,19.019,0.0093,3.81
571,19.052,0.0055,4.37
572,19.086,0.0185,5.86
573,19.119,0.0313,3.57
574,19.152,0.0050,3.22
575,19.186,0.0044,3.22
576,19.219,0.0093,4.00
577,19.253,0.0056,4.41
578,19.286,0.0002,4.63
579,19.319,0.0003,4.45
580,19.353,0.0013,4.27
581,19.386,0.0104,5.30
582,19.419,0.0038,5.84
583,19.453,0.0040,6.59
584,19.486,0.0021,6.69
585,19.520,0.0137,7.22
586,19.553,0.0328,4.97
587,19.586,0.0028,4.64
588,19.620,0.0148,3.18
589,19.653,0.0144,4.41
590,19.686,0.0023,4.18
591,19.720,0.0072,3.37
592,19.753,0.0060,2.57
593,19.787,0.0193,1.48
594,19.820,0.0130,1.00
595,19.853,0.0074,1.26
596,19.887,0.0565,6.93
597,19.920,0.0338,11.73
598,19.953,0.0289,15.86
599,19.987,0.0052,17.01
600,20.020,0.0064,18.02
601,20.053,0.0272,21.45
602,20.087,0.0120,22.83
603,20.120,0.5169,82.20
604,20.154,0.1947,22.06
605,20.187,0.0765,12.61
606,20.220,0.0371,7.75
607,20.254,0.0177,5.26
608,20.287,0.0132,3.46
609,20.320,0.0137,2.16
610,20.354,0.0092,1.33
611,20.387,0.0008,0.94
612,20.420,0.0083,1.53
613,20.454,0.0050,1.28
614,20.487,0.0011,1.20
615,20.520,0.0012,1.30
616,20.554,0.0044,1.32
617,20.587,0.0121,1.90
618,20.621,0.0110,1.40
619,20.654,0.0021,1.45
620,20.687,0.0007,1.41
621,20.721,0.0054,1.45
622,20.754,0.0049,1.57
623,20.788,0.0028,1.54
624,20.821,0.0003,1.58
625,20.854,0.0024,1.65
626,20.888,0.0017,1.74
627,20.921,0.0004,1.70
628,20.954,0.0003,1.75
629,20.988,0.0367,5.12
630,21.021,0.0309,2.04
631,21.054,0.0000,2.04
632,21.088,0.0111,2.57
633,21.121,0.0106,2.15
634,21.154,0.0079,2.35
635,21.188,0.0067,2.16
636,21.221,0.0083,2.37
637,21.255,0.0015,2.53
638,21.288,0.0010,2.60
639,21.321,0.0072,2.95
640,21.355,0.0008,3.19
641,21.388,0.0053,3.71
642,21.421,0.0034,3.30
643,21.455,0.0038,3.24
644,21.488,0.0069,3.02
645,21.521,0.0009,2.70
646,21.555,0.0031,2.51
647,21.588,0.0038,2.94
648,21.622,0.0011,2.86
649,21.655,0.0008,2.86
650,21.688,0.0019,2.87
651,21.722,0.0018,2.64
652,21.755,0.0116,3.36
653,21.788,0.0001,4.10
654,21.822,0.0057,2.94
655,21.855,0.0058,4.22
656,21.889,0.0027,4.60
657,21.922,0.0014,4.37
658,21.955,0.0017,4.48
659,21.989,0.0006,4.47
660,22.022,0.0034,4.19
661,22.055,0.0090,5.18
662,22.089,0.0003,4.60
663,22.122,0.0179,7.10
664,22.155,0.0105,7.34
665,22.189,0.0283,4.70
666,22.222,0.0052,5.62
667,22.256,0.0025,4.98
668,22.289,0.0190,3.03
669,22.322,0.0029,3.13
670,22.356,0.0159,1.99
671,22.389,0.0140,2.82
672,22.422,0.0136,4.96
673,22.456,0.0022,5.73
674,22.489,0.0063,4.37
675,22.523,0.0213,2.24
676,22.556,0.2331,30.07
677,22.589,0.0561,6.20
678,22.623,0.0148,1.35
679,22.656,0.1354,17.25
680,22.689,0.2133,38.84
681,22.723,0.1628,23.17
682,22.756,0.0418,4.15
683,22.790,0.0130,0.95
684,22.823,0.0046,0.56
685,22.856,0.0014,0.60
686,22.890,0.0000,0.59
687,22.923,0.0114,1.31
688,22.956,0.0070,1.05
689,22.990,0.0010,1.29
690,23.023,0.0002,1.26
691,23.056,0.0024,0.98
692,23.090,0.0024,0.75
693,23.123,0.0004,0.75
694,23.157,0.0036,1.18
695,23.190,0.0034,1.69
696,23.223,0.0013,1.90
697,23.257,0.0007,1.83
698,23.290,0.0062,1.06
699,23.323,0.0033,0.60
700,23.357,0.0160,1.18
701,23.390,0.0031,0.97
702,23.423,0.0155,1.52
703,23.457,0.0124,2.26
704,23.490,0.0095,3.23
705,23.523,0.0142,4.64
706,23.557,0.0147,6.39
707,23.590,0.0127,8.28
708,23.624,0.0064,9.15
709,23.657,0.0196,10.70
710,23.690,0.0348,7.84
711,23.724,0.0169,6.29
712,23.757,0.0119,4.96
713,23.791,0.0123,3.65
714,23.824,0.0060,3.05
715,23.857,0.0050,2.55
716,23.891,0.0042,2.17
717,23.924,0.0022,1.95
718,23.957,0.0018,1.81
719,23.991,0.0028,1.55
720,24.024,0.0015,1.50
721,24.057,0.0032,1.31
722,24.091,0.0012,1.19
723,24.124,0.0002,1.18
724,24.157,0.0050,0.93
725,24.191,0.0014,0.88
726,24.224,0.0014,0.82
727,24.258,0.0004,0.87
728,24.291,0.1635,17.06
729,24.324,0.0478,2.67
730,24.358,0.0050,3.28
731,24.391,0.0058,3.07
732,24.424,0.0072,2.51
733,24.458,0.0139,1.57
734,24.491,0.0120,1.52
735,24.524,0.0061,1.83
736,24.558,0.0100,2.47
737,24.591,0.0016,2.40
738,24.625,0.0021,2.74
739,24.658,0.0138,3.92
740,24.691,0.0040,4.52
741,24.725,0.0058,5.44
742,24.758,0.0186,6.95
743,24.791,0.0237,4.97
744,24.825,0.0105,3.70
745,24.858,0.0029,3.34
746,24.892,0.0173,1.84
747,24.925,0.0092,1.13
748,24.958,0.0094,0.40
749,24.992,0.0390,2.18
750,25.025,0.0016,2.32
751,25.058,0.0285,4.67
752,25.092,0.0119,4.38
753,25.125,0.0004,4.39
754,25.159,0.0010,4.58
755,25.192,0.0020,4.74
756,25.225,0.0103,5.79
757,25.259,0.0004,5.84
758,25.292,0.0051,5.21
759,25.325,0.0159,3.49
760,25.359,0.0025,3.10
761,25.392,0.0236,0.83
762,25.425,0.0215,2.20
763,25.459,0.0070,2.83
764,25.492,0.0150,4.36
765,25.526,0.0046,4.85
766,25.559,0.0091,4.81
767,25.592,0.0208,3.69
768,25.626,0.0002,3.84
769,25.659,0.0063,4.13
770,25.692,0.0020,3.94
771,25.726,0.0046,4.53
772,25.759,0.0000,4.46
773,25.793,0.0063,3.66
774,25.826,0.0204,1.74
775,25.859,0.0006,1.59
776,25.893,0.0182,0.59
777,25.926,0.0011,0.57
778,25.959,0.0011,0.61
779,25.993,0.0028,0.70
780,26.026,0.0011,0.70
781,26.059,0.0223,2.03
782,26.093,0.0153,1.02
783,26.126,0.0050,0.92
784,26.160,0.2619,29.77
785,26.193,0.0120,0.80
786,26.226,0.0032,1.09
787,26.260,0.0011,1.32
788,26.293,0.0033,1.09
789,26.326,0.0021,0.64
790,26.360,0.0014,0.75
791,26.393,0.0007,0.73
792,26.426,0.0027,1.05
793,26.460,0.0154,1.93
794,26.493,0.0112,1.52
795,26.526,0.0015,1.71
796,26.560,0.0037,1.18
797,26.593,0.0066,0.54
798,26.627,0.0051,1.08
799,26.660,0.0002,1.13
800,26.693,0.0001,0.90
801,26.727,0.0038,0.66
802,26.760,0.0174,1.80
803,26.794,0.0128,1.20
804,26.827,0.0029,0.94
805,26.860,0.0051,0.43
806,26.894,0.0042,0.80
807,26.927,0.0040,1.22
808,26.960,0.0025,1.45
809,26.994,0.0019,1.66
810,27.027,0.0007,1.71
811,27.060,0.0004,1.74
812,27.094,0.0003,1.67
813,27.127,0.0012,1.52
814,27.160,0.0010,1.37
815,27.194,0.0014,1.25
816,27.227,0.0008,1.20
817,27.261,0.0157,1.99
818,27.294,0.0129,1.49
819,27.327,0.0022,1.75
820,27.361,0.0011,1.97
821,27.394,0.0005,2.06
822,27.427,0.0016,1.93
823,27.461,0.0068,1.12
824,27.494,0.0026,0.89
825,27.527,0.0047,1.48
826,27.561,0.0040,1.75
827,27.594,0.0034,2.14
828,27.628,0.0029,2.44
829,27.661,0.0022,2.75
830,27.694,0.0016,2.91
831,27.728,0.0003,2.81
832,27.761,0.0105,3.17
833,27.794,0.0163,2.16
834,27.828,0.0011,2.35
835,27.861,0.0086,2.98
836,27.895,0.0100,2.19
837,27.928,0.0030,1.73
838,27.961,0.0048,1.10
839,27.995,0.0036,0.83
840,28.028,0.0004,0.87
841,28.061,0.0026,0.87
842,28.095,0.0023,1.09
843,28.128,0.0013,1.06
844,28.162,0.0002,1.23
845,28.195,0.0036,1.51
846,28.228,0.0032,1.77
847,28.262,0.0379,5.49
848,28.295,0.0252,2.24
849,28.328,0.0037,1.93
850,28.362,0.0018,1.72
851,28.395,0.0013,1.62
852,28.428,0.0010,1.63
853,28.462,0.0005,1.65
854,28.495,0.0021,1.38
855,28.529,0.0031,1.11
856,28.562,0.0006,1.07
857,28.595,0.0037,1.64
858,28.629,0.0061,2.32
859,28.662,0.0046,2.76
860,28.695,0.0035,3.20
861,28.729,0.0014,3.22
862,28.762,0.0016,2.98
863,28.796,0.0168,4.21
864,28.829,0.0219,2.54
865,28.862,0.0011,2.37
866,28.896,0.0016,2.07
867,28.929,0.0025,1.69
868,28.962,0.0009,1.83
869,28.996,0.0067,2.58
870,29.029,0.0007,2.86
871,29.062,0.0007,2.90
872,29.096,0.0011,2.97
873,29.129,0.0013,2.87
874,29.163,0.0002,2.77
875,29.196,0.0017,2.64
876,29.229,0.0188,4.46
877,29.263,0.0193,2.58
878,29.296,0.0008,2.39
879,29.329,0.0066,1.62
880,29.363,0.0017,1.32
881,29.396,0.0013,1.64
882,29.429,0.0077,2.47
883,29.463,0.0030,2.79
884,29.496,0.0021,3.19
885,29.529,0.0032,3.40
886,29.563,0.0017,3.57
887,29.596,0.0007,3.44
888,29.630,0.0018,3.15
889,29.663,0.0032,2.89
890,29.696,0.0032,2.82
891,29.730,0.0322,5.80
892,29.763,0.0291,3.27
893,29.797,0.0042,2.72
894,29.830,0.0038,2.30
895,29.863,0.0041,1.53
896,29.897,0.0058,0.81
897,29.930,0.0021,0.57
898,29.963,0.0007,0.53
899,29.997,0.0017,0.44
900,30.030,0.0015,0.31
901,30.063,0.0002,0.34
902,30.097,0.0184,1.23
903,30.130,0.0096,0.63
904,30.163,0.0010,0.85
905,30.197,0.0013,1.07
906,30.230,0.0571,7.27
907,30.264,0.0103,0.54
908,30.297,0.0002,0.64
909,30.330,0.0061,1.26
910,30.364,0.0035,1.74
911,30.397,0.0007,1.64
912,30.430,0.0009,1.39
913,30.464,0.0010,1.60
914,30.497,0.0004,1.76
915,30.530,0.0001,1.83
916,30.564,0.0002,1.85
917,30.597,0.0006,1.64
918,30.631,0.0018,1.39
919,30.664,0.0034,1.07
920,30.697,0.0013,0.79
921,30.731,0.0034,1.07
922,30.764,0.0232,2.44
923,30.797,0.0154,1.89
924,30.831,0.0020,2.32
925,30.864,0.0043,2.80
926,30.898,0.0066,3.61
927,30.931,0.0236,4.93
928,30.964,0.0195,5.87
929,30.998,0.0143,6.45
930,31.031,0.0103,7.31
931,31.064,0.0125,8.66
932,31.098,0.0136,10.38
933,31.131,0.0095,11.89
934,31.165,0.0078,13.06
935,31.198,0.0224,10.44
936,31.231,0.0288,6.77
937,31.265,0.0096,6.78
938,31.298,0.0286,4.94
939,31.331,0.0094,4.26
940,31.365,0.0035,3.74
941,31.398,0.0046,3.35
942,31.431,0.0003,3.56
943,31.465,0.0040,4.08
944,31.498,0.0016,4.39
945,31.532,0.0016,4.35
946,31.565,0.0076,3.61
947,31.598,0.0121,2.23
948,31.632,0.0015,2.09
949,31.665,0.0032,2.08
950,31.698,0.0006,2.23
951,31.732,0.0035,2.63
952,31.765,0.0009,2.93
953,31.799,0.0059,3.67
954,31.832,0.0256,6.27
955,31.865,0.0186,4.69
956,31.899,0.0017,4.60
957,31.932,0.0186,6.16
958,31.965,0.0301,3.33
959,31.999,0.0060,2.68
960,32.032,0.0031,2.29
961,32.065,0.0030,2.08
962,32.099,0.0013,2.27
963,32.132,0.0002,2.46
964,32.166,0.0052,1.89
965,32.199,0.0058,1.19
966,32.232,0.0023,1.09
967,32.266,0.0019,1.44
968,32.299,0.0014,1.64
969,32.332,0.0001,1.76
970,32.366,0.0010,1.72
971,32.399,0.0001,1.65
972,32.432,0.0210,2.97
973,32.466,0.0205,1.46
974,32.499,0.0087,2.03
975,32.532,0.0073,2.60
976,32.566,0.0058,3.11
977,32.599,0.0002,3.01
978,32.633,0.0061,2.13
979,32.666,0.0040,1.46
980,32.699,0.0007,1.43
981,32.733,0.0001,1.29
982,32.766,0.0003,1.24
983,32.800,0.0021,1.32
984,32.833,0.0005,1.32
985,32.866,0.0028,1.54
986,32.900,0.0022,1.70
987,32.933,0.0006,1.71
988,32.966,0.0022,1.90
989,33.000,0.0015,2.10
990,33.033,0.0038,2.35
991,33.066,0.6976,84.99
992,33.100,0.0481,2.33
993,33.133,0.0009,2.20
994,33.166,0.0003,2.12
995,33.200,0.0009,2.01
996,33.233,0.0006,1.97
997,33.267,0.0006,1.98
998,33.300,0.0005,1.99
999,33.333,0.0000,2.18
1000,33.367,0.0004,2.24
1001,33.400,0.0002,2.32
1002,33.433,0.0113,3.17
1003,33.467,0.0137,2.12
1004,33.500,0.0018,2.22
1005,33.533,0.0022,2.05
1006,33.567,0.0004,2.17
1007,33.600,0.0012,2.28
1008,33.634,0.0024,2.08
1009,33.667,0.0158,3.63
1010,33.700,0.0212,5.00
1011,33.734,0.0352,2.34
1012,33.767,0.0025,2.29
1013,33.800,0.0019,2.21
1014,33.834,0.0013,2.15
1015,33.867,0.0068,2.58
1016,33.901,0.0220,5.17
1017,33.934,0.0243,2.52
1018,33.967,0.0041,2.32
1019,34.001,0.0010,2.53
1020,34.034,0.0012,2.64
1021,34.067,0.0035,2.97
1022,34.101,0.0206,5.03
1023,34.134,0.0233,6.26
1024,34.167,0.0406,3.34
1025,34.201,0.0055,3.06
1026,34.234,0.0021,3.26
1027,34.268,0.0022,3.13
1028,34.301,0.0107,3.98
1029,34.334,0.0248,6.86
1030,34.368,0.0283,3.80
1031,34.401,0.0066,3.44
1032,34.434,0.0043,2.94
1033,34.468,0.0036,2.60
1034,34.501,0.0054,3.13
1035,34.535,0.0229,5.56
1036,34.568,0.0281,2.93
1037,34.601,0.0304,6.01
1038,34.635,0.0244,3.36
1039,34.668,0.0146,4.24
1040,34.701,0.0187,3.44
1041,34.735,0.0103,4.41
1042,34.768,0.0059,3.92
1043,34.801,0.0423,8.19
1044,34.835,0.0278,4.89
1045,34.868,0.0052,4.28
1046,34.902,0.0053,4.64
1047,34.935,0.0022,4.60
1048,34.968,0.0033,3.87
1049,35.002,0.0281,6.79
1050,35.035,0.0080,7.42
1051,35.068,0.0185,5.16
1052,35.102,0.0026,4.89
1053,35.135,0.0019,5.04
1054,35.169,0.0071,5.77
1055,35.202,0.0206,7.13
1056,35.235,0.0180,9.82
1057,35.269,0.0302,6.36
1058,35.302,0.0020,6.33
1059,35.335,0.0017,6.40
1060,35.369,0.0113,4.83
1061,35.402,0.0083,5.63
1062,35.435,0.0219,8.26
1063,35.469,0.0100,9.06
1064,35.502,0.0092,7.36
1065,35.535,0.0023,7.69
1066,35.569,0.0052,8.20
1067,35.602,0.0090,9.51
1068,35.636,0.0072,9.95
1069,35.669,0.0206,12.67
1070,35.702,0.0376,8.12
1071,35.736,0.0006,8.32
1072,35.769,0.0109,9.62
1073,35.803,0.0369,12.46
1074,35.836,0.0173,12.02
1075,35.869,0.0072,13.08
1076,35.903,0.0142,14.95
1077,35.936,0.0040,15.48
1078,35.969,0.0056,14.82
1079,36.003,0.0028,14.66
1080,36.036,0.0044,14.27
1081,36.069,0.0043,14.84
1082,36.103,0.0038,15.41
1083,36.136,0.0170,17.40
1084,36.169,0.0077,17.05
1085,36.203,0.0003,16.91
1086,36.236,0.0117,15.31
1087,36.270,0.0210,12.40
1088,36.303,0.0096,10.57
1089,36.336,0.0060,10.62
1090,36.370,0.0028,10.60
1091,36.403,0.0296,6.71
1092,36.436,0.0162,4.99
1093,36.470,0.0075,4.25
1094,36.503,0.0041,4.16
1095,36.536,0.0193,3.63
1096,36.570,0.0129,6.10
1097,36.603,0.0393,2.45
1098,36.637,0.0074,1.49
1099,36.670,0.0089,2.15
1100,36.703,0.0045,2.35
1101,36.737,0.0042,2.19
1102,36.770,0.0159,4.09
1103,36.803,0.0217,1.96
1104,36.837,0.0211,4.03
1105,36.870,0.0152,2.25
1106,36.904,0.0048,1.95
1107,36.937,0.0036,2.20
1108,36.970,0.0085,2.87
1109,37.004,0.0024,3.03
1110,37.037,0.0231,5.63
1111,37.070,0.0200,2.94
1112,37.104,0.0270,1.42
1113,37.137,0.0035,1.15
1114,37.170,0.0010,1.18
1115,37.204,0.0029,1.45
1116,37.237,0.0189,3.53
1117,37.271,0.0016,3.66
1118,37.304,0.0236,1.56
1119,37.337,0.0065,1.04
1120,37.371,0.0097,1.59
1121,37.404,0.0027,1.43
1122,37.437,0.0023,1.88
1123,37.471,0.0248,4.72
1124,37.504,0.0229,2.28
1125,37.538,0.0100,1.31
1126,37.571,0.0008,1.42
1127,37.604,0.0008,1.11
1128,37.638,0.0068,1.39
1129,37.671,0.0154,3.13
1130,37.704,0.0027,3.29
1131,37.738,0.0214,1.27
1132,37.771,0.0138,2.07
1133,37.804,0.0158,2.76
1134,37.838,0.0263,1.40
1135,37.871,0.0095,2.13
1136,37.905,0.0265,4.66
1137,37.938,0.0253,1.79
1138,37.971,0.0091,2.56
1139,38.005,0.0034,2.41
1140,38.038,0.0037,2.45
1141,38.071,0.0116,3.34
1142,38.105,0.0031,3.18
1143,38.138,0.0195,5.18
1144,38.172,0.0042,5.25
1145,38.205,0.0145,3.40
1146,38.238,0.0084,2.86
1147,38.272,0.0046,3.15
1148,38.305,0.0046,2.65
1149,38.338,0.0108,3.45
1150,38.372,0.0219,5.93
1151,38.405,0.0188,3.75
1152,38.438,0.0168,4.53
1153,38.472,0.0118,4.01
1154,38.505,0.0002,3.98
1155,38.538,0.0028,4.13
1156,38.572,0.0141,5.59
1157,38.605,0.0014,5.41
1158,38.639,0.0075,4.52
1159,38.672,0.0027,4.57
1160,38.705,0.0012,4.57
1161,38.739,0.0003,4.58
1162,38.772,0.0089,5.54
1163,38.806,0.0147,7.01
1164,38.839,0.0060,6.21
1165,38.872,0.0036,6.01
1166,38.906,0.0013,6.13
1167,38.939,0.0178,7.32
1168,38.972,0.0095,6.97
1169,39.006,0.0044,7.49
1170,39.039,0.0018,7.29
1171,39.072,0.0026,7.80
1172,39.106,0.0000,7.80
1173,39.139,0.0234,9.44
1174,39.172,0.0207,8.39
1175,39.206,0.0038,8.86
1176,39.239,0.0035,9.44
1177,39.273,0.0019,9.61
1178,39.306,0.0059,8.98
1179,39.339,0.0002,9.15
1180,39.373,0.0036,8.53
1181,39.406,0.0021,8.45
1182,39.439,0.0016,8.43
1183,39.473,0.0044,8.13
1184,39.506,0.0068,7.23
1185,39.539,0.0036,6.99
1186,39.573,0.0071,6.09
1187,39.606,0.0041,5.76
1188,39.640,0.0047,5.30
1189,39.673,0.0026,5.06
1190,39.706,0.0067,4.55
1191,39.740,0.0014,4.65
1192,39.773,0.0095,3.87
1193,39.806,0.0166,5.13
1194,39.840,0.6462,82.78
1195,39.873,0.0177,1.67
1196,39.907,0.0046,2.17
1197,39.940,0.0008,2.25
1198,39.973,0.0025,1.85
1199,40.007,0.0009,2.00
1200,40.040,0.0003,1.99
1201,40.073,0.0042,1.46
1202,40.107,0.0007,1.27
1203,40.140,0.0000,1.17
1204,40.173,0.0002,1.10
1205,40.207,0.0000,1.11
1206,40.240,0.0013,0.96
1207,40.274,0.0011,1.21
1208,40.307,0.0081,1.84
1209,40.340,0.0011,2.03
1210,40.374,0.0004,2.13
1211,40.407,0.0012,2.08
1212,40.440,0.0007,2.02
1213,40.474,0.0001,1.96
1214,40.507,0.0014,2.24
1215,40.541,0.0043,1.90
1216,40.574,0.0047,1.18
1217,40.607,0.0068,0.59
1218,40.641,0.0009,0.60
1219,40.674,0.0006,0.62
1220,40.707,0.0014,0.72
1221,40.741,0.0417,5.43
1222,40.774,0.0101,0.63
1223,40.807,0.0004,0.66
1224,40.841,0.0030,0.83
1225,40.874,0.0011,0.89
1226,40.908,0.0019,1.09
1227,40.941,0.0000,1.10
1228,40.974,0.0008,1.17
1229,41.008,0.0002,1.15
1230,41.041,0.0001,1.10
1231,41.074,0.0011,1.05
1232,41.108,0.0000,1.02
1233,41.141,0.0017,0.89
1234,41.175,0.0017,0.76
1235,41.208,0.0008,0.81
1236,41.241,0.0034,1.31
1237,41.275,0.0014,1.53
1238,41.308,0.0027,1.22
1239,41.341,0.0058,0.54
1240,41.375,0.0056,1.19
1241,41.408,0.0018,1.54
1242,41.441,0.0005,1.58
1243,41.475,0.0019,1.32
1244,41.508,0.0019,1.01
1245,41.541,0.0023,0.74
1246,41.575,0.0020,0.98
1247,41.608,0.0032,1.44
1248,41.642,0.0000,1.54
1249,41.675,0.0028,1.20
1250,41.708,0.0040,0.68
1251,41.742,0.0029,0.40
1252,41.775,0.0018,0.60
1253,41.809,0.0017,0.80
1254,41.842,0.0019,0.97
1255,41.875,0.0023,1.29
1256,41.909,0.0018,1.42
1257,41.942,0.0043,0.84
1258,41.975,0.0011,0.66
1259,42.009,0.0048,1.29
1260,42.042,0.0030,1.72
1261,42.075,0.0039,2.13
1262,42.109,0.0005,2.08
1263,42.142,0.0021,1.78
1264,42.175,0.0026,1.54
1265,42.209,0.0005,1.55
1266,42.242,0.0014,1.66
1267,42.276,0.0004,1.59
1268,42.309,0.0011,1.45
1269,42.342,0.0052,0.81
1270,42.376,0.0013,0.76
1271,42.409,0.0027,1.05
1272,42.442,0.0008,1.14
1273,42.476,0.0013,1.00
1274,42.509,0.0022,0.76
1275,42.542,0.0023,0.69
1276,42.576,0.0035,1.08
1277,42.609,0.0041,1.48
1278,42.643,0.0005,1.45
1279,42.676,0.0041,0.89
1280,42.709,0.0038,0.40
1281,42.743,0.0006,0.42
1282,42.776,0.0000,0.37
1283,42.809,0.0010,0.28
1284,42.843,0.0026,0.15
1285,42.876,0.0017,0.31
1286,42.910,0.0479,6.05
1287,42.943,0.4439,57.84
1288,42.976,0.0239,2.50
1289,43.010,0.0041,0.43
1290,43.043,0.5602,64.15
1291,43.076,0.2003,41.38
1292,43.110,0.0851,9.36
1293,43.143,0.2416,37.40
1294,43.176,0.0214,1.93
1295,43.210,0.0527,7.91
1296,43.243,0.0683,16.06
1297,43.277,0.0207,1.50
1298,43.310,0.0022,1.81
1299,43.343,0.0003,1.73
1300,43.377,0.0117,2.45
1301,43.410,0.0093,2.25
1302,43.443,0.0036,1.93
1303,43.477,0.0054,1.15
1304,43.510,0.0016,1.45
1305,43.544,0.0063,2.04
1306,43.577,0.0018,2.19
1307,43.610,0.0007,2.01
1308,43.644,0.0086,1.15
1309,43.677,0.0018,1.05
1310,43.710,0.0020,1.35
1311,43.744,0.0089,1.56
1312,43.777,0.0116,0.53
1313,43.810,0.0034,0.90
1314,43.844,0.0049,1.49
1315,43.877,0.0030,1.91
1316,43.911,0.0034,2.36
1317,43.944,0.0012,2.34
1318,43.977,0.0022,2.05
1319,44.011,0.0018,1.69
1320,44.044,0.0032,1.48
1321,44.077,0.0009,1.35
1322,44.111,0.0040,1.71
1323,44.144,0.0008,1.97
1324,44.178,0.0002,2.02
1325,44.211,0.0043,1.58
1326,44.244,0.0075,1.52
1327,44.278,0.0118,0.96
1328,44.311,0.0027,1.29
1329,44.344,0.0001,1.29
1330,44.378,0.0016,1.05
1331,44.411,0.0057,0.49
1332,44.444,0.0062,1.04
1333,44.478,0.0056,1.76
1334,44.511,0.0012,1.98
1335,44.544,0.0052,1.34
1336,44.578,0.0028,0.88
1337,44.611,0.0189,2.06
1338,44.645,0.0151,0.89
1339,44.678,0.0007,0.84
1340,44.711,0.0011,0.74
1341,44.745,0.0011,0.92
1342,44.778,0.0049,1.42
1343,44.812,0.0021,1.69
1344,44.845,0.0003,1.63
1345,44.878,0.0025,1.66
1346,44.912,0.0009,1.82
1347,44.945,0.0031,1.53
1348,44.978,0.0025,0.95
1349,45.012,0.0039,0.71
1350,45.045,0.0006,0.82
1351,45.078,0.0015,0.88
1352,45.112,0.0010,0.93
1353,45.145,0.0018,1.07
1354,45.178,0.0012,1.22
1355,45.212,0.0201,2.54
1356,45.245,0.0188,1.41
1357,45.279,0.0005,1.54
1358,45.312,0.0008,1.59
1359,45.345,0.0011,1.67
1360,45.379,0.0014,1.76
1361,45.412,0.0028,2.00
1362,45.445,0.0030,2.50
1363,45.479,0.0053,3.22
1364,45.512,0.0034,3.64
1365,45.545,0.0060,2.85
1366,45.579,0.0108,1.37
1367,45.612,0.0030,0.87
1368,45.646,0.0043,0.59
1369,45.679,0.0031,0.42
1370,45.712,0.0053,0.79
1371,45.746,0.0019,0.65
1372,45.779,0.0059,0.28
1373,45.812,0.3703,43.61
1374,45.846,0.0648,7.06
1375,45.879,0.0052,0.21
1376,45.913,0.6397,74.55
1377,45.946,0.0464,5.10
1378,45.979,0.2136,30.36
1379,46.013,0.0427,4.50
1380,46.046,0.0066,0.30
1381,46.079,0.0036,0.43
1382,46.113,0.0007,0.76
1383,46.146,0.0019,0.77
1384,46.179,0.0026,0.83
1385,46.213,0.0033,0.58
1386,46.246,0.0007,0.52
1387,46.280,0.0015,0.44
1388,46.313,0.0007,0.47
1389,46.346,0.0001,0.45
1390,46.380,0.0004,0.45
1391,46.413,0.0002,0.52
1392,46.446,0.0019,0.44
1393,46.480,0.0020,0.54
1394,46.513,0.0028,0.44
1395,46.547,0.0023,0.53
1396,46.580,0.0085,0.87
1397,46.613,0.0096,0.45
1398,46.647,0.0062,1.00
1399,46.680,0.0021,0.86
1400,46.713,0.0003,0.65
1401,46.747,0.0026,0.80
1402,46.780,0.0050,0.55
1403,46.813,0.0026,0.65
1404,46.847,0.0040,1.05
1405,46.880,0.0045,1.30
1406,46.914,0.0066,0.65
1407,46.947,0.0017,0.91
1408,46.980,0.0060,0.49
1409,47.014,0.0048,0.72
1410,47.047,0.0006,0.70
1411,47.080,0.0001,0.66
1412,47.114,0.0017,0.70
1413,47.147,0.0017,0.68
1414,47.181,0.0022,0.59
1415,47.214,0.0046,0.84
1416,47.247,0.0036,0.61
1417,47.281,0.0078,1.40
1418,47.314,0.0001,1.34
1419,47.347,0.0008,1.37
1420,47.381,0.0060,0.88
1421,47.414,0.0027,0.61
1422,47.447,0.0008,0.68
1423,47.481,0.0050,0.45
1424,47.514,0.0028,0.56
1425,47.547,0.0043,0.38
1426,47.581,0.0008,0.34
1427,47.614,0.0071,1.04
1428,47.648,0.0022,0.81
1429,47.681,0.0015,0.66
1430,47.714,0.0025,0.67
1431,47.748,0.0007,0.61
1432,47.781,0.0046,0.20
1433,47.815,0.0008,0.28
1434,47.848,0.0209,1.72
1435,47.881,0.0015,1.76
1436,47.915,0.0061,1.98
1437,47.948,0.0143,0.94
1438,47.981,0.0006,0.77
1439,48.015,0.0059,1.04
1440,48.048,0.0041,0.84
1441,48.081,0.0006,0.85
1442,48.115,0.0078,0.46
1443,48.148,0.0021,0.38
1444,48.181,0.0036,0.56
1445,48.215,0.0027,0.67
1446,48.248,0.0058,0.45
1447,48.282,0.0007,0.36
1448,48.315,0.0033,0.56
1449,48.348,0.0050,0.32
1450,48.382,0.0152,1.52
1451,48.415,0.0077,2.17
1452,48.448,0.0081,0.52
1453,48.482,0.0084,0.91
1454,48.515,0.0054,0.55
1455,48.548,0.0026,0.47
1456,48.582,0.0022,0.48
1457,48.615,0.0050,0.26
1458,48.649,0.0036,0.50
1459,48.682,0.0011,0.37
1460,48.715,0.0032,0.59
1461,48.749,0.0002,0.53
1462,48.782,0.0041,0.35
1463,48.816,0.0095,0.78
1464,48.849,0.0019,0.63
1465,48.882,0.0012,0.63
1466,48.916,0.0025,0.68
1467,48.949,0.0022,0.83
1468,48.982,0.0039,0.58
1469,49.016,0.0033,0.71
1470,49.049,0.0005,0.75
1471,49.082,0.0165,2.43
1472,49.116,0.0065,2.27
1473,49.149,0.0012,2.03
1474,49.182,0.0014,1.46
1475,49.216,0.0108,0.82
1476,49.249,0.0051,0.53
1477,49.283,0.0006,0.53
1478,49.316,0.0011,0.50
1479,49.349,0.0012,0.62
1480,49.383,0.0031,0.45
1481,49.416,0.0046,0.62
1482,49.449,0.0038,0.50
1483,49.483,0.0031,0.38
1484,49.516,0.0046,0.64
1485,49.550,0.0033,0.42
1486,49.583,0.0021,0.49
1487,49.616,0.0018,0.49
1488,49.650,0.0000,0.41
1489,49.683,0.0007,0.52
1490,49.716,0.0032,0.64
1491,49.750,0.0140,1.26
1492,49.783,0.0178,2.28
1493,49.816,0.0115,3.39
1494,49.850,0.0074,4.10
1495,49.883,0.0037,4.88
1496,49.917,0.0044,6.96
1497,49.950,0.0283,10.73
1498,49.983,0.3591,52.88
1499,50.017,0.2078,27.98
1500,50.050,0.0306,24.07
1501,50.083,0.0394,19.08
1502,50.117,0.0294,14.76
1503,50.150,0.0260,10.63
1504,50.184,0.0373,4.50
1505,50.217,0.0182,0.91
1506,50.250,0.0065,0.76
1507,50.284,0.0033,1.13
1508,50.317,0.0016,1.36
1509,50.350,0.0010,1.43
1510,50.384,0.0002,1.47
1511,50.417,0.0166,2.23
1512,50.450,0.0112,0.66
1513,50.484,0.0018,0.89
1514,50.517,0.0036,1.24
1515,50.551,0.0001,1.20
1516,50.584,0.0035,0.76
1517,50.617,0.0001,0.79
1518,50.651,0.0021,1.15
1519,50.684,0.0004,1.06
1520,50.717,0.0036,0.59
1521,50.751,0.0006,0.73
1522,50.784,0.0057,1.02
1523,50.818,0.0085,0.49
1524,50.851,0.0025,0.74
1525,50.884,0.0004,0.70
1526,50.918,0.0027,0.41
1527,50.951,0.0002,0.43
1528,50.984,0.0019,0.59
1529,51.018,0.0007,0.65
1530,51.051,0.0024,0.88
1531,51.084,0.0003,1.00
1532,51.118,0.0080,1.39
1533,51.151,0.0085,0.86
1534,51.184,0.0048,1.03
1535,51.218,0.0154,1.33
1536,51.251,0.0141,1.63
1537,51.285,0.0097,2.23
1538,51.318,0.0093,2.99
1539,51.351,0.0135,4.04
1540,51.385,0.0096,5.40
1541,51.418,0.0083,6.65
1542,51.452,0.0031,7.20
1543,51.485,0.0146,8.07
1544,51.518,0.0205,7.00
1545,51.552,0.0047,6.59
1546,51.585,0.0045,6.27
1547,51.618,0.0110,5.31
1548,51.652,0.0084,4.39
1549,51.685,0.0096,3.32
1550,51.718,0.0072,2.45
1551,51.752,0.0017,2.37
1552,51.785,0.0034,2.22
1553,51.819,0.0002,2.22
1554,51.852,0.0048,1.88
1555,51.885,0.0054,1.53
1556,51.919,0.0231,2.90
1557,51.952,0.0190,2.02
1558,51.985,0.0007,1.98
1559,52.019,0.0018,2.22
1560,52.052,0.0001,2.53
1561,52.085,0.0104,1.52
1562,52.119,0.0009,1.38
1563,52.152,0.0017,1.72
1564,52.185,0.0061,1.14
1565,52.219,0.0009,1.38
1566,52.252,0.0036,1.16
1567,52.286,0.0059,0.65
1568,52.319,0.0010,0.70
1569,52.352,0.0045,0.48
1570,52.386,0.0000,0.48
1571,52.419,0.0022,0.62
1572,52.453,0.0009,0.79
1573,52.486,0.0035,1.22
1574,52.519,0.0242,3.54
1575,52.553,0.0583,10.30
1576,52.586,0.0184,1.20
1577,52.619,0.0029,1.50
1578,52.653,0.0014,1.69
1579,52.686,0.0022,1.93
1580,52.719,0.0048,2.50
1581,52.753,0.0100,3.13
1582,52.786,0.0162,4.19
1583,52.819,0.0039,4.10
1584,52.853,0.0039,4.24
1585,52.886,0.0053,4.77
1586,52.920,0.0046,4.06
1587,52.953,0.0016,3.62
1588,52.986,0.0063,2.76
1589,53.020,0.0006,2.47
1590,53.053,0.0032,2.15
1591,53.086,0.0042,2.47
1592,53.120,0.0047,2.93
1593,53.153,0.0034,3.15
1594,53.187,0.0021,3.45
1595,53.220,0.0183,4.73
1596,53.253,0.0080,4.55
1597,53.287,0.0029,4.72
1598,53.320,0.0001,4.71
1599,53.353,0.0001,4.69
1600,53.387,0.0013,4.44
1601,53.420,0.0001,4.40
1602,53.453,0.0160,5.47
1603,53.487,0.0190,3.89
1604,53.520,0.0002,3.81
1605,53.554,0.0027,4.13
1606,53.587,0.0013,4.18
1607,53.620,0.0022,3.95
1608,53.654,0.0032,3.38
1609,53.687,0.0011,3.18
1610,53.720,0.0011,3.01
1611,53.754,0.0017,3.09
1612,53.787,0.0012,3.14
1613,53.821,0.0017,2.89
1614,53.854,0.0028,3.08
1615,53.887,0.0184,4.17
1616,53.921,0.0129,3.76
1617,53.954,0.0022,4.13
1618,53.987,0.0029,4.47
1619,54.021,0.0034,4.09
1620,54.054,0.0040,3.63
1621,54.087,0.0039,3.04
1622,54.121,0.0041,2.78
1623,54.154,0.0017,2.99
1624,54.188,0.0026,2.76
1625,54.221,0.0059,2.31
1626,54.254,0.0025,2.15
1627,54.288,0.0030,2.04
1628,54.321,0.0013,2.19
1629,54.354,0.0124,3.03
1630,54.388,0.0199,1.95
1631,54.421,0.0062,1.56
1632,54.455,0.0064,1.31
1633,54.488,0.0090,1.12
1634,54.521,0.0041,1.28
1635,54.555,0.0031,1.62
1636,54.588,0.0086,2.30
1637,54.621,0.0071,2.00
1638,54.655,0.0037,1.55
1639,54.688,0.0087,0.44
1640,54.721,0.0050,1.07
1641,54.755,0.0037,1.58
1642,54.788,0.0011,1.81
1643,54.822,0.0079,2.20
1644,54.855,0.0103,1.32
1645,54.888,0.0023,0.91
1646,54.922,0.0044,0.46
1647,54.955,0.0024,0.67
1648,54.988,0.0048,1.16
1649,55.022,0.0021,1.54
1650,55.055,0.0021,1.97
1651,55.088,0.0001,2.02
1652,55.122,0.0038,1.41
1653,55.155,0.0069,0.55
1654,55.188,0.0011,0.72
1655,55.222,0.0039,1.25
1656,55.255,0.0021,1.60
1657,55.289,0.0019,1.76
1658,55.322,0.0247,4.59
1659,55.355,0.0162,1.33
1660,55.389,0.0029,0.94
1661,55.422,0.0027,0.62
1662,55.456,0.0020,0.43
1663,55.489,0.0031,0.69
1664,55.522,0.0040,1.08
1665,55.556,0.0042,1.59
1666,55.589,0.0028,2.13
1667,55.622,0.0032,2.61
1668,55.656,0.0045,2.07
1669,55.689,0.0093,0.56
1670,55.722,0.0005,0.61
1671,55.756,0.0015,0.41
1672,55.789,0.0015,0.51
1673,55.822,0.0018,0.35
1674,55.856,0.0010,0.51
1675,55.889,0.0016,0.68
1676,55.923,0.0406,5.68
1677,55.956,0.4353,56.51
1678,55.989,0.0203,2.07
1679,56.023,0.0018,0.11
1680,56.056,0.5094,59.44
1681,56.089,0.1649,39.26
1682,56.123,0.1642,19.38
1683,56.156,0.1517,38.14
1684,56.190,0.0145,1.09
1685,56.223,0.0564,7.31
1686,56.256,0.0675,15.57
1687,56.290,0.0133,0.76
1688,56.323,0.0085,1.47
1689,56.356,0.0013,1.77
1690,56.390,0.0034,1.66
1691,56.423,0.0039,1.51
1692,56.456,0.0039,1.20
1693,56.490,0.0034,0.95
1694,56.523,0.0004,1.04
1695,56.557,0.0070,1.54
1696,56.590,0.0019,1.98
1697,56.623,0.0025,1.86
1698,56.657,0.0082,1.71
1699,56.690,0.0148,0.82
1700,56.723,0.0026,0.71
1701,56.757,0.0007,0.60
1702,56.790,0.0054,0.99
1703,56.824,0.0030,1.32
1704,56.857,0.0024,1.04
1705,56.890,0.0049,0.66
1706,56.924,0.0054,1.28
1707,56.957,0.0020,1.44
1708,56.990,0.0014,1.38
1709,57.024,0.0015,1.15
1710,57.057,0.0057,0.72
1711,57.090,0.0001,0.77
1712,57.124,0.0221,2.36
1713,57.157,0.0138,1.70
1714,57.191,0.0037,1.41
1715,57.224,0.0068,0.66
1716,57.257,0.0070,1.39
1717,57.291,0.0036,1.74
1718,57.324,0.0084,2.18
1719,57.357,0.0106,1.39
1720,57.391,0.0028,1.14
1721,57.424,0.0048,0.68
1722,57.458,0.0012,0.58
1723,57.491,0.0019,0.74
1724,57.524,0.0011,0.83
1725,57.558,0.0012,0.74
1726,57.591,0.0006,0.75
1727,57.624,0.0009,0.86
1728,57.658,0.0019,1.04
1729,57.691,0.0012,1.07
1730,57.724,0.0008,1.12
1731,57.758,0.0082,1.51
1732,57.791,0.0102,0.94
1733,57.825,0.0027,1.30
1734,57.858,0.0069,1.75
1735,57.891,0.0082,1.14
1736,57.925,0.0028,0.80
1737,57.958,0.0035,0.47
1738,57.991,0.0022,0.72
1739,58.025,0.0042,1.15
1740,58.058,0.0001,1.17
1741,58.091,0.0069,0.43
1742,58.125,0.0017,0.56
1743,58.158,0.0111,1.20
1744,58.191,0.0074,0.97
1745,58.225,0.0036,1.48
1746,58.258,0.0025,1.92
1747,58.292,0.0040,1.32
1748,58.325,0.0025,0.94
1749,58.358,0.0026,1.34
1750,58.392,0.0013,1.03
1751,58.425,0.0018,0.75
1752,58.459,0.0054,1.41
1753,58.492,0.0003,1.60
1754,58.525,0.0056,0.86
1755,58.559,0.0021,0.62
1756,58.592,0.0018,0.45
1757,58.625,0.0013,0.44
1758,58.659,0.0202,1.49
1759,58.692,0.0118,0.68
1760,58.725,0.0001,0.68
1761,58.759,0.0001,0.72
1762,58.792,0.0008,0.80
1763,58.825,0.0018,0.89
1764,58.859,0.0026,0.65
1765,58.892,0.0033,0.41
1766,58.926,0.0016,0.54
1767,58.959,0.0043,0.86
1768,58.992,0.0019,0.74
1769,59.026,0.0026,0.53
1770,59.059,0.0026,0.76
1771,59.092,0.0025,0.90
1772,59.126,0.0025,0.86
1773,59.159,0.0046,0.70
1774,59.193,0.0173,1.61
1775,59.226,0.0120,0.61
1776,59.259,0.0006,0.67
1777,59.293,0.0010,0.65
1778,59.326,0.0004,0.61
1779,59.359,0.0001,0.58
1780,59.393,0.0009,0.53
1781,59.426,0.0002,0.48
1782,59.459,0.0104,0.95
1783,59.493,0.0075,0.34
1784,59.526,0.0047,0.75
1785,59.560,0.0028,1.22
1786,59.593,0.0031,1.58
1787,59.626,0.0009,1.48
1788,59.660,0.0020,1.10
1789,59.693,0.0061,0.45
1790,59.726,0.0043,0.87
1791,59.760,0.0020,1.09
1792,59.793,0.0026,1.38
1793,59.827,0.0117,2.02
1794,59.860,0.0102,1.73
1795,59.893,0.0005,1.72
1796,59.927,0.0008,1.55
1797,59.960,0.0001,1.51
1798,59.993,0.0006,1.43
1799,60.027,0.0003,1.41
1800,60.060,0.0023,1.60
1801,60.093,0.0024,1.90
1802,60.127,0.0024,2.26
1803,60.160,0.0020,2.49
1804,60.194,0.0006,2.58
1805,60.227,0.0053,1.98
1806,60.260,0.0067,0.85
1807,60.294,0.0005,0.82
1808,60.327,0.0022,1.16
1809,60.360,0.0005,1.24
1810,60.394,0.0014,1.20
1811,60.427,0.0004,1.09
1812,60.461,0.0012,0.94
1813,60.494,0.0147,1.93
1814,60.527,0.2421,27.28
1815,60.561,0.0747,3.75
1816,60.594,0.0001,3.87
1817,60.627,0.0321,6.15
1818,60.661,0.0245,4.19
1819,60.694,0.0038,4.65
1820,60.727,0.0028,4.80
1821,60.761,0.0031,5.12
1822,60.794,0.0052,4.33
1823,60.828,0.0009,3.99
1824,60.861,0.0008,4.44
1825,60.894,0.0114,3.28
1826,60.928,0.0099,2.31
1827,60.961,0.0053,2.60
1828,60.994,0.0189,2.33
1829,61.028,0.0157,2.41
1830,61.061,0.0261,4.39
1831,61.094,0.0095,5.25
1832,61.128,0.0054,5.76
1833,61.161,0.0041,5.93
1834,61.194,0.0051,5.45
1835,61.228,0.0041,4.74
1836,61.261,0.0250,3.09
1837,61.295,0.0208,4.46
1838,61.328,0.0049,5.22
1839,61.361,0.0073,6.25
1840,61.395,0.0140,8.22
1841,61.428,0.0004,8.42
1842,61.462,0.0129,6.99
1843,61.495,0.0070,6.11
1844,61.528,0.0087,4.50
1845,61.562,0.0217,2.29
1846,61.595,0.0004,2.30
1847,61.628,0.0172,3.74
1848,61.662,0.0018,3.99
1849,61.695,0.0029,3.70
1850,61.728,0.0097,2.97
1851,61.762,0.0025,2.81
1852,61.795,0.0136,3.90
1853,61.828,0.0167,2.67
1854,61.862,0.0094,3.40
1855,61.895,0.0126,4.28
1856,61.929,0.0024,4.04
1857,61.962,0.0058,4.47
1858,61.995,0.0014,4.40
1859,62.029,0.0044,3.76
1860,62.062,0.0119,3.49
1861,62.095,0.0213,2.21
1862,62.129,0.0226,3.30
1863,62.162,0.0089,3.97
1864,62.196,0.0036,4.53
1865,62.229,0.0116,4.22
1866,62.262,0.0056,4.22
1867,62.296,0.0295,6.14
1868,62.329,0.0035,5.85
1869,62.362,0.0095,4.68
1870,62.396,0.0221,2.57
1871,62.429,0.0028,2.26
1872,62.462,0.0174,1.14
1873,62.496,0.0022,1.18
1874,62.529,0.0063,1.00
1875,62.563,0.0110,1.35
1876,62.596,0.2781,31.69
1877,62.629,0.0142,1.06
1878,62.663,0.0007,1.05
1879,62.696,0.0000,1.14
1880,62.729,0.0021,1.43
1881,62.763,0.0027,1.57
1882,62.796,0.0022,1.58
1883,62.830,0.0037,1.18
1884,62.863,0.0032,0.74
1885,62.896,0.0022,0.86
1886,62.930,0.0114,1.29
1887,62.963,0.0118,0.94
1888,62.996,0.0012,1.03
1889,63.030,0.0008,1.16
1890,63.063,0.0002,1.20
1891,63.096,0.0016,1.00
1892,63.130,0.0004,0.72
1893,63.163,0.0002,0.65
1894,63.197,0.0021,0.85
1895,63.230,0.0007,1.06
1896,63.263,0.0016,1.22
1897,63.297,0.0003,1.28
1898,63.330,0.0128,1.91
1899,63.363,0.0117,1.24
1900,63.397,0.0010,1.02
1901,63.430,0.0028,0.78
1902,63.464,0.0011,0.75
1903,63.497,0.0039,1.11
1904,63.530,0.0010,1.46
1905,63.564,0.0023,1.71
1906,63.597,0.0033,1.28
1907,63.630,0.0062,0.69
1908,63.664,0.0045,0.25
1909,63.697,0.0035,0.50
1910,63.730,0.0019,0.62
1911,63.764,0.0002,0.60
1912,63.797,0.0008,0.67
1913,63.831,0.0235,1.95
1914,63.864,0.0159,1.63
1915,63.897,0.0029,1.87
1916,63.931,0.0032,1.62
1917,63.964,0.0024,1.05
1918,63.997,0.0058,0.62
1919,64.031,0.0067,1.30
1920,64.064,0.0033,1.73
1921,64.097,0.0016,1.63
1922,64.131,0.0061,0.82
1923,64.164,0.0000,0.83
1924,64.198,0.0034,1.29
1925,64.231,0.0015,1.38
1926,64.264,0.0012,1.31
1927,64.298,0.0172,2.19
1928,64.331,0.0147,1.17
1929,64.364,0.0007,1.23
1930,64.398,0.0022,1.43
1931,64.431,0.0006,1.57
1932,64.465,0.0007,1.49
1933,64.498,0.0036,0.90
1934,64.531,0.0015,1.10
1935,64.565,0.0014,1.21
1936,64.598,0.0025,1.01
1937,64.631,0.0078,1.27
1938,64.665,0.0100,0.70
1939,64.698,0.0003,0.78
1940,64.731,0.0001,0.82
1941,64.765,0.0057,1.01
1942,64.798,0.0079,0.50
1943,64.832,0.0016,0.68
1944,64.865,0.0033,0.90
1945,64.898,0.0008,0.70
1946,64.932,0.0033,0.53
1947,64.965,0.0029,0.73
1948,64.998,0.0109,1.33
1949,65.032,0.0078,1.26
1950,65.065,0.0041,1.70
1951,65.098,0.0005,1.67
1952,65.132,0.0000,1.54
1953,65.165,0.0030,1.21
1954,65.198,0.0025,0.91
1955,65.232,0.0003,0.86
1956,65.265,0.0049,1.42
1957,65.299,0.0028,1.78
1958,65.332,0.0032,1.41
1959,65.365,0.0052,0.77
1960,65.399,0.0008,0.92
1961,65.432,0.0159,1.54
1962,65.466,0.0112,0.78
1963,65.499,0.0033,1.21
1964,65.532,0.0006,1.15
1965,65.566,0.0008,1.02
1966,65.599,0.0004,0.92
1967,65.632,0.0018,1.19
1968,65.666,0.0010,1.23
1969,65.699,0.0012,1.37
1970,65.732,0.0060,1.98
1971,65.766,0.0064,1.27
1972,65.799,0.0018,1.06
1973,65.832,0.0014,0.91
1974,65.866,0.0022,0.71
1975,65.899,0.0016,0.56
1976,65.933,0.0009,0.45
1977,65.966,0.0188,1.63
1978,65.999,0.0083,0.52
1979,66.033,0.0027,0.72
1980,66.066,0.0020,0.96
1981,66.099,0.0089,1.54
1982,66.133,0.0213,2.46
1983,66.166,0.0203,3.57
1984,66.200,0.0159,4.96
1985,66.233,0.0134,6.26
1986,66.266,0.0145,7.81
1987,66.300,0.0099,9.35
1988,66.333,0.0075,10.23
1989,66.366,0.0046,9.82
1990,66.400,0.0103,8.75
1991,66.433,0.0135,6.96
1992,66.466,0.0121,5.50
1993,66.500,0.0152,4.30
1994,66.533,0.0102,3.33
1995,66.567,0.0016,3.10
1996,66.600,0.0031,2.90
1997,66.633,0.0016,2.73
1998,66.667,0.0002,2.78
1999,66.700,0.0032,2.47
2000,66.733,0.0011,2.53
2001,66.767,0.0015,2.48
2002,66.800,0.0028,2.40
2003,66.834,0.0003,2.41
2004,66.867,0.0011,2.58
2005,66.900,0.0006,2.66
2006,66.934,0.0021,2.64
2007,66.967,0.0010,2.39
2008,67.000,0.0080,1.72
2009,67.034,0.0059,2.43
2010,67.067,0.0050,3.26
2011,67.100,0.0050,4.08
2012,67.134,0.0009,4.21
2013,67.167,0.0046,3.62
2014,67.201,0.0134,2.30
2015,67.234,0.0008,2.00
2016,67.267,0.0002,2.20
2017,67.301,0.0011,2.46
2018,67.334,0.0005,2.62
2019,67.367,0.0050,2.31
2020,67.401,0.0054,1.72
2021,67.434,0.0761,10.92
2022,67.468,0.0230,1.96
2023,67.501,0.0072,2.91
2024,67.534,0.0021,3.14
2025,67.568,0.0039,2.56
2026,67.601,0.0090,1.20
2027,67.634,0.0010,1.21
2028,67.668,0.0042,1.43
2029,67.701,0.0053,1.54
2030,67.734,0.0503,7.12
2031,67.768,0.0015,7.13
2032,67.801,0.0393,2.43
2033,67.835,0.0669,10.22
2034,67.868,0.0490,3.15
2035,67.901,0.2606,34.23
2036,67.935,0.1116,21.16
2037,67.968,0.3374,61.82
2038,68.001,0.0289,57.94
2039,68.035,0.0044,0.21
2040,68.068,0.1003,11.74
2041,68.101,0.1946,34.81
2042,68.135,0.0757,8.15
2043,68.168,0.0281,3.67
2044,68.201,0.0207,0.76
2045,68.235,0.0057,1.13
2046,68.268,0.0018,0.95
2047,68.302,0.0025,1.16
2048,68.335,0.0056,1.05
2049,68.368,0.0109,1.34
2050,68.402,0.0093,1.19
2051,68.435,0.0009,1.22
2052,68.469,0.0060,1.46
2053,68.502,0.0127,1.20
2054,68.535,0.0039,1.29
2055,68.569,0.0004,1.48
2056,68.602,0.0012,1.41
2057,68.635,0.0044,1.42
2058,68.669,0.0022,1.53
2059,68.702,0.0014,1.47
2060,68.735,0.0003,1.68
2061,68.769,0.0004,1.58
2062,68.802,0.0011,1.57
2063,68.835,0.0003,1.67
2064,68.869,0.0010,1.73
2065,68.902,0.0009,1.67
2066,68.936,0.0010,1.77
2067,68.969,0.0017,1.87
2068,69.002,0.0013,1.79
2069,69.036,0.0183,3.55
2070,69.069,0.0129,2.12
2071,69.102,0.0083,2.25
2072,69.136,0.0020,2.49
2073,69.169,0.0021,2.54
2074,69.203,0.0052,2.71
2075,69.236,0.0040,2.79
2076,69.269,0.0032,2.75
2077,69.303,0.0024,2.77
2078,69.336,0.0047,2.69
2079,69.369,0.0045,2.78
2080,69.403,0.0087,2.42
2081,69.436,0.0015,2.35
2082,69.469,0.0046,3.19
2083,69.503,0.0057,2.67
2084,69.536,0.0021,2.70
2085,69.570,0.0019,2.77
2086,69.603,0.0021,2.55
2087,69.636,0.0026,2.69
2088,69.670,0.0007,2.64
2089,69.703,0.0032,2.43
2090,69.736,0.0039,2.75
2091,69.770,0.0032,3.04
2092,69.803,0.0020,3.09
2093,69.837,0.0036,3.37
2094,69.870,0.0026,3.17
2095,69.903,0.0004,3.05
2096,69.937,0.0026,2.91
2097,69.970,0.0052,2.63
2098,70.003,0.0132,3.36
2099,70.037,0.0008,3.35
2100,70.070,0.0168,5.38
2101,70.103,0.0126,3.35
2102,70.137,0.0093,3.01
2103,70.170,0.0126,3.50
2104,70.204,0.0042,3.37
2105,70.237,0.0034,3.65
2106,70.270,0.0013,3.76
2107,70.304,0.0118,3.38
2108,70.337,0.0006,3.13
2109,70.370,0.0012,2.92
2110,70.404,0.0040,3.36
2111,70.437,0.0049,3.37
2112,70.471,0.0023,3.33
2113,70.504,0.0001,3.15
2114,70.537,0.0036,2.94
2115,70.571,0.0043,2.89
2116,70.604,0.0008,3.13
2117,70.637,0.0078,3.55
2118,70.671,0.0036,3.73
2119,70.704,0.0041,3.43
2120,70.737,0.0095,2.97
2121,70.771,0.0089,3.04
2122,70.804,0.0051,3.31
2123,70.838,0.0139,3.60
2124,70.871,0.0012,3.62
2125,70.904,0.0056,3.26
2126,70.938,0.0061,3.33
2127,70.971,0.0120,3.80
2128,71.004,0.0095,3.59
2129,71.038,0.0077,4.10
2130,71.071,0.0026,3.96
2131,71.104,0.0001,3.60
2132,71.138,0.0120,3.18
2133,71.171,0.0032,3.66
2134,71.204,0.0000,3.72
2135,71.238,0.0015,3.68
2136,71.271,0.0044,3.57
2137,71.305,0.0169,5.46
2138,71.338,0.0116,3.66
2139,71.371,0.0004,3.49
2140,71.405,0.0002,3.67
2141,71.438,0.0034,3.87
2142,71.472,0.0036,3.99
2143,71.505,0.0027,3.68
2144,71.538,0.0041,3.48
2145,71.572,0.0015,3.86
2146,71.605,0.0012,3.79
2147,71.638,0.0003,3.87
2148,71.672,0.0014,3.63
2149,71.705,0.0022,3.52
2150,71.738,0.0017,3.56
2151,71.772,0.0068,3.61
2152,71.805,0.0127,3.16
2153,71.838,0.0022,3.29
2154,71.872,0.0045,3.43
2155,71.905,0.0084,3.20
2156,71.939,0.0066,3.27
2157,71.972,0.0024,3.13
2158,72.005,0.0007,3.46
2159,72.039,0.0025,3.32
2160,72.072,0.0010,3.37
2161,72.105,0.0069,3.16
2162,72.139,0.0137,3.35
2163,72.172,0.0077,3.22
2164,72.206,0.0100,2.95
2165,72.239,0.0088,3.08
2166,72.272,0.0080,2.76
2167,72.306,0.0023,2.86
2168,72.339,0.0003,3.01
2169,72.372,0.0036,2.83
2170,72.406,0.0032,2.82
2171,72.439,0.0004,2.70
2172,72.472,0.0036,2.67
2173,72.506,0.0001,2.92
2174,72.539,0.0104,3.12
2175,72.573,0.0137,2.75
2176,72.606,0.0104,2.93
2177,72.639,0.0023,2.81
2178,72.673,0.0053,2.91
2179,72.706,0.0047,4.43
2180,72.739,0.0078,3.24
2181,72.773,0.0115,2.93
2182,72.806,0.0128,3.09
2183,72.840,0.0120,2.66
2184,72.873,0.0014,2.79
2185,72.906,0.0083,3.08
2186,72.940,0.0011,2.99
2187,72.973,0.0010,3.09
2188,73.006,0.0159,2.68
2189,73.040,0.0183,3.16
2190,73.073,0.0107,2.64
2191,73.106,0.0008,2.68
2192,73.140,0.0001,2.70
2193,73.173,0.0059,2.71
2194,73.207,0.0014,2.58
2195,73.240,0.0063,2.37
2196,73.273,0.0068,2.51
2197,73.307,0.0101,2.23
2198,73.340,0.0025,2.23
2199,73.373,0.0068,2.08
2200,73.407,0.0053,2.07
2201,73.440,0.0029,1.97
2202,73.474,0.0003,1.90
2203,73.507,0.0015,2.04
2204,73.540,0.0266,5.20
2205,73.574,0.2569,35.68
2206,73.607,0.0307,2.99
2207,73.640,0.0078,1.98
2208,73.674,0.8036,94.93
2209,73.707,0.3705,42.22
2210,73.740,0.0837,9.23
2211,73.774,0.2544,38.87
2212,73.807,0.0113,0.75
2213,73.841,0.0566,7.27
2214,73.874,0.0691,15.50
2215,73.907,0.0119,0.71
2216,73.941,0.0127,1.33
2217,73.974,0.0097,0.62
2218,74.007,0.0024,0.74
2219,74.041,0.0042,1.05
2220,74.074,0.0022,1.36
2221,74.107,0.0009,1.72
2222,74.141,0.0012,1.57
2223,74.174,0.0045,1.11
2224,74.207,0.0038,0.69
2225,74.241,0.0019,0.50
2226,74.274,0.0148,1.54
2227,74.308,0.0111,0.91
2228,74.341,0.0036,1.28
2229,74.374,0.0030,1.75
2230,74.408,0.0154,2.84
2231,74.441,0.0116,2.23
2232,74.475,0.0002,2.22
2233,74.508,0.0043,1.80
2234,74.541,0.0053,1.17
2235,74.575,0.0036,0.71
2236,74.608,0.0013,0.85
2237,74.641,0.0042,1.24
2238,74.675,0.0018,1.54
2239,74.708,0.0018,1.71
2240,74.741,0.0016,1.50
2241,74.775,0.0038,1.10
2242,74.808,0.0037,0.59
2243,74.841,0.0020,0.39
2244,74.875,0.0018,0.54
2245,74.908,0.0001,0.59
2246,74.942,0.0003,0.52
2247,74.975,0.0014,0.60
2248,75.008,0.0019,0.80
2249,75.042,0.0054,1.27
2250,75.075,0.0153,2.30
2251,75.108,0.0092,2.17
2252,75.142,0.0012,2.40
2253,75.175,0.0005,2.28
2254,75.209,0.0035,1.85
2255,75.242,0.0054,1.29
2256,75.275,0.0035,0.77
2257,75.309,0.0022,1.06
2258,75.342,0.0051,1.74
2259,75.375,0.0206,2.89
2260,75.409,0.0040,2.88
2261,75.442,0.0120,2.91
2262,75.475,0.0052,2.86
2263,75.509,0.0058,3.29
2264,75.542,0.0078,4.20
2265,75.576,0.0102,5.36
2266,75.609,0.0082,6.56
2267,75.642,0.0028,7.05
2268,75.676,0.0020,7.27
2269,75.709,0.0112,7.67
2270,75.742,0.0218,6.55
2271,75.776,0.0018,6.87
2272,75.809,0.0041,6.57
2273,75.843,0.0025,6.31
2274,75.876,0.0051,5.84
2275,75.909,0.0020,5.56
2276,75.943,0.0037,5.19
2277,75.976,0.0008,5.00
2278,76.009,0.0043,4.60
2279,76.043,0.0082,3.74
2280,76.076,0.0025,3.21
2281,76.109,0.0065,2.72
2282,76.143,0.0069,2.08
2283,76.176,0.0012,1.97
2284,76.210,0.0044,1.74
2285,76.243,0.0002,1.87
2286,76.276,0.0030,2.24
2287,76.310,0.0204,3.54
2288,76.343,0.0181,2.50
2289,76.376,0.0005,2.51
2290,76.410,0.0025,2.46
2291,76.443,0.0012,2.37
2292,76.477,0.0015,2.27
2293,76.510,0.0023,2.14
2294,76.543,0.0007,2.15
2295,76.577,0.0001,2.32
2296,76.610,0.0011,2.60
2297,76.643,0.0009,2.84
2298,76.677,0.0042,3.40
2299,76.710,0.0092,3.53
2300,76.743,0.0131,2.70
2301,76.777,0.0005,2.36
2302,76.810,0.0048,1.87
2303,76.844,0.0066,1.44
2304,76.877,0.0261,2.99
2305,76.910,0.0177,1.32
2306,76.944,0.0075,1.64
2307,76.977,0.0014,1.63
2308,77.010,0.0023,1.68
2309,77.044,0.0026,1.71
2310,77.077,0.0013,1.67
2311,77.110,0.0021,1.69
2312,77.144,0.0003,1.68
2313,77.177,0.0014,1.61
2314,77.210,0.0152,2.49
2315,77.244,0.0150,1.54
2316,77.277,0.0037,1.82
2317,77.311,0.0028,2.06
2318,77.344,0.0023,2.19
2319,77.377,0.0017,2.24
2320,77.411,0.0028,2.51
2321,77.444,0.0019,2.79
2322,77.478,0.0007,2.89
2323,77.511,0.0023,2.54
2324,77.544,0.0021,2.31
2325,77.578,0.0009,2.18
2326,77.611,0.0141,3.01
2327,77.644,0.0105,2.55
2328,77.678,0.0020,2.73
2329,77.711,0.0018,2.82
2330,77.744,0.0028,2.98
2331,77.778,0.0001,2.94
2332,77.811,0.0011,2.82
2333,77.844,0.0013,2.91
2334,77.878,0.0023,3.09
2335,77.911,0.0127,3.70
2336,77.945,0.0100,3.14
2337,77.978,0.0005,2.96
2338,78.011,0.0016,2.78
2339,78.045,0.0004,2.62
2340,78.078,0.0023,2.42
2341,78.111,0.0083,2.74
2342,78.145,0.0116,2.15
2343,78.178,0.0011,2.14
2344,78.212,0.0031,2.48
2345,78.245,0.0035,2.82
2346,78.278,0.0006,3.08
2347,78.312,0.0005,3.27
2348,78.345,0.0007,2.93
2349,78.378,0.0074,2.34
2350,78.412,0.0085,2.65
2351,78.445,0.0096,2.35
2352,78.478,0.0053,1.97
2353,78.512,0.0049,1.63
2354,78.545,0.0045,1.36
2355,78.579,0.0068,1.06
2356,78.612,0.0048,0.88
2357,78.645,0.0053,0.75
2358,78.679,0.0065,0.64
2359,78.712,0.0046,0.61
2360,78.745,0.0018,0.47
2361,78.779,0.0017,0.32
2362,78.812,0.0002,0.29
2363,78.846,0.0023,0.50
2364,78.879,0.0021,0.80
2365,78.912,0.0038,1.28
2366,78.946,0.0043,1.73
2367,78.979,0.0000,1.55
2368,79.012,0.0055,0.98
2369,79.046,0.0011,0.86
2370,79.079,0.0001,0.85
2371,79.112,0.0000,0.77
2372,79.146,0.0017,0.58
2373,79.179,0.0019,0.46
2374,79.213,0.0002,0.44
2375,79.246,0.0003,0.44
2376,79.279,0.0094,0.92
2377,79.313,0.0073,0.46
2378,79.346,0.0009,0.40
2379,79.379,0.0019,0.54
2380,79.413,0.0022,0.76
2381,79.446,0.0026,1.10
2382,79.480,0.0019,1.36
2383,79.513,0.0003,1.25
2384,79.546,0.0025,1.00
2385,79.580,0.0032,0.74
2386,79.613,0.0005,0.78
2387,79.646,0.0002,0.71
2388,79.680,0.0011,0.59
2389,79.713,0.0015,0.44
2390,79.746,0.0003,0.41
2391,79.780,0.0135,1.18
2392,79.813,0.0100,0.77
2393,79.847,0.0015,0.83
2394,79.880,0.0010,0.68
2395,79.913,0.0011,0.63
2396,79.947,0.0002,0.68
2397,79.980,0.0032,0.92
2398,80.013,0.0022,1.33
2399,80.047,0.0014,1.50
2400,80.080,0.0020,1.30
2401,80.113,0.0036,0.82
2402,80.147,0.0027,0.46
2403,80.180,0.0002,0.49
2404,80.213,0.0029,0.79
2405,80.247,0.0024,1.17
2406,80.280,0.0036,1.50
2407,80.314,0.0019,1.69
2408,80.347,0.0003,1.70
2409,80.380,0.0009,1.72
2410,80.414,0.0127,2.30
2411,80.447,0.0151,1.31
2412,80.481,0.0005,1.14
2413,80.514,0.0001,1.00
2414,80.547,0.0025,0.75
2415,80.581,0.0012,0.72
2416,80.614,0.0037,0.96
2417,80.647,0.0038,1.42
2418,80.681,0.0022,2.03
2419,80.714,0.0063,2.63
2420,80.747,0.0002,2.81
2421,80.781,0.0055,2.11
2422,80.814,0.0102,1.00
2423,80.847,0.0036,0.47
2424,80.881,0.0051,1.06
2425,80.914,0.0055,1.60
2426,80.948,0.0042,2.08
2427,80.981,0.0015,2.16
2428,81.014,0.0022,1.95
2429,81.048,0.0042,1.56
2430,81.081,0.0132,2.20
2431,81.114,0.0148,1.10
2432,81.148,0.0005,1.21
2433,81.181,0.0047,1.56
2434,81.215,0.0104,2.44
2435,81.248,0.0096,1.91
2436,81.281,0.0043,1.48
2437,81.315,0.0058,0.72
2438,81.348,0.0028,0.41
2439,81.381,0.0062,1.06
2440,81.415,0.0038,1.55
2441,81.448,0.0011,1.56
2442,81.481,0.0004,1.54
2443,81.515,0.0021,1.39
2444,81.548,0.0015,1.17
2445,81.582,0.0039,1.46
2446,81.615,0.0007,1.59
2447,81.648,0.0023,2.03
2448,81.682,0.0011,1.99
2449,81.715,0.0048,1.43
2450,81.748,0.0060,0.70
2451,81.782,0.0048,1.37
2452,81.815,0.0031,1.80
2453,81.849,0.0022,2.00
2454,81.882,0.0007,2.02
2455,81.915,0.0005,1.96
2456,81.949,0.0118,2.42
2457,81.982,0.0150,1.49
2458,82.015,0.0023,1.18
2459,82.049,0.0014,1.10
2460,82.082,0.0003,1.03
2461,82.115,0.0004,1.00
2462,82.149,0.0021,1.27
2463,82.182,0.0022,1.60
2464,82.216,0.0038,2.02
2465,82.249,0.0014,2.24
2466,82.282,0.0009,2.18
2467,82.316,0.0023,1.92
2468,82.349,0.0086,2.12
2469,82.382,0.0114,0.96
2470,82.416,0.0017,0.74
2471,82.449,0.0007,0.65
2472,82.483,0.0018,0.46
2473,82.516,0.0027,0.25
2474,82.549,0.0020,0.11
2475,82.583,0.0016,0.20
2476,82.616,0.0003,0.23
2477,82.649,0.0939,11.25
2478,82.683,0.0160,13.08
2479,82.716,0.0542,19.09
2480,82.749,0.1415,33.99
2481,82.783,0.0752,26.79
2482,82.816,0.0338,22.54
2483,82.850,0.0581,15.83
2484,82.883,0.0695,7.34
2485,82.916,0.0179,1.28
2486,82.950,0.0077,1.73
2487,82.983,0.0087,1.28
2488,83.016,0.0005,1.39
2489,83.050,0.0011,1.32
2490,83.083,0.0019,1.10
2491,83.116,0.0015,0.96
2492,83.150,0.0015,0.83
2493,83.183,0.0006,0.70
2494,83.216,0.0072,1.12
2495,83.250,0.0054,0.63
2496,83.283,0.0017,0.55
2497,83.317,0.0020,0.64
2498,83.350,0.0001,0.69
2499,83.383,0.0033,0.50
2500,83.417,0.0007,0.49
2501,83.450,0.0039,0.71
2502,83.484,0.0135,1.54
2503,83.517,0.0116,0.78
2504,83.550,0.0012,0.75
2505,83.584,0.0006,0.85
2506,83.617,0.0027,1.00
2507,83.650,0.0016,1.25
2508,83.684,0.0041,1.67
2509,83.717,0.0018,1.78
2510,83.750,0.0046,1.33
2511,83.784,0.0046,0.80
2512,83.817,0.0051,1.32
2513,83.850,0.0017,1.88
2514,83.884,0.0183,3.03
2515,83.917,0.0110,2.46
2516,83.951,0.0037,2.03
2517,83.984,0.0045,1.22
2518,84.017,0.0018,1.27
2519,84.051,0.0058,1.82
2520,84.084,0.0011,2.31
2521,84.118,0.0013,2.13
2522,84.151,0.0048,1.58
2523,84.184,0.0079,0.67
2524,84.218,0.0022,0.76
2525,84.251,0.0003,0.67
2526,84.284,0.0024,0.51
2527,84.318,0.0006,0.52
2528,84.351,0.0044,0.78
2529,84.384,0.0016,0.68
2530,84.418,0.0024,0.53
2531,84.451,0.0013,0.49
2532,84.484,0.0014,0.62
2533,84.518,0.0160,1.41
2534,84.551,0.0130,0.86
2535,84.585,0.0008,0.93
2536,84.618,0.0001,0.99
2537,84.651,0.0009,0.86
2538,84.685,0.0011,0.80
2539,84.718,0.0028,0.51
2540,84.751,0.0000,0.51
2541,84.785,0.0013,0.70
2542,84.818,0.0160,1.76
2543,84.852,0.0119,1.23
2544,84.885,0.0014,1.35
2545,84.918,0.0018,1.10
2546,84.952,0.0040,1.02
2547,84.985,0.0045,1.01
2548,85.018,0.0045,1.55
2549,85.052,0.0018,1.44
2550,85.085,0.0030,1.05
2551,85.118,0.0048,0.46
2552,85.152,0.0024,0.79
2553,85.185,0.0044,1.38
2554,85.219,0.0015,1.70
2555,85.252,0.0165,2.57
2556,85.285,0.0126,1.91
2557,85.319,0.0009,1.68
2558,85.352,0.0031,1.34
2559,85.385,0.0036,0.94
2560,85.419,0.0015,1.16
2561,85.452,0.0016,1.29
2562,85.486,0.0019,1.07
2563,85.519,0.0038,0.73
2564,85.552,0.0000,0.72
2565,85.586,0.0029,1.01
2566,85.619,0.0006,0.95
2567,85.652,0.0000,0.90
2568,85.686,0.0119,1.41
2569,85.719,0.0094,0.71
2570,85.752,0.0005,0.80
2571,85.786,0.0005,0.87
2572,85.819,0.0018,0.96
2573,85.853,0.0030,1.19
2574,85.886,0.0024,1.46
2575,85.919,0.0179,2.60
2576,85.953,0.0020,2.47
2577,85.986,0.0137,2.66
2578,86.019,0.0051,2.10
2579,86.053,0.0076,2.60
2580,86.086,0.0152,4.14
2581,86.120,0.0085,5.37
2582,86.153,0.0063,6.49
2583,86.186,0.0039,7.01
2584,86.220,0.0043,6.79
2585,86.253,0.0021,6.61
2586,86.286,0.0013,6.87
2587,86.320,0.0015,6.86
2588,86.353,0.0033,6.78
2589,86.386,0.0139,5.12
2590,86.420,0.0144,3.46
2591,86.453,0.0086,2.42
2592,86.487,0.0036,2.11
2593,86.520,0.0006,2.01
2594,86.553,0.0026,1.92
2595,86.587,0.0017,1.93
2596,86.620,0.0036,1.59
2597,86.653,0.0022,1.40
2598,86.687,0.0041,1.94
2599,86.720,0.0020,2.29
2600,86.753,0.0009,2.08
2601,86.787,0.0080,1.28
2602,86.820,0.0049,2.04
2603,86.853,0.0220,3.86
2604,86.887,0.0264,1.68
2605,86.920,0.0016,1.45
2606,86.954,0.0025,1.97
2607,86.987,0.0022,2.27
2608,87.020,0.0007,2.41
2609,87.054,0.0000,2.46
2610,87.087,0.0012,2.51
2611,87.121,0.0007,2.60
2612,87.154,0.0008,2.66
2613,87.187,0.0033,2.37
2614,87.221,0.0035,1.97
2615,87.254,0.0049,1.25
2616,87.287,0.0063,0.83
2617,87.321,0.0328,3.86
2618,87.354,0.0031,4.50
2619,87.387,0.0059,5.27
2620,87.421,0.0088,4.31
2621,87.454,0.0171,2.15
2622,87.487,0.0066,1.05
2623,87.521,0.0037,1.10
2624,87.554,0.0021,1.12
2625,87.588,0.0010,1.07
2626,87.621,0.0012,1.09
2627,87.654,0.0022,1.22
2628,87.688,0.0035,1.53
2629,87.721,0.0051,2.12
2630,87.754,0.0058,2.75
2631,87.788,0.0067,3.44
2632,87.821,0.0040,3.74
2633,87.855,0.0002,3.58
2634,87.888,0.0004,3.51
2635,87.921,0.0150,4.10
2636,87.955,0.0190,2.66
2637,87.988,0.0058,2.01
2638,88.021,0.0074,2.94
2639,88.055,0.0114,4.43
2640,88.088,0.0065,5.28
2641,88.121,0.0019,5.06
2642,88.155,0.0133,3.46
2643,88.188,0.0092,2.25
2644,88.222,0.0005,2.20
2645,88.255,0.0004,2.20
2646,88.288,0.0002,2.10
2647,88.322,0.0085,1.50
2648,88.355,0.0340,5.39
2649,88.388,0.0305,9.57
2650,88.422,0.0275,13.53
2651,88.455,0.0245,16.88
2652,88.489,0.0007,17.07
2653,88.522,0.0244,20.15
2654,88.555,0.0514,26.21
2655,88.589,0.5764,92.81
2656,88.622,0.1528,16.56
2657,88.655,0.0592,9.54
2658,88.689,0.0192,6.62
2659,88.722,0.0090,5.24
2660,88.755,0.0074,3.87
2661,88.789,0.0061,2.95
2662,88.822,0.0038,2.04
2663,88.856,0.0001,1.82
2664,88.889,0.0002,1.89
2665,88.922,0.0011,1.78
2666,88.956,0.0460,7.05
2667,88.989,0.0377,2.70
2668,89.022,0.0032,2.49
2669,89.056,0.0019,2.39
2670,89.089,0.0021,2.19
2671,89.123,0.0009,2.24
2672,89.156,0.0023,2.48
2673,89.189,0.0029,2.28
2674,89.223,0.0006,2.32
2675,89.256,0.0037,2.74
2676,89.289,0.0005,2.53
2677,89.323,0.0003,2.50
2678,89.356,0.0034,2.40
2679,89.389,0.0027,2.31
2680,89.423,0.0001,2.34
2681,89.456,0.0000,2.43
2682,89.490,0.0008,2.56
2683,89.523,0.0008,2.55
2684,89.556,0.0006,2.64
2685,89.590,0.0013,2.57
2686,89.623,0.0013,2.69
2687,89.656,0.0018,2.58
2688,89.690,0.0021,2.42
2689,89.723,0.0064,2.88
2690,89.756,0.0038,2.49
2691,89.790,0.0077,1.72
2692,89.823,0.0009,1.77
2693,89.856,0.0036,2.34
2694,89.890,0.0072,3.35
2695,89.923,0.0111,2.17
2696,89.957,0.0002,2.30
2697,89.990,0.0091,3.45
2698,90.023,0.0069,2.74
2699,90.057,0.0067,3.58
2700,90.090,0.0007,3.32
2701,90.124,0.0011,3.24
2702,90.157,0.0099,4.39
2703,90.190,0.0129,3.15
2704,90.224,0.0023,3.24
2705,90.257,0.0048,2.88
2706,90.290,0.0034,2.60
2707,90.324,0.0008,2.25
2708,90.357,0.0052,1.36
2709,90.390,0.0020,1.46
2710,90.424,0.0079,2.16
2711,90.457,0.0044,2.44
2712,90.490,0.0078,3.17
2713,90.524,0.0061,3.70
2714,90.557,0.0052,4.10
2715,90.591,0.0034,4.33
2716,90.624,0.0018,4.37
2717,90.657,0.0099,4.96
2718,90.691,0.0019,5.06
2719,90.724,0.0014,4.96
2720,90.757,0.0088,3.97
2721,90.791,0.0172,2.46
2722,90.824,0.0020,2.67
2723,90.858,0.0056,3.14
2724,90.891,0.0048,3.62
2725,90.924,0.0096,4.61
2726,90.958,0.0051,5.12
2727,90.991,0.0039,5.43
2728,91.024,0.0021,5.52
2729,91.058,0.0020,5.61
2730,91.091,0.0015,5.70
2731,91.124,0.0043,5.03
2732,91.158,0.0112,3.69
2733,91.191,0.0006,3.73
2734,91.225,0.0149,5.10
2735,91.258,0.0033,5.35
2736,91.291,0.0065,6.04
2737,91.325,0.0061,6.84
2738,91.358,0.0029,7.39
2739,91.391,0.0023,7.72
2740,91.425,0.0029,8.09
2741,91.458,0.0090,7.18
2742,91.492,0.0114,6.18
2743,91.525,0.0029,6.11
2744,91.558,0.0001,6.30
2745,91.592,0.0414,11.03
2746,91.625,0.0145,9.20
2747,91.658,0.0029,8.98
2748,91.692,0.0009,9.07
2749,91.725,0.0005,9.28
2750,91.758,0.0059,8.36
2751,91.792,0.0084,7.15
2752,91.825,0.0031,6.39
2753,91.859,0.0027,5.57
2754,91.892,0.0041,4.71
2755,91.925,0.0048,4.00
2756,91.959,0.0083,3.31
2757,91.992,0.0105,2.68
2758,92.025,0.0106,2.22
2759,92.059,0.0102,1.80
2760,92.092,0.0091,1.62
2761,92.126,0.0018,2.01
2762,92.159,0.0084,1.10
2763,92.192,0.0071,0.67
2764,92.226,0.0011,0.74
2765,92.259,0.0017,0.68
2766,92.292,0.0004,0.77
2767,92.326,0.0006,0.83
2768,92.359,0.0012,0.73
2769,92.392,0.0014,0.65
2770,92.426,0.0076,1.22
2771,92.459,0.0007,1.18
2772,92.493,0.0004,1.24
2773,92.526,0.0014,1.24
2774,92.559,0.0033,1.05
2775,92.593,0.0035,0.73
2776,92.626,0.0022,0.48
2777,92.659,0.0015,0.42
2778,92.693,0.0011,0.39
2779,92.726,0.0017,0.58
2780,92.759,0.0003,0.60
2781,92.793,0.0012,0.56
2782,92.826,0.0013,0.48
2783,92.859,0.0009,0.46
2784,92.893,0.0021,0.38
2785,92.926,0.0014,0.50
2786,92.960,0.0005,0.60
2787,92.993,0.0054,0.84
2788,93.026,0.0064,0.73
2789,93.060,0.0071,1.33
2790,93.093,0.0041,0.78
2791,93.126,0.0015,0.55
2792,93.160,0.0032,0.18
2793,93.193,0.0014,0.08
2794,93.227,0.0003,0.08
2795,93.260,0.0014,0.27
2796,93.293,0.0007,0.33
2797,93.327,0.0008,0.24
2798,93.360,0.0007,0.18
2799,93.393,0.0004,0.20
2800,93.427,0.0070,0.63
2801,93.460,0.0005,0.65
2802,93.493,0.0009,0.65
2803,93.527,0.0020,0.54
2804,93.560,0.0017,0.53
2805,93.594,0.0005,0.56
2806,93.627,0.0015,0.72
2807,93.660,0.0015,0.59
2808,93.694,0.0012,0.45
2809,93.727,0.0070,0.91
2810,93.760,0.0043,0.43
2811,93.794,0.0002,0.39
2812,93.827,0.0032,0.19
2813,93.861,0.0010,0.05
2814,93.894,0.0007,0.19
2815,93.927,0.0009,0.27
2816,93.961,0.0003,0.26
2817,93.994,0.0040,0.38
2818,94.027,0.0084,0.87
2819,94.061,0.0005,0.80
2820,94.094,0.0033,0.80
2821,94.127,0.0002,0.70
2822,94.161,0.0001,0.60
2823,94.194,0.0017,0.67
2824,94.228,0.0036,0.81
2825,94.261,0.0033,0.97
2826,94.294,0.0033,1.06
2827,94.328,0.0120,1.84
2828,94.361,0.0009,1.75
2829,94.394,0.0041,1.85
2830,94.428,0.0000,1.70
2831,94.461,0.0009,1.56
2832,94.495,0.0013,1.49
2833,94.528,0.0037,1.61
2834,94.561,0.0023,1.76
2835,94.595,0.0042,1.97
2836,94.628,0.0039,2.12
2837,94.661,0.0020,2.24
2838,94.695,0.0068,3.09
2839,94.728,0.0016,3.19
2840,94.761,0.0023,3.35
2841,94.795,0.0009,3.50
2842,94.828,0.0009,3.62
2843,94.862,0.0088,4.47
2844,94.895,0.0028,4.25
2845,94.928,0.0367,8.33
2846,94.962,0.0094,7.81
2847,94.995,0.0109,6.98
2848,95.028,0.0017,7.08
2849,95.062,0.0013,7.56
2850,95.095,0.0012,7.59
2851,95.129,0.0008,8.02
2852,95.162,0.0043,8.56
2853,95.195,0.0044,7.98
2854,95.229,0.0014,7.89
2855,95.262,0.0054,7.11
2856,95.295,0.0037,6.53
2857,95.329,0.0030,5.88
2858,95.362,0.0028,5.33
2859,95.395,0.0015,4.81
2860,95.429,0.0029,4.80
2861,95.462,0.0024,4.25
2862,95.496,0.0065,3.34
2863,95.529,0.0059,3.13
2864,95.562,0.0094,2.75
2865,95.596,0.0059,2.48
2866,95.629,0.0147,1.52
2867,95.662,0.0001,2.01
2868,95.696,0.0078,1.67
2869,95.729,0.0047,1.64
2870,95.762,0.0059,1.54
2871,95.796,0.0042,0.48
2872,95.829,0.0376,4.21
2873,95.862,0.0027,3.91
2874,95.896,0.0170,1.12
2875,95.929,0.0208,4.21
2876,95.963,0.0178,1.37
2877,95.996,0.1149,14.85
2878,96.029,0.0113,13.84
2879,96.063,0.1591,31.66
2880,96.096,0.2248,56.90
2881,96.129,0.0050,0.45
2882,96.163,0.1719,19.81
2883,96.196,0.3241,58.24
2884,96.230,0.1417,16.10
2885,96.263,0.0679,8.12
2886,96.296,0.0304,3.11
2887,96.330,0.0004,3.17
2888,96.363,0.0103,2.07
2889,96.396,0.0013,1.70
2890,96.430,0.0076,1.10
2891,96.463,0.0006,1.08
2892,96.496,0.0002,1.25
2893,96.530,0.0015,1.43
2894,96.563,0.0011,1.38
2895,96.597,0.0093,1.57
2896,96.630,0.0079,1.47
2897,96.663,0.0001,1.49
2898,96.697,0.0023,1.20
2899,96.730,0.0042,0.65
2900,96.763,0.0008,0.71
2901,96.797,0.0035,1.19
2902,96.830,0.0012,1.12
2903,96.864,0.0139,1.74
2904,96.897,0.0107,1.01
2905,96.930,0.0036,1.30
2906,96.964,0.0010,1.36
2907,96.997,0.0007,1.13
2908,97.030,0.0037,0.65
2909,97.064,0.0018,0.93
2910,97.097,0.0058,1.59
2911,97.130,0.0039,2.12
2912,97.164,0.0002,2.30
2913,97.197,0.0059,1.65
2914,97.231,0.0069,0.73
2915,97.264,0.0015,0.92
2916,97.297,0.0047,1.49
2917,97.331,0.0036,1.99
2918,97.364,0.0201,3.09
2919,97.397,0.0179,2.14
2920,97.431,0.0012,1.88
2921,97.464,0.0042,1.43
2922,97.498,0.0026,1.11
2923,97.531,0.0009,1.25
2924,97.564,0.0009,1.35
2925,97.598,0.0027,1.63
2926,97.631,0.0001,1.83
2927,97.664,0.0007,1.95
2928,97.698,0.0036,1.46
2929,97.731,0.0065,0.73
2930,97.764,0.0040,1.20
2931,97.798,0.0002,1.16
2932,97.831,0.0017,0.87
2933,97.865,0.0030,0.47
2934,97.898,0.0004,0.50
2935,97.931,0.0026,0.79
2936,97.965,0.0105,1.19
2937,97.998,0.0104,0.88
2938,98.031,0.0027,1.23
2939,98.065,0.0003,1.15
2940,98.098,0.0020,0.81
2941,98.132,0.0024,0.59
2942,98.165,0.0037,0.99
2943,98.198,0.0010,0.95
2944,98.232,0.0040,0.49
2945,98.265,0.0169,1.49
2946,98.298,0.0113,0.79
2947,98.332,0.0036,0.46
2948,98.365,0.0042,0.88
2949,98.398,0.0045,1.43
2950,98.432,0.0010,1.43
2951,98.465,0.0038,0.89
2952,98.499,0.0002,0.81
2953,98.532,0.0066,1.69
2954,98.565,0.0044,2.15
2955,98.599,0.0010,2.27
2956,98.632,0.0005,2.20
2957,98.665,0.0019,1.85
2958,98.699,0.0100,2.16
2959,98.732,0.0154,1.27
2960,98.765,0.0019,1.43
2961,98.799,0.0048,1.89
2962,98.832,0.0046,2.44
2963,98.865,0.0026,2.85
2964,98.899,0.0007,3.01
2965,98.932,0.0023,2.86
2966,98.966,0.0082,1.77
2967,98.999,0.0030,1.53
2968,99.032,0.0032,1.76
2969,99.066,0.0005,1.76
2970,99.099,0.0023,1.39
2971,99.132,0.0012,1.25
2972,99.166,0.0011,1.42
2973,99.199,0.0013,1.58
2974,99.233,0.0020,1.84
2975,99.266,0.0018,1.76
2976,99.299,0.0067,0.96
2977,99.333,0.0026,1.24
2978,99.366,0.0035,1.74
2979,99.399,0.0013,1.74
2980,99.433,0.0017,1.40
2981,99.466,0.0037,0.99
2982,99.499,0.0045,0.57
2983,99.533,0.0005,0.64
2984,99.566,0.0054,1.21
2985,99.600,0.0041,1.65
2986,99.633,0.0011,2.03
2987,99.666,0.0045,1.64
2988,99.700,0.0081,0.71
2989,99.733,0.0014,0.52
2990,99.766,0.0003,0.50
2991,99.800,0.0015,0.37
2992,99.833,0.0007,0.27
2993,99.867,0.0009,0.24
2994,99.900,0.0014,0.34
2995,99.933,0.0051,0.57
2996,99.967,0.0513,6.18
2997,100.000,0.0161,1.27
2998,100.033,0.0020,1.42
2999,100.067,0.0009,1.34
3000,100.100,0.0098,1.82
3001,100.133,0.0108,1.25
3002,100.167,0.0001,1.28
3003,100.200,0.0003,1.33
3004,100.234,0.0001,1.37
3005,100.267,0.0031,0.99
3006,100.300,0.0002,1.01
3007,100.334,0.0015,1.16
3008,100.367,0.0011,1.29
3009,100.400,0.0014,1.23
3010,100.434,0.0005,1.23
3011,100.467,0.0006,1.24
3012,100.501,0.0085,1.69
3013,100.534,0.0104,0.66
3014,100.567,0.0016,0.48
3015,100.601,0.0021,0.69
3016,100.634,0.0057,1.24
3017,100.667,0.0152,2.35
3018,100.701,0.0091,2.00
3019,100.734,0.0012,1.93
3020,100.767,0.0048,1.21
3021,100.801,0.0045,0.78
3022,100.834,0.0010,0.73
3023,100.868,0.0007,0.82
3024,100.901,0.0010,0.82
3025,100.934,0.0015,0.71
3026,100.968,0.0005,0.77
3027,101.001,0.0052,1.25
3028,101.034,0.0050,1.72
3029,101.068,0.0050,2.25
3030,101.101,0.0027,2.64
3031,101.134,0.0026,2.98
3032,101.168,0.0216,4.09
3033,101.201,0.0228,2.86
3034,101.235,0.0051,2.33
3035,101.268,0.0035,1.96
3036,101.301,0.0028,1.67
3037,101.335,0.0008,1.53
3038,101.368,0.0008,1.56
3039,101.401,0.0004,1.57
3040,101.435,0.0031,1.23
3041,101.468,0.0043,0.61
3042,101.502,0.0016,0.50
3043,101.535,0.0036,0.83
3044,101.568,0.0001,0.93
3045,101.602,0.0008,0.98
3046,101.635,0.0002,1.05
3047,101.668,0.0011,1.20
3048,101.702,0.0002,1.22
3049,101.735,0.0008,1.20
3050,101.768,0.0007,0.99
3051,101.802,0.0037,0.68
3052,101.835,0.0006,0.61
3053,101.869,0.0040,1.02
3054,101.902,0.0016,1.44
3055,101.935,0.0227,2.75
3056,101.969,0.0192,1.90
3057,102.002,0.0030,1.42
3058,102.035,0.0065,0.54
3059,102.069,0.0043,0.95
3060,102.102,0.0007,1.14
3061,102.135,0.0000,1.25
3062,102.169,0.0009,1.21
3063,102.202,0.0004,1.01
3064,102.236,0.0008,0.84
3065,102.269,0.0037,0.56
3066,102.302,0.0047,0.90
3067,102.336,0.0159,2.10
3068,102.369,0.0103,1.75
3069,102.402,0.0010,1.72
3070,102.436,0.0059,1.08
3071,102.469,0.0053,0.28
3072,102.503,0.0044,0.63
3073,102.536,0.0005,0.60
3074,102.569,0.0006,0.53
3075,102.603,0.0009,0.49
3076,102.636,0.0013,0.63
3077,102.669,0.0010,0.83
3078,102.703,0.0012,1.09
3079,102.736,0.0374,4.04
3080,102.769,0.0071,0.44
3081,102.803,0.0009,0.55
3082,102.836,0.0113,1.35
3083,102.870,0.0081,0.91
3084,102.903,0.0098,1.55
3085,102.936,0.0101,0.87
3086,102.970,0.0015,0.73
3087,103.003,0.0004,0.59
3088,103.036,0.0004,0.57
3089,103.070,0.0017,0.53
3090,103.103,0.0007,0.63
3091,103.136,0.0014,0.80
3092,103.170,0.0013,0.67
3093,103.203,0.0004,0.62
3094,103.237,0.0020,0.45
3095,103.270,0.0023,0.61
3096,103.303,0.0032,0.83
3097,103.337,0.0006,0.93
3098,103.370,0.0122,1.75
3099,103.403,0.0104,1.29
3100,103.437,0.0027,1.44
3101,103.470,0.0015,1.36
3102,103.504,0.0031,1.17
3103,103.537,0.0017,0.92
3104,103.570,0.0040,0.42
3105,103.604,0.0014,0.79
3106,103.637,0.0018,1.01
3107,103.670,0.0001,1.01
3108,103.704,0.0001,0.93
3109,103.737,0.0017,0.71
3110,103.770,0.0010,0.49
3111,103.804,0.0010,0.48
3112,103.837,0.0017,0.65
3113,103.871,0.0014,0.86
3114,103.904,0.0158,1.90
3115,103.937,0.0091,1.63
3116,103.971,0.0008,1.74
3117,104.004,0.0044,1.22
3118,104.037,0.0058,0.55
3119,104.071,0.0080,1.49
3120,104.104,0.0032,1.89
3121,104.137,0.0006,1.86
3122,104.171,0.0030,1.50
3123,104.204,0.0010,1.20
3124,104.238,0.0025,0.86
3125,104.271,0.0170,1.79
3126,104.304,0.0140,1.17
3127,104.338,0.0053,1.63
3128,104.371,0.0010,1.94
3129,104.404,0.0005,1.97
3130,104.438,0.0022,1.81
3131,104.471,0.0021,1.49
3132,104.505,0.0067,0.49
3133,104.538,0.0028,0.65
3134,104.571,0.0014,0.58
3135,104.605,0.0015,0.42
3136,104.638,0.0014,0.29
3137,104.671,0.0028,0.35
3138,104.705,0.0310,1.42
3139,104.738,0.0586,7.57
3140,104.771,0.0178,11.20
3141,104.805,0.0232,14.67
3142,104.838,0.0287,18.46
3143,104.872,0.0177,20.86
3144,104.905,0.0173,23.14
3145,104.938,0.0248,26.16
3146,104.972,0.1619,45.68
3147,105.005,0.0698,7.59
3148,105.038,0.0128,5.55
3149,105.072,0.0067,4.15
3150,105.105,0.0080,3.21
3151,105.138,0.0055,2.57
3152,105.172,0.0288,6.01
3153,105.205,0.0125,7.94
3154,105.239,0.0368,2.03
3155,105.272,0.0110,3.40
3156,105.305,0.0195,0.98
3157,105.339,0.0056,1.32
3158,105.372,0.0057,0.99
3159,105.405,0.0029,1.20
3160,105.439,0.0016,1.30
3161,105.472,0.0067,0.91
3162,105.506,0.0003,0.95
3163,105.539,0.0015,1.00
3164,105.572,0.0005,1.07
3165,105.606,0.0015,0.98
3166,105.639,0.0107,1.47
3167,105.672,0.0111,0.94
3168,105.706,0.0002,0.98
3169,105.739,0.0627,7.77
3170,105.772,0.0378,3.10
3171,105.806,0.0133,1.33
3172,105.839,0.0040,1.84
3173,105.873,0.0119,1.00
3174,105.906,0.0015,1.00
3175,105.939,0.0022,0.88
3176,105.973,0.0019,1.04
3177,106.006,0.0021,1.20
3178,106.039,0.0026,1.07
3179,106.073,0.0035,1.18
3180,106.106,0.0044,1.63
3181,106.139,0.0013,1.60
3182,106.173,0.0013,1.57
3183,106.206,0.0020,1.67
3184,106.240,0.0394,5.37
3185,106.273,0.0017,5.84
3186,106.306,0.0078,6.20
3187,106.340,0.0233,3.74
3188,106.373,0.0191,1.69
3189,106.406,0.0104,0.97
3190,106.440,0.0003,0.84
3191,106.473,0.0030,0.70
3192,106.507,0.0004,0.73
3193,106.540,0.0006,0.74
3194,106.573,0.0034,0.58
3195,106.607,0.0006,0.64
3196,106.640,0.0000,0.60
3197,106.673,0.0049,0.28
3198,106.707,0.0070,0.67
3199,106.740,0.0845,9.90
3200,106.773,0.0064,10.77
3201,106.807,0.0105,10.71
3202,106.840,0.0350,6.14
3203,106.874,0.0288,1.88
3204,106.907,0.0083,1.11
3205,106.940,0.0005,1.16
3206,106.974,0.0099,1.65
3207,107.007,0.0026,1.61
3208,107.040,0.0066,2.09
3209,107.074,0.0010,2.14
3210,107.107,0.0016,2.30
3211,107.140,0.0042,1.98
3212,107.174,0.0103,1.71
3213,107.207,0.0049,2.02
3214,107.241,0.0006,2.08
3215,107.274,0.0064,1.51
3216,107.307,0.0085,0.91
3217,107.341,0.0011,0.77
3218,107.374,0.0004,0.71
3219,107.407,0.0050,0.42
3220,107.441,0.0039,0.54
3221,107.474,0.0031,0.71
3222,107.508,0.0062,0.40
3223,107.541,0.0001,0.43
3224,107.574,0.0062,0.72
3225,107.608,0.0032,0.58
3226,107.641,0.0953,10.97
3227,107.674,0.0476,4.63
3228,107.708,0.0165,5.47
3229,107.741,0.0189,3.16
3230,107.774,0.0183,1.77
3231,107.808,0.0071,1.23
3232,107.841,0.0041,1.02
3233,107.875,0.0014,0.85
3234,107.908,0.0051,1.21
3235,107.941,0.0027,1.21
3236,107.975,0.0071,0.81
3237,108.008,0.0416,4.96
3238,108.041,0.0006,5.08
3239,108.075,0.0266,1.45
3240,108.108,0.0018,1.77
3241,108.141,0.0065,1.26
3242,108.175,0.0081,0.75
3243,108.208,0.0030,0.94
3244,108.242,0.0014,1.03
3245,108.275,0.0020,0.89
3246,108.308,0.0023,0.77
3247,108.342,0.0044,0.49
3248,108.375,0.0034,0.66
3249,108.408,0.0010,0.66
3250,108.442,0.0042,0.51
3251,108.475,0.0070,0.74
3252,108.509,0.0068,0.53
3253,108.542,0.0014,0.59
3254,108.575,0.0011,0.64
3255,108.609,0.0018,0.55
3256,108.642,0.0027,0.66
3257,108.675,0.0305,3.77
3258,108.709,0.0029,4.42
3259,108.742,0.0209,1.07
3260,108.775,0.0074,1.80
3261,108.809,0.0104,0.65
3262,108.842,0.0024,0.80
3263,108.876,0.0049,1.01
3264,108.909,0.0060,0.68
3265,108.942,0.0031,0.80
3266,108.976,0.0023,0.79
3267,109.009,0.0008,0.85
3268,109.042,0.0006,0.88
3269,109.076,0.0370,4.60
3270,109.109,0.0249,7.60
3271,109.142,0.0279,1.50
3272,109.176,0.0129,2.90
3273,109.209,0.0174,1.18
3274,109.243,0.0040,0.85
3275,109.276,0.0013,0.61
3276,109.309,0.0050,0.38
3277,109.343,0.0010,0.47
3278,109.376,0.0009,0.48
3279,109.409,0.0019,0.50
3280,109.443,0.0011,0.46
3281,109.476,0.0027,0.49
3282,109.510,0.0011,0.59
3283,109.543,0.0049,0.85
3284,109.576,0.0074,0.46
3285,109.610,0.0053,0.70
3286,109.643,0.0030,0.54
3287,109.676,0.0427,5.49
3288,109.710,0.0224,2.51
3289,109.743,0.0152,0.68
3290,109.776,0.0090,1.21
3291,109.810,0.0116,0.56
3292,109.843,0.0026,0.47
3293,109.877,0.0056,0.73
3294,109.910,0.0006,0.65
3295,109.943,0.0163,2.18
3296,109.977,0.0069,3.13
3297,110.010,0.0178,0.93
3298,110.043,0.0081,1.57
3299,110.077,0.0096,0.98
3300,110.110,0.0002,0.96
3301,110.143,0.0019,0.83
3302,110.177,0.0034,0.83
3303,110.210,0.0032,1.16
3304,110.244,0.0235,3.19
3305,110.277,0.0153,1.11
3306,110.310,0.0165,2.87
3307,110.344,0.0094,4.16
3308,110.377,0.0115,4.54
3309,110.410,0.0205,2.45
3310,110.444,0.0132,0.79
3311,110.477,0.0045,0.44
3312,110.511,0.0036,0.25
3313,110.544,0.0012,0.34
3314,110.577,0.0010,0.39
3315,110.611,0.0006,0.40
3316,110.644,0.0028,0.58
3317,110.677,0.0531,6.22
3318,110.711,0.0016,6.12
3319,110.744,0.0115,6.35
3320,110.777,0.0240,3.92
3321,110.811,0.0221,1.48
3322,110.844,0.0026,1.15
3323,110.878,0.0010,1.06
3324,110.911,0.0045,1.22
3325,110.944,0.0053,0.90
3326,110.978,0.0017,1.00
3327,111.011,0.0028,0.83
3328,111.044,0.0021,1.19
3329,111.078,0.0043,0.83
3330,111.111,0.0012,0.77
3331,111.144,0.0024,1.04
3332,111.178,0.0083,0.46
3333,111.211,0.0039,0.63
3334,111.245,0.0000,0.66
3335,111.278,0.0040,0.75
3336,111.311,0.0061,0.34
3337,111.345,0.0028,0.44
3338,111.378,0.0019,0.39
3339,111.411,0.0020,0.26
3340,111.445,0.0061,0.58
3341,111.478,0.0430,5.62
3342,111.512,0.0113,0.83
3343,111.545,0.0016,0.65
3344,111.578,0.0035,0.51
3345,111.612,0.0002,0.51
3346,111.645,0.0016,0.37
3347,111.678,0.0034,0.27
3348,111.712,0.0056,0.56
3349,111.745,0.0019,0.59
3350,111.778,0.0068,0.95
3351,111.812,0.0063,0.60
3352,111.845,0.0037,0.55
3353,111.879,0.0110,1.32
3354,111.912,0.0023,1.36
3355,111.945,0.0029,1.73
3356,111.979,0.0002,1.35
3357,112.012,0.0122,0.87
3358,112.045,0.0042,1.04
3359,112.079,0.0034,0.76
3360,112.112,0.0028,0.96
3361,112.145,0.0020,0.78
3362,112.179,0.0048,0.64
3363,112.212,0.0056,1.08
3364,112.246,0.0016,0.93
3365,112.279,0.0079,0.49
3366,112.312,0.0317,3.66
3367,112.346,0.0096,5.00
3368,112.379,0.0233,1.33
3369,112.412,0.0039,1.88
3370,112.446,0.0105,0.53
3371,112.479,0.0016,0.47
3372,112.513,0.0029,0.16
3373,112.546,0.0026,0.28
3374,112.579,0.0039,0.46
3375,112.613,0.0018,0.38
3376,112.646,0.0018,0.48
3377,112.679,0.0007,0.05
3378,112.713,0.0151,0.71
3379,112.746,0.0013,0.85
3380,112.779,0.0083,0.39
3381,112.813,0.0055,0.62
3382,112.846,0.0050,0.42
3383,112.880,0.0121,0.94
3384,112.913,0.0095,1.56
3385,112.946,0.0223,3.20
3386,112.980,0.0174,4.96
3387,113.013,0.0152,7.15
3388,113.046,0.0099,8.99
3389,113.080,0.0377,14.68
3390,113.113,0.0458,20.29
3391,113.146,0.2486,49.92
3392,113.180,0.1940,22.29
3393,113.213,0.0025,22.33
3394,113.247,0.0328,18.11
3395,113.280,0.0287,14.05
3396,113.313,0.0237,10.37
3397,113.347,0.0320,4.92
3398,113.380,0.0142,0.78
3399,113.413,0.0043,0.24
3400,113.447,0.0035,0.57
3401,113.480,0.0153,1.47
3402,113.514,0.0064,1.61
3403,113.547,0.0024,1.93
3404,113.580,0.0001,1.87
3405,113.614,0.0031,1.50
3406,113.647,0.0039,1.10
3407,113.680,0.0020,0.80
3408,113.714,0.0027,0.52
3409,113.747,0.0014,0.37
3410,113.780,0.0104,0.92
3411,113.814,0.0072,0.54
3412,113.847,0.0020,0.37
3413,113.881,0.0056,0.96
3414,113.914,0.0090,2.01
3415,113.947,0.0002,1.91
3416,113.981,0.0008,1.87
3417,114.014,0.0038,1.38
3418,114.047,0.0042,0.89
3419,114.081,0.0219,1.93
3420,114.114,0.0097,0.73
3421,114.147,0.0019,1.00
3422,114.181,0.0015,1.19
3423,114.214,0.0006,1.34
3424,114.248,0.0008,1.47
3425,114.281,0.0007,1.35
3426,114.314,0.0069,0.53
3427,114.348,0.0054,0.98
3428,114.381,0.0026,1.43
3429,114.414,0.0042,0.96
3430,114.448,0.0031,0.59
3431,114.481,0.0063,1.19
3432,114.515,0.0023,1.31
3433,114.548,0.0034,1.06
3434,114.581,0.0030,1.54
3435,114.615,0.0040,1.80
3436,114.648,0.0012,1.94
3437,114.681,0.0247,3.38
3438,114.715,0.0227,2.17
3439,114.748,0.0014,2.16
3440,114.781,0.0015,2.06
3441,114.815,0.0032,1.86
3442,114.848,0.0029,1.62
3443,114.882,0.0024,1.22
3444,114.915,0.0033,0.87
3445,114.948,0.0006,0.93
3446,114.982,0.0001,0.98
3447,115.015,0.0001,0.92
3448,115.048,0.0014,0.81
3449,115.082,0.0026,0.54
3450,115.115,0.0007,0.40
3451,115.148,0.0019,0.25
3452,115.182,0.0002,0.28
3453,115.215,0.0009,0.35
3454,115.249,0.0142,1.10
3455,115.282,0.0084,0.61
3456,115.315,0.0005,0.78
3457,115.349,0.0154,1.76
3458,115.382,0.0118,1.25
3459,115.415,0.0033,1.61
3460,115.449,0.0020,1.71
3461,115.482,0.0024,1.98
3462,115.516,0.0005,1.93
3463,115.549,0.0003,1.93
3464,115.582,0.0010,2.05
3465,115.616,0.0036,1.62
3466,115.649,0.0023,1.39
3467,115.682,0.0006,1.25
3468,115.716,0.0016,0.93
3469,115.749,0.0024,0.68
3470,115.782,0.0004,0.70
3471,115.816,0.0007,0.77
3472,115.849,0.0003,0.90
3473,115.883,0.0017,0.97
3474,115.916,0.0003,1.02
3475,115.949,0.0018,0.91
3476,115.983,0.0017,0.87
3477,116.016,0.0002,0.86
3478,116.049,0.0022,0.97
3479,116.083,0.0150,1.79
3480,116.116,0.0124,1.33
3481,116.149,0.0024,1.56
3482,116.183,0.0038,1.89
3483,116.216,0.0003,1.86
3484,116.250,0.0025,1.56
3485,116.283,0.0005,1.69
3486,116.316,0.0074,0.79
3487,116.350,0.0012,0.99
3488,116.383,0.0040,1.47
3489,116.416,0.0031,1.84
3490,116.450,0.0003,1.78
3491,116.483,0.0023,1.49
3492,116.517,0.0011,1.32
3493,116.550,0.0002,1.32
3494,116.583,0.0010,1.47
3495,116.617,0.0007,1.56
3496,116.650,0.0174,2.64
3497,116.683,0.0165,1.69
3498,116.717,0.0020,1.56
3499,116.750,0.0025,1.32
3500,116.783,0.0043,0.76
3501,116.817,0.0013,0.65
3502,116.850,0.0000,0.60
3503,116.884,0.0003,0.54
3504,116.917,0.0005,0.48
3505,116.950,0.0011,0.39
3506,116.984,0.0008,0.45
3507,117.017,0.0014,0.58
3508,117.050,0.0596,7.39
3509,117.084,0.0202,1.97
3510,117.117,0.0013,1.87
3511,117.150,0.0044,1.83
3512,117.184,0.0093,1.14
3513,117.217,0.0036,0.76
3514,117.251,0.0011,0.60
3515,117.284,0.0032,0.38
3516,117.317,0.0017,0.22
3517,117.351,0.0003,0.22
3518,117.384,0.0005,0.27
3519,117.417,0.0015,0.38
3520,117.451,0.0002,0.45
3521,117.484,0.0106,1.05
3522,117.518,0.0062,0.36
3523,117.551,0.0011,0.26
3524,117.584,0.0049,0.40
3525,117.618,0.0005,0.56
3526,117.651,0.0026,0.89
3527,117.684,0.0020,1.22
3528,117.718,0.0011,1.37
3529,117.751,0.0005,1.31
3530,117.784,0.0006,1.12
3531,117.818,0.0123,1.74
3532,117.851,0.0100,0.64
3533,117.885,0.0015,0.88
3534,117.918,0.0027,1.17
3535,117.951,0.0018,1.46
3536,117.985,0.0025,1.16
3537,118.018,0.0027,0.67
3538,118.051,0.0006,0.70
3539,118.085,0.0014,0.62
3540,118.118,0.0024,0.34
3541,118.151,0.0003,0.43
3542,118.185,0.0019,0.54
3543,118.218,0.0001,0.47
3544,118.252,0.0013,0.55
3545,118.285,0.0010,0.80
3546,118.318,0.0006,0.90
3547,118.352,0.0008,0.98
3548,118.385,0.2278,24.43
3549,118.418,0.0748,4.95
3550,118.452,0.0043,5.46
3551,118.485,0.0032,5.97
3552,118.519,0.0592,12.33
3553,118.552,0.0577,3.23
3554,118.585,0.0112,2.56
3555,118.619,0.0029,2.66
3556,118.652,0.0127,3.57
3557,118.685,0.0041,3.74
3558,118.719,0.0254,1.18
3559,118.752,0.0132,1.74
3560,118.785,0.0077,2.31
3561,118.819,0.0150,3.62
3562,118.852,0.0000,3.58
3563,118.886,0.0236,1.61
3564,118.919,0.0076,1.98
3565,118.952,0.0012,1.98
3566,118.986,0.0062,1.71
3567,119.019,0.0012,1.53
3568,119.052,0.0064,1.31
3569,119.086,0.0001,1.44
3570,119.119,0.0475,7.33
3571,119.152,0.4444,60.15
3572,119.186,0.0400,3.19
3573,119.219,0.0119,0.89
3574,119.253,0.6174,70.78
3575,119.286,0.2636,41.64
3576,119.319,0.0823,9.09
3577,119.353,0.2505,38.13
3578,119.386,0.0074,0.49
3579,119.419,0.0579,7.18
3580,119.453,0.0649,15.06
3581,119.486,0.0082,0.45
3582,119.520,0.0038,0.83
3583,119.553,0.0031,1.18
3584,119.586,0.0061,1.55
3585,119.620,0.0086,2.23
3586,119.653,0.0111,1.74
3587,119.686,0.0028,1.42
3588,119.720,0.0067,0.62
3589,119.753,0.0015,0.81
3590,119.786,0.0011,1.00
3591,119.820,0.0013,1.12
3592,119.853,0.0003,1.06
3593,119.887,0.0030,0.73
3594,119.920,0.0029,0.49
3595,119.953,0.0141,1.43
3596,119.987,0.0058,1.20
3597,120.020,0.0020,1.05
3598,120.053,0.0110,1.55
3599,120.087,0.0095,0.63
3600,120.120,0.0012,0.45
3601,120.153,0.0013,0.43
3602,120.187,0.0047,0.92
3603,120.220,0.0003,0.88
3604,120.254,0.0028,0.50
3605,120.287,0.0037,0.90
3606,120.320,0.0030,0.61
3607,120.354,0.0003,0.62
3608,120.387,0.0026,1.04
3609,120.420,0.0002,1.05
3610,120.454,0.0050,0.46
3611,120.487,0.0195,1.69
3612,120.521,0.0051,0.27
3613,120.554,0.0042,0.69
3614,120.587,0.0012,0.85
3615,120.621,0.0032,0.48
3616,120.654,0.0026,0.25
3617,120.687,0.0002,0.29
3618,120.721,0.3692,43.67
3619,120.754,0.0622,7.05
3620,120.787,0.0022,0.14
3621,120.821,0.2005,23.27
3622,120.854,0.4205,68.98
3623,120.888,0.1663,19.00
3624,120.921,0.0173,1.49
3625,120.954,0.0058,1.58
3626,120.988,0.0086,0.51
3627,121.021,0.0006,0.52
3628,121.054,0.0020,0.68
3629,121.088,0.0032,0.42
3630,121.121,0.0001,0.32
3631,121.154,0.0095,0.90
3632,121.188,0.0066,0.28
3633,121.221,0.0007,0.27
3634,121.255,0.0009,0.28
3635,121.288,0.0004,0.25
3636,121.321,0.0002,0.27
3637,121.355,0.0001,0.26
3638,121.388,0.0103,0.83
