frame,t,scale,tx_px,ty_px,inliers
0,0.000,,,,0
1,0.040,,,,0
2,0.080,,,,0
3,0.120,,,,0
4,0.160,,,,0
5,0.200,,,,0
6,0.240,,,,0
7,0.280,,,,0
8,0.320,,,,0
9,0.360,,,,0
10,0.400,,,,0
11,0.440,,,,0
12,0.480,,,,0
13,0.520,,,,0
14,0.560,,,,0
15,0.600,,,,0
16,0.640,,,,0
17,0.680,,,,0
18,0.720,,,,0
19,0.760,,,,0
20,0.800,,,,0
21,0.840,,,,0
22,0.880,,,,0
23,0.920,,,,0
24,0.960,,,,0
25,1.000,,,,0
26,1.040,,,,0
27,1.080,,,,0
28,1.120,,,,0
29,1.160,,,,0
30,1.200,,,,0
31,1.240,,,,0
32,1.280,,,,0
33,1.320,,,,0
34,1.360,,,,0
35,1.400,,,,0
36,1.440,,,,0
37,1.480,,,,0
38,1.520,,,,0
39,1.560,,,,0
40,1.600,,,,0
41,1.640,,,,0
42,1.680,,,,0
43,1.720,,,,0
44,1.760,,,,0
45,1.800,,,,0
46,1.840,,,,0
47,1.880,,,,0
48,1.920,,,,0
49,1.960,,,,0
50,2.000,,,,0
51,2.040,,,,0
52,2.080,,,,0
53,2.120,,,,0
54,2.160,,,,0
55,2.200,,,,0
56,2.240,,,,0
57,2.280,,,,0
58,2.320,,,,0
59,2.360,,,,0
60,2.400,,,,0
61,2.440,,,,0
62,2.480,,,,0
63,2.520,,,,0
64,2.560,,,,0
65,2.600,,,,0
66,2.640,,,,0
67,2.680,,,,0
68,2.720,,,,0
69,2.760,,,,0
70,2.800,,,,0
71,2.840,,,,0
72,2.880,,,,0
73,2.920,,,,0
74,2.960,,,,0
75,3.000,,,,0
76,3.040,,,,0
77,3.080,,,,0
78,3.120,,,,0
79,3.160,,,,0
80,3.200,,,,0
81,3.240,,,,0
82,3.280,,,,0
83,3.320,,,,0
84,3.360,,,,0
85,3.400,,,,0
86,3.440,,,,0
87,3.480,,,,0
88,3.520,,,,0
89,3.560,,,,0
90,3.600,,,,0
91,3.640,,,,0
92,3.680,,,,0
93,3.720,,,,0
94,3.760,,,,0
95,3.800,,,,0
96,3.840,,,,0
97,3.880,,,,0
98,3.920,,,,0
99,3.960,,,,0
100,4.000,,,,0
101,4.040,,,,0
102,4.080,,,,0
103,4.120,,,,0
104,4.160,,,,0
105,4.200,,,,0
106,4.240,,,,0
107,4.280,,,,0
108,4.320,,,,0
109,4.360,,,,0
110,4.400,,,,0
111,4.440,,,,0
112,4.480,,,,0
113,4.520,,,,0
114,4.560,,,,0
115,4.600,,,,0
116,4.640,,,,0
117,4.680,,,,0
118,4.720,,,,0
119,4.760,,,,0
120,4.800,,,,0
121,4.840,,,,0
122,4.880,,,,0
123,4.920,,,,0
124,4.960,,,,0
125,5.000,,,,0
126,5.040,,,,0
127,5.080,,,,0
128,5.120,,,,0
129,5.160,,,,0
130,5.200,,,,0
131,5.240,,,,0
132,5.280,,,,0
133,5.320,,,,0
134,5.360,,,,0
135,5.400,,,,0
136,5.440,,,,0
137,5.480,,,,0
138,5.520,,,,0
139,5.560,,,,0
140,5.600,,,,0
141,5.640,,,,0
142,5.680,,,,0
143,5.720,,,,0
144,5.760,,,,0
145,5.800,,,,0
146,5.840,,,,0
147,5.880,,,,0
148,5.920,,,,0
149,5.960,,,,0
150,6.000,,,,0
151,6.040,,,,0
152,6.080,,,,0
153,6.120,,,,0
154,6.160,,,,0
155,6.200,,,,0
156,6.240,,,,0
157,6.280,,,,0
158,6.320,,,,0
159,6.360,,,,0
160,6.400,,,,0
161,6.440,,,,0
162,6.480,,,,0
163,6.520,,,,0
164,6.560,,,,0
165,6.600,,,,0
166,6.640,,,,0
167,6.680,,,,0
168,6.720,,,,0
169,6.760,,,,0
170,6.800,,,,0
171,6.840,,,,0
172,6.880,,,,0
173,6.920,,,,0
174,6.960,,,,0
175,7.000,,,,0
176,7.040,,,,0
177,7.080,,,,0
178,7.120,,,,0
179,7.160,,,,0
180,7.200,,,,0
181,7.240,,,,0
182,7.280,,,,0
183,7.320,,,,0
184,7.360,,,,0
185,7.400,,,,0
186,7.440,,,,0
187,7.480,,,,0
188,7.520,,,,0
189,7.560,,,,0
190,7.600,,,,0
191,7.640,,,,0
192,7.680,,,,0
193,7.720,,,,0
194,7.760,,,,0
195,7.800,,,,0
196,7.840,,,,0
197,7.880,,,,0
198,7.920,,,,0
199,7.960,,,,0
200,8.000,,,,0
201,8.040,,,,0
202,8.080,,,,0
203,8.120,,,,0
204,8.160,,,,0
205,8.200,,,,0
206,8.240,,,,0
207,8.280,,,,0
208,8.320,,,,0
209,8.360,,,,0
210,8.400,,,,0
211,8.440,,,,0
212,8.480,,,,0
213,8.520,,,,0
214,8.560,,,,0
215,8.600,,,,0
216,8.640,,,,0
217,8.680,,,,0
218,8.720,,,,0
219,8.760,,,,0
220,8.800,,,,0
221,8.840,,,,0
222,8.880,,,,0
223,8.920,,,,0
224,8.960,,,,0
225,9.000,,,,0
226,9.040,,,,0
227,9.080,,,,0
228,9.120,,,,0
229,9.160,,,,0
230,9.200,,,,0
231,9.240,,,,0
232,9.280,,,,0
233,9.320,,,,0
234,9.360,,,,0
235,9.400,,,,0
236,9.440,,,,0
237,9.480,,,,0
238,9.520,,,,0
239,9.560,,,,0
240,9.600,,,,0
241,9.640,,,,0
242,9.680,,,,0
243,9.720,,,,0
244,9.760,,,,0
245,9.800,,,,0
246,9.840,,,,0
247,9.880,,,,0
248,9.920,,,,0
249,9.960,,,,0
250,10.000,,,,0
251,10.040,,,,0
252,10.080,,,,0
253,10.120,,,,0
254,10.160,,,,0
255,10.200,,,,0
256,10.240,,,,0
257,10.280,,,,0
258,10.320,,,,0
259,10.360,,,,0
260,10.400,,,,0
261,10.440,,,,0
262,10.480,,,,0
263,10.520,,,,0
264,10.560,,,,0
265,10.600,,,,0
266,10.640,,,,0
267,10.680,,,,0
268,10.720,,,,0
269,10.760,,,,0
270,10.800,,,,0
271,10.840,,,,0
272,10.880,,,,0
273,10.920,,,,0
274,10.960,,,,0
275,11.000,,,,0
276,11.040,,,,0
277,11.080,,,,0
278,11.120,,,,0
279,11.160,,,,0
280,11.200,,,,0
281,11.240,,,,0
282,11.280,,,,0
283,11.320,,,,0
284,11.360,,,,0
285,11.400,,,,0
286,11.440,,,,0
287,11.480,,,,0
288,11.520,,,,0
289,11.560,,,,0
290,11.600,,,,0
291,11.640,,,,0
292,11.680,,,,0
293,11.720,,,,0
294,11.760,,,,0
295,11.800,,,,0
296,11.840,,,,0
297,11.880,,,,0
298,11.920,,,,0
299,11.960,,,,0
300,12.000,1.0000,0.0,0.0,2200
301,12.040,0.9998,-0.0,0.1,1895
302,12.080,0.9990,-0.0,-0.1,1720
303,12.120,0.9989,-0.0,-0.2,1651
304,12.160,0.9991,-0.1,-0.1,1654
305,12.200,0.9999,-0.2,0.2,1693
306,12.240,1.0003,-0.2,0.8,1625
307,12.280,1.0006,-0.2,0.4,1609
308,12.320,1.0002,-0.2,0.0,1649
309,12.360,0.9990,0.1,-0.9,1500
310,12.400,0.9996,-0.1,-0.3,1199
311,12.440,1.0002,-0.2,-0.1,1004
312,12.480,1.0013,-0.2,0.2,922
313,12.520,1.0049,-0.3,1.6,836
314,12.560,1.0079,-0.2,2.9,834
315,12.600,1.0124,-0.3,4.1,809
316,12.640,1.0174,0.0,6.1,796
317,12.680,1.0282,-0.3,10.1,755
318,12.720,1.0420,-0.5,14.5,663
319,12.760,1.0565,-0.1,20.5,636
320,12.800,1.0761,-0.4,27.5,607
321,12.840,1.1010,-0.2,36.0,394
322,12.880,1.1240,-0.4,44.8,463
323,12.920,1.1430,-0.4,51.6,473
324,12.960,1.1624,-0.4,58.3,440
325,13.000,1.1749,-0.5,64.2,397
326,13.040,1.1875,-0.0,67.6,449
327,13.080,1.2001,-0.4,72.0,469
328,13.120,1.2110,-0.8,75.6,405
329,13.160,1.2183,-0.6,79.2,411
330,13.200,1.2277,-0.1,82.2,389
331,13.240,1.2352,-0.5,84.4,357
332,13.280,1.2406,-0.0,86.7,353
333,13.320,1.2452,-0.4,88.5,368
334,13.360,1.2510,-0.7,90.4,375
335,13.400,1.2557,-0.6,92.2,379
336,13.440,1.2627,-0.3,94.4,323
337,13.480,1.2634,-0.6,95.0,323
338,13.520,1.2668,-0.4,96.6,337
339,13.560,1.2704,-0.4,97.6,335
340,13.600,1.2743,-0.3,99.0,344
341,13.640,1.2791,0.2,100.4,290
342,13.680,1.2785,-0.1,101.3,258
343,13.720,1.2822,-0.4,101.8,302
344,13.760,1.2854,-0.2,102.4,307
345,13.800,1.2873,-0.4,103.3,320
346,13.840,1.2890,-0.2,104.2,303
347,13.880,1.2900,-0.4,104.6,322
348,13.920,1.2918,-0.2,104.9,293
349,13.960,1.2919,-0.5,105.5,290
350,14.000,1.2929,0.0,105.9,334
351,14.040,1.2931,-0.3,106.3,326
352,14.080,1.2960,-0.3,106.5,327
353,14.120,1.2960,-0.0,107.2,336
354,14.160,1.2981,-0.4,107.5,328
355,14.200,1.2975,-0.5,107.1,314
356,14.240,1.2995,-0.8,107.8,316
357,14.280,1.3004,-0.9,108.3,346
358,14.320,1.2988,-1.0,107.6,308
359,14.360,1.2992,-0.9,108.6,297
360,14.400,1.3007,-1.0,108.5,344
361,14.440,1.3004,-1.1,108.4,318
362,14.480,1.3027,-0.7,108.7,323
363,14.520,1.3009,-0.7,108.9,308
364,14.560,1.3018,-0.6,107.8,269
365,14.600,1.3004,-0.6,108.2,305
366,14.640,1.3005,-0.8,108.5,325
367,14.680,1.3001,-0.6,108.2,300
368,14.720,1.3030,-1.1,108.3,235
369,14.760,1.3006,-0.7,108.0,295
370,14.800,1.3007,-0.8,108.7,304
371,14.840,1.3034,-0.1,108.7,263
372,14.880,1.3012,-0.8,109.0,268
373,14.920,1.2974,0.0,107.5,160
374,14.960,1.3010,-1.0,109.8,57
375,15.000,,,,0
376,15.040,,,,0
377,15.080,,,,0
378,15.120,,,,0
379,15.160,,,,0
380,15.200,,,,0
381,15.240,,,,0
382,15.280,,,,0
383,15.320,,,,0
384,15.360,,,,0
385,15.400,,,,0
386,15.440,,,,0
387,15.480,,,,0
388,15.520,,,,0
389,15.560,,,,0
390,15.600,,,,0
391,15.640,,,,0
392,15.680,,,,0
393,15.720,,,,0
394,15.760,,,,0
395,15.800,,,,0
396,15.840,,,,0
397,15.880,,,,0
398,15.920,,,,0
399,15.960,,,,0
400,16.000,,,,0
401,16.040,,,,0
402,16.080,,,,0
403,16.120,,,,0
404,16.160,,,,0
405,16.200,,,,0
406,16.240,,,,0
407,16.280,,,,0
408,16.320,,,,0
409,16.360,,,,0
410,16.400,,,,0
411,16.440,,,,0
412,16.480,,,,0
413,16.520,,,,0
414,16.560,,,,0
415,16.600,,,,0
416,16.640,,,,0
417,16.680,,,,0
418,16.720,,,,0
419,16.760,,,,0
420,16.800,,,,0
421,16.840,,,,0
422,16.880,,,,0
423,16.920,,,,0
424,16.960,,,,0
425,17.000,1.0041,-0.1,-0.5,43
426,17.040,1.0034,-0.1,1.2,78
427,17.080,0.9991,-0.9,-0.1,96
428,17.120,1.0001,-0.1,0.3,173
429,17.160,1.0003,-0.1,0.2,217
430,17.200,1.0005,0.3,0.1,650
431,17.240,1.0006,0.3,0.1,675
432,17.280,1.0017,0.7,0.6,755
433,17.320,1.0006,0.5,0.1,674
434,17.360,1.0020,1.0,0.3,784
435,17.400,1.0006,0.3,0.0,684
436,17.440,1.0004,0.2,0.1,660
437,17.480,1.0005,0.2,0.1,659
438,17.520,1.0017,0.3,1.1,672
439,17.560,1.0016,0.0,1.5,545
440,17.600,1.0003,0.1,0.2,656
441,17.640,1.0004,0.1,0.2,664
442,17.680,1.0008,0.2,0.8,648
443,17.720,1.0004,0.2,0.2,650
444,17.760,1.0003,0.2,0.2,634
445,17.800,,,,0
446,17.840,,,,0
447,17.880,,,,0
448,17.920,,,,0
449,17.960,,,,0
450,18.000,,,,0
451,18.040,,,,0
452,18.080,,,,0
453,18.120,,,,0
454,18.160,,,,0
455,18.200,,,,0
456,18.240,,,,0
457,18.280,,,,0
458,18.320,,,,0
459,18.360,,,,0
460,18.400,,,,0
461,18.440,,,,0
462,18.480,,,,0
463,18.520,,,,0
464,18.560,,,,0
465,18.600,,,,0
466,18.640,,,,0
467,18.680,,,,0
468,18.720,,,,0
469,18.760,,,,0
470,18.800,,,,0
471,18.840,,,,0
472,18.880,,,,0
473,18.920,,,,0
474,18.960,,,,0
475,19.000,,,,0
476,19.040,,,,0
477,19.080,,,,0
478,19.120,,,,0
479,19.160,,,,0
480,19.200,,,,0
481,19.240,,,,0
482,19.280,,,,0
483,19.320,,,,0
484,19.360,,,,0
485,19.400,,,,0
486,19.440,,,,0
487,19.480,,,,0
488,19.520,,,,0
489,19.560,,,,0
490,19.600,,,,0
491,19.640,,,,0
492,19.680,,,,0
493,19.720,,,,0
494,19.760,,,,0
495,19.800,,,,0
496,19.840,,,,0
497,19.880,,,,0
498,19.920,,,,0
499,19.960,,,,0
500,20.000,,,,0
501,20.040,,,,0
502,20.080,,,,0
503,20.120,,,,0
504,20.160,,,,0
505,20.200,,,,0
506,20.240,,,,0
507,20.280,,,,0
508,20.320,,,,0
509,20.360,,,,0
510,20.400,,,,0
511,20.440,,,,0
512,20.480,,,,0
513,20.520,,,,0
514,20.560,,,,0
515,20.600,,,,0
516,20.640,,,,0
517,20.680,,,,0
518,20.720,,,,0
519,20.760,,,,0
520,20.800,,,,0
521,20.840,,,,0
522,20.880,,,,0
523,20.920,,,,0
524,20.960,,,,0
525,21.000,,,,0
526,21.040,,,,0
527,21.080,,,,0
528,21.120,,,,0
529,21.160,,,,0
530,21.200,,,,0
531,21.240,,,,0
532,21.280,,,,0
533,21.320,,,,0
534,21.360,,,,0
535,21.400,,,,0
536,21.440,,,,0
537,21.480,,,,0
538,21.520,,,,0
539,21.560,,,,0
540,21.600,,,,0
541,21.640,,,,0
542,21.680,,,,0
543,21.720,,,,0
544,21.760,,,,0
545,21.800,,,,0
546,21.840,,,,0
547,21.880,,,,0
548,21.920,,,,0
549,21.960,,,,0
550,22.000,,,,0
551,22.040,,,,0
552,22.080,,,,0
553,22.120,,,,0
554,22.160,,,,0
555,22.200,,,,0
556,22.240,,,,0
557,22.280,,,,0
558,22.320,,,,0
559,22.360,,,,0
560,22.400,,,,0
561,22.440,,,,0
562,22.480,,,,0
563,22.520,,,,0
564,22.560,,,,0
565,22.600,,,,0
566,22.640,,,,0
567,22.680,,,,0
568,22.720,,,,0
569,22.760,,,,0
570,22.800,,,,0
571,22.840,,,,0
572,22.880,,,,0
573,22.920,,,,0
574,22.960,,,,0
575,23.000,,,,0
576,23.040,,,,0
577,23.080,,,,0
578,23.120,,,,0
579,23.160,,,,0
580,23.200,,,,0
581,23.240,,,,0
582,23.280,,,,0
583,23.320,,,,0
584,23.360,,,,0
585,23.400,,,,0
586,23.440,,,,0
587,23.480,,,,0
588,23.520,,,,0
589,23.560,,,,0
590,23.600,,,,0
591,23.640,,,,0
592,23.680,,,,0
593,23.720,,,,0
594,23.760,,,,0
595,23.800,,,,0
596,23.840,,,,0
597,23.880,,,,0
598,23.920,,,,0
599,23.960,,,,0
600,24.000,,,,0
601,24.040,,,,0
602,24.080,,,,0
603,24.120,,,,0
604,24.160,,,,0
605,24.200,,,,0
606,24.240,,,,0
607,24.280,,,,0
608,24.320,,,,0
609,24.360,,,,0
610,24.400,,,,0
611,24.440,,,,0
612,24.480,,,,0
613,24.520,,,,0
614,24.560,,,,0
615,24.600,,,,0
616,24.640,,,,0
617,24.680,,,,0
618,24.720,,,,0
619,24.760,,,,0
620,24.800,,,,0
621,24.840,,,,0
622,24.880,,,,0
623,24.920,,,,0
624,24.960,,,,0
625,25.000,,,,0
626,25.040,,,,0
627,25.080,,,,0
628,25.120,,,,0
629,25.160,1.0009,0.6,-0.1,797
630,25.200,1.0003,0.2,-0.1,746
631,25.240,1.0003,0.2,0.0,765
632,25.280,1.0004,0.2,0.0,751
633,25.320,1.0006,0.2,0.2,754
634,25.360,1.0006,0.2,0.2,740
635,25.400,1.0006,0.2,0.2,743
636,25.440,1.0005,0.2,0.1,750
637,25.480,1.0006,0.2,0.2,747
638,25.520,1.0006,0.2,0.1,755
639,25.560,1.0006,0.2,0.1,768
640,25.600,1.0019,0.6,0.5,786
641,25.640,1.0012,0.6,0.4,855
642,25.680,1.0005,0.3,0.1,758
643,25.720,1.0005,0.4,0.1,774
644,25.760,1.0003,0.4,0.1,788
645,25.800,1.0003,0.4,0.1,812
646,25.840,1.0002,0.4,0.0,822
647,25.880,1.0005,0.8,0.0,857
648,25.920,0.9996,0.6,-0.3,807
649,25.960,1.0008,0.7,0.3,817
650,26.000,1.0002,0.5,0.1,812
651,26.040,1.0002,0.4,0.1,820
652,26.080,1.0003,0.4,0.1,806
653,26.120,1.0004,0.4,0.1,806
654,26.160,1.0001,0.7,0.0,814
655,26.200,1.0007,0.4,0.3,789
656,26.240,1.0008,0.4,0.3,779
657,26.280,1.0004,0.6,0.1,772
658,26.320,1.0007,0.4,0.3,772
659,26.360,1.0007,0.4,0.3,768
660,26.400,1.0007,0.4,0.3,752
661,26.440,1.0008,0.3,0.3,749
662,26.480,1.0008,0.3,0.3,748
663,26.520,1.0015,0.6,0.8,857
664,26.560,1.0009,0.3,0.3,758
665,26.600,1.0009,0.3,0.4,751
666,26.640,1.0012,0.6,0.4,812
667,26.680,1.0008,0.3,0.3,718
668,26.720,1.0015,0.4,0.9,793
669,26.760,1.0020,0.4,0.9,784
670,26.800,1.0007,0.3,0.3,669
671,26.840,1.0033,-0.0,2.2,672
672,26.880,1.0025,0.4,1.3,821
673,26.920,1.0002,-0.0,-0.0,563
674,26.960,1.0002,0.0,-0.0,572
675,27.000,1.0003,0.0,-0.1,573
676,27.040,1.0003,0.0,-0.1,572
677,27.080,1.0003,0.2,-0.2,581
678,27.120,1.0004,-0.0,-0.0,559
679,27.160,1.0003,0.0,-0.0,549
680,27.200,1.0003,-0.0,-0.1,541
681,27.240,1.0001,0.1,-0.1,547
682,27.280,1.0001,0.1,-0.0,557
683,27.320,1.0001,0.0,-0.1,557
684,27.360,1.0000,0.1,-0.1,563
685,27.400,0.9998,0.2,-0.1,570
686,27.440,0.9995,0.2,-0.3,589
687,27.480,0.9998,0.3,-0.2,581
688,27.520,0.9997,0.4,-0.2,585
689,27.560,0.9999,0.2,-0.1,568
690,27.600,0.9999,0.1,-0.1,575
691,27.640,1.0000,0.1,-0.1,594
692,27.680,0.9999,0.1,-0.2,613
693,27.720,1.0000,0.0,-0.2,638
694,27.760,1.0001,-0.1,-0.1,660
695,27.800,1.0003,-0.1,-0.0,687
696,27.840,1.0005,0.0,0.1,709
697,27.880,1.0001,-0.1,-0.1,691
698,27.920,0.9998,0.3,-0.2,639
699,27.960,0.9999,0.1,-0.2,600
700,28.000,1.0000,0.1,-0.1,571
701,28.040,1.0004,0.4,-0.1,597
702,28.080,1.0001,0.2,-0.1,565
703,28.120,1.0001,0.2,-0.1,566
704,28.160,0.9999,0.3,-0.4,616
705,28.200,1.0000,0.2,-0.1,587
706,28.240,1.0000,0.2,-0.2,612
707,28.280,0.9995,0.3,-0.4,643
708,28.320,0.9998,0.1,-0.2,622
709,28.360,1.0001,0.3,-0.2,636
710,28.400,0.9998,0.1,-0.2,625
711,28.440,0.9998,0.1,-0.2,630
712,28.480,0.9993,-0.2,-0.3,647
713,28.520,0.9998,0.1,-0.1,670
714,28.560,1.0005,0.5,-0.0,684
715,28.600,0.9998,-0.0,-0.1,697
716,28.640,0.9999,0.0,-0.0,701
717,28.680,0.9997,-0.4,-0.2,723
718,28.720,1.0001,0.0,-0.0,717
719,28.760,1.0000,-0.0,-0.1,722
720,28.800,1.0005,0.1,0.1,725
721,28.840,0.9997,-0.3,-0.2,741
722,28.880,1.0007,0.1,-0.0,741
723,28.920,0.9997,-0.4,-0.1,717
724,28.960,0.9999,-0.0,-0.1,392
725,29.000,1.0003,-0.1,0.0,171
726,29.040,0.9998,-0.1,-0.2,75
727,29.080,,,,0
728,29.120,,,,0
729,29.160,,,,0
730,29.200,,,,0
731,29.240,,,,0
732,29.280,,,,0
733,29.320,,,,0
734,29.360,,,,0
735,29.400,,,,0
736,29.440,,,,0
737,29.480,,,,0
738,29.520,,,,0
739,29.560,,,,0
740,29.600,,,,0
741,29.640,,,,0
742,29.680,,,,0
743,29.720,,,,0
744,29.760,,,,0
745,29.800,,,,0
746,29.840,,,,0
747,29.880,,,,0
748,29.920,,,,0
749,29.960,,,,0
750,30.000,,,,0
751,30.040,,,,0
752,30.080,,,,0
753,30.120,,,,0
754,30.160,,,,0
755,30.200,,,,0
756,30.240,,,,0
757,30.280,,,,0
758,30.320,,,,0
759,30.360,,,,0
760,30.400,,,,0
761,30.440,,,,0
762,30.480,,,,0
763,30.520,,,,0
764,30.560,,,,0
765,30.600,,,,0
766,30.640,,,,0
767,30.680,,,,0
768,30.720,,,,0
769,30.760,,,,0
770,30.800,,,,0
771,30.840,,,,0
772,30.880,,,,0
773,30.920,,,,0
774,30.960,,,,0
775,31.000,,,,0
776,31.040,,,,0
777,31.080,,,,0
778,31.120,,,,0
779,31.160,,,,0
780,31.200,,,,0
781,31.240,,,,0
782,31.280,,,,0
783,31.320,,,,0
784,31.360,,,,0
785,31.400,,,,0
786,31.440,,,,0
787,31.480,,,,0
788,31.520,,,,0
789,31.560,,,,0
790,31.600,,,,0
791,31.640,,,,0
792,31.680,,,,0
793,31.720,,,,0
794,31.760,,,,0
795,31.800,,,,0
796,31.840,,,,0
797,31.880,,,,0
798,31.920,,,,0
799,31.960,,,,0
800,32.000,,,,0
801,32.040,,,,0
802,32.080,,,,0
803,32.120,,,,0
804,32.160,,,,0
805,32.200,,,,0
806,32.240,,,,0
807,32.280,,,,0
808,32.320,,,,0
809,32.360,,,,0
810,32.400,,,,0
811,32.440,,,,0
812,32.480,,,,0
813,32.520,,,,0
814,32.560,,,,0
815,32.600,,,,0
816,32.640,,,,0
817,32.680,,,,0
818,32.720,,,,0
819,32.760,,,,0
820,32.800,,,,0
821,32.840,,,,0
822,32.880,,,,0
823,32.920,,,,0
824,32.960,,,,0
825,33.000,,,,0
826,33.040,,,,0
827,33.080,,,,0
828,33.120,,,,0
829,33.160,,,,0
830,33.200,,,,0
831,33.240,,,,0
832,33.280,,,,0
833,33.320,,,,0
834,33.360,,,,0
835,33.400,,,,0
836,33.440,,,,0
837,33.480,,,,0
838,33.520,,,,0
839,33.560,,,,0
840,33.600,,,,0
841,33.640,,,,0
842,33.680,,,,0
843,33.720,,,,0
844,33.760,,,,0
845,33.800,,,,0
846,33.840,,,,0
847,33.880,,,,0
848,33.920,,,,0
849,33.960,,,,0
850,34.000,,,,0
851,34.040,,,,0
852,34.080,1.0003,0.1,-0.3,53
853,34.120,0.9990,0.0,-0.8,87
854,34.160,0.9999,0.1,-0.2,124
855,34.200,1.0002,0.0,0.0,194
856,34.240,1.0001,0.0,-0.0,228
857,34.280,1.0001,0.0,-0.2,657
858,34.320,1.0001,0.1,-0.2,611
859,34.360,1.0000,0.1,-0.2,600
860,34.400,1.0005,0.5,-0.0,608
861,34.440,1.0000,0.1,-0.2,604
862,34.480,0.9995,-0.1,-0.3,606
863,34.520,0.9999,0.5,-0.3,643
864,34.560,1.0000,0.1,-0.2,620
865,34.600,1.0000,0.1,-0.2,619
866,34.640,1.0001,0.1,-0.1,628
867,34.680,1.0000,0.0,-0.2,630
868,34.720,1.0002,-0.0,-0.1,626
869,34.760,1.0002,-0.0,-0.1,631
870,34.800,1.0002,-0.0,-0.1,626
871,34.840,1.0003,-0.2,-0.0,623
872,34.880,1.0002,0.0,-0.1,631
873,34.920,1.0002,0.0,-0.1,662
874,34.960,1.0001,0.1,-0.1,667
875,35.000,1.0001,0.1,-0.1,685
876,35.040,1.0001,0.1,-0.1,689
877,35.080,1.0000,0.1,-0.1,696
878,35.120,1.0000,0.1,-0.2,683
879,35.160,1.0000,0.0,-0.1,666
880,35.200,1.0000,0.1,-0.2,666
881,35.240,1.0001,0.0,-0.2,663
882,35.280,0.9999,0.3,-0.7,686
883,35.320,1.0002,0.0,-0.1,693
884,35.360,0.9994,0.5,-0.3,642
885,35.400,1.0003,0.1,-0.1,717
886,35.440,1.0000,0.3,-0.5,737
887,35.480,1.0009,0.2,-0.3,786
888,35.520,1.0006,-0.2,-0.2,763
889,35.560,1.0005,-0.2,-0.1,696
890,35.600,1.0003,-0.1,-0.1,650
891,35.640,1.0003,0.0,-0.1,633
892,35.680,1.0002,0.0,-0.1,625
893,35.720,1.0002,0.0,-0.1,623
894,35.760,1.0002,0.0,-0.1,615
895,35.800,1.0003,0.0,-0.1,614
896,35.840,1.0002,0.0,-0.1,609
897,35.880,1.0005,0.3,-0.1,621
898,35.920,1.0001,0.2,-0.2,610
899,35.960,1.0003,0.1,-0.1,617
900,36.000,1.0007,-0.1,0.2,593
901,36.040,1.0003,0.1,0.0,638
902,36.080,1.0003,0.0,-0.0,634
903,36.120,1.0006,-0.2,0.5,629
904,36.160,1.0004,-0.0,-0.0,645
905,36.200,1.0003,-0.0,0.0,669
906,36.240,1.0002,-0.0,0.1,714
907,36.280,1.0001,0.1,0.3,765
908,36.320,1.0001,0.2,0.2,780
909,36.360,1.0001,0.3,0.0,738
910,36.400,0.9999,0.1,-0.8,488
911,36.440,1.0003,-0.0,-0.4,502
912,36.480,1.0012,-0.4,-0.4,507
913,36.520,1.0004,-0.0,-0.5,523
914,36.560,1.0004,-0.1,-0.7,498
915,36.600,1.0002,0.2,-0.5,547
916,36.640,0.9998,0.6,-0.4,616
917,36.680,1.0000,0.3,-0.4,592
918,36.720,1.0002,0.2,-0.4,555
919,36.760,0.9993,0.7,-0.5,557
920,36.800,1.0002,0.2,-0.4,531
921,36.840,1.0002,0.1,-0.5,520
922,36.880,1.0003,0.4,-0.6,539
923,36.920,1.0003,0.1,-0.4,521
924,36.960,1.0003,0.1,-0.4,518
925,37.000,1.0003,0.1,-0.4,514
926,37.040,1.0004,0.1,-0.6,526
927,37.080,1.0008,-0.2,-0.4,519
928,37.120,1.0004,0.1,-0.4,525
929,37.160,1.0007,0.2,-0.5,545
930,37.200,1.0004,0.0,-0.5,520
931,37.240,1.0016,-0.5,-1.0,415
932,37.280,1.0003,0.1,-0.5,535
933,37.320,1.0003,-0.1,-0.4,511
934,37.360,1.0003,0.1,-0.5,522
935,37.400,1.0005,-0.0,-0.4,524
936,37.440,1.0004,-0.0,-0.5,520
937,37.480,1.0003,0.1,-0.5,524
938,37.520,1.0003,0.0,-0.5,503
939,37.560,1.0003,0.0,-0.5,510
940,37.600,1.0006,-0.1,-0.5,521
941,37.640,1.0004,-0.0,-0.8,521
942,37.680,1.0003,0.1,-0.5,519
943,37.720,1.0003,0.1,-0.5,524
944,37.760,1.0003,0.0,-0.4,542
945,37.800,1.0003,0.1,-0.4,560
946,37.840,1.0003,0.1,-0.5,574
947,37.880,1.0009,0.3,-0.6,554
948,37.920,1.0005,-0.1,-0.8,679
949,37.960,1.0003,0.1,-0.4,677
950,38.000,1.0001,0.2,-0.4,647
951,38.040,1.0001,0.1,-0.4,611
952,38.080,1.0003,0.0,-0.4,563
953,38.120,1.0003,-0.1,-0.4,530
954,38.160,1.0002,-0.0,-0.4,519
955,38.200,1.0003,-0.0,-0.5,512
956,38.240,1.0001,-0.2,-0.4,495
957,38.280,1.0003,-0.1,-0.5,507
958,38.320,1.0003,-0.0,-0.4,515
959,38.360,1.0002,-0.0,-0.5,502
960,38.400,1.0002,0.0,-0.6,514
961,38.440,1.0003,-0.0,-0.4,502
962,38.480,1.0003,0.0,-0.4,498
963,38.520,1.0003,0.0,-0.4,500
964,38.560,1.0001,0.0,-0.8,498
965,38.600,1.0003,-0.0,-0.4,499
966,38.640,1.0003,-0.0,-0.4,484
967,38.680,1.0002,0.0,-0.5,490
968,38.720,1.0008,-0.1,-0.1,411
969,38.760,1.0003,-0.0,-0.7,487
970,38.800,1.0002,0.0,-0.5,476
971,38.840,1.0003,0.0,-0.7,480
972,38.880,1.0002,0.0,-0.5,486
973,38.920,1.0003,0.0,-0.5,482
974,38.960,1.0002,0.1,-0.4,489
975,39.000,1.0002,0.1,-0.5,494
976,39.040,1.0000,0.3,-0.5,491
977,39.080,1.0001,0.1,-0.5,500
978,39.120,1.0002,0.0,-0.5,497
979,39.160,1.0002,0.1,-0.4,508
980,39.200,1.0002,0.0,-0.5,512
981,39.240,1.0005,-0.0,-0.4,513
982,39.280,1.0003,-0.1,-0.5,498
983,39.320,,,,0
984,39.360,,,,0
985,39.400,,,,0
986,39.440,,,,0
987,39.480,,,,0
988,39.520,,,,0
989,39.560,,,,0
990,39.600,,,,0
991,39.640,,,,0
992,39.680,,,,0
993,39.720,,,,0
994,39.760,,,,0
995,39.800,,,,0
996,39.840,,,,0
997,39.880,,,,0
998,39.920,,,,0
999,39.960,,,,0
1000,40.000,,,,0
1001,40.040,,,,0
1002,40.080,,,,0
1003,40.120,,,,0
1004,40.160,,,,0
1005,40.200,,,,0
1006,40.240,,,,0
1007,40.280,,,,0
1008,40.320,,,,0
1009,40.360,,,,0
1010,40.400,,,,0
1011,40.440,,,,0
1012,40.480,,,,0
1013,40.520,,,,0
1014,40.560,,,,0
1015,40.600,,,,0
1016,40.640,,,,0
1017,40.680,,,,0
1018,40.720,,,,0
1019,40.760,1.0003,0.0,-0.9,498
1020,40.800,1.0005,-0.0,-0.6,475
1021,40.840,1.0004,0.0,-0.6,477
1022,40.880,1.0004,-0.0,-0.5,481
1023,40.920,1.0003,0.1,-0.5,476
1024,40.960,1.0003,0.0,-0.6,483
1025,41.000,1.0003,0.0,-0.6,475
1026,41.040,1.0003,0.0,-0.6,474
1027,41.080,1.0004,0.0,-0.5,464
1028,41.120,1.0003,0.1,-0.6,465
1029,41.160,1.0003,0.1,-0.6,466
1030,41.200,1.0005,0.1,-0.6,460
1031,41.240,1.0003,0.1,-0.6,454
1032,41.280,1.0003,0.0,-0.6,465
1033,41.320,1.0002,0.1,-0.6,467
1034,41.360,1.0001,0.1,-0.8,479
1035,41.400,1.0003,0.0,-0.6,461
1036,41.440,1.0000,0.1,-0.8,479
1037,41.480,1.0003,0.0,-0.6,470
1038,41.520,1.0003,0.0,-0.6,465
1039,41.560,1.0002,0.0,-0.6,465
1040,41.600,1.0003,0.0,-0.6,472
1041,41.640,1.0002,0.0,-0.6,470
1042,41.680,1.0001,0.1,-0.9,482
1043,41.720,1.0002,0.1,-0.6,469
1044,41.760,1.0003,0.1,-0.5,473
1045,41.800,1.0003,0.1,-0.5,476
1046,41.840,1.0001,0.4,-0.5,477
1047,41.880,1.0002,0.1,-0.8,467
1048,41.920,1.0002,0.1,-0.4,517
1049,41.960,1.0003,0.0,-0.6,511
1050,42.000,1.0002,0.1,-0.5,511
1051,42.040,1.0003,0.1,-0.5,512
1052,42.080,1.0002,0.1,-0.4,509
1053,42.120,1.0002,0.1,-0.5,510
1054,42.160,1.0004,-0.0,-0.6,511
1055,42.200,1.0003,0.1,-0.4,503
1056,42.240,1.0007,-0.1,-0.4,506
1057,42.280,1.0003,0.1,-0.5,484
1058,42.320,1.0005,1.0,-0.2,332
1059,42.360,1.0006,0.1,-0.5,483
1060,42.400,1.0003,0.0,-0.5,479
1061,42.440,1.0004,-0.1,-0.6,483
1062,42.480,1.0003,0.0,-0.5,475
1063,42.520,1.0004,0.2,-0.7,473
1064,42.560,1.0003,0.0,-0.5,479
1065,42.600,0.9999,0.2,-0.8,480
1066,42.640,1.0003,0.0,-0.5,477
1067,42.680,1.0003,0.0,-0.5,484
1068,42.720,1.0004,-0.0,-0.5,494
1069,42.760,1.0004,-0.0,-0.5,493
1070,42.800,1.0002,0.0,-0.7,506
1071,42.840,1.0004,-0.0,-0.5,505
1072,42.880,1.0005,-0.1,-0.4,522
1073,42.920,1.0005,-0.2,-0.3,570
1074,42.960,1.0005,-0.2,-0.3,640
1075,43.000,1.0007,-0.2,-0.3,619
1076,43.040,1.0004,0.1,-0.5,586
1077,43.080,1.0004,0.0,-0.5,526
1078,43.120,1.0003,0.3,-0.6,462
1079,43.160,1.0004,-0.0,-0.5,483
1080,43.200,1.0004,-0.0,-0.5,476
1081,43.240,1.0013,-0.4,-0.4,452
1082,43.280,0.9996,0.3,-0.5,411
1083,43.320,1.0005,0.1,-0.6,472
1084,43.360,1.0003,0.0,-0.5,463
1085,43.400,1.0003,0.0,-0.6,454
1086,43.440,1.0003,-0.0,-0.6,451
1087,43.480,1.0002,-0.0,-0.8,467
1088,43.520,1.0003,0.0,-0.5,456
1089,43.560,1.0004,-0.0,-0.5,447
1090,43.600,1.0003,0.0,-0.5,448
1091,43.640,1.0002,0.1,-0.5,446
1092,43.680,1.0002,0.1,-0.5,449
1093,43.720,1.0000,0.4,-0.8,483
1094,43.760,1.0001,0.4,-0.5,482
1095,43.800,1.0000,0.2,-0.3,507
1096,43.840,1.0000,0.2,-0.3,525
1097,43.880,1.0001,0.0,-0.3,419
1098,43.920,1.0002,0.1,-0.6,528
1099,43.960,1.0002,0.1,-0.7,516
1100,44.000,1.0004,0.0,-0.5,483
1101,44.040,1.0004,-0.1,-0.5,481
1102,44.080,1.0005,-0.1,-0.5,470
1103,44.120,1.0005,-0.1,-0.5,471
1104,44.160,1.0005,-0.1,-0.5,468
1105,44.200,1.0004,-0.1,-0.8,479
1106,44.240,1.0005,-0.1,-0.7,488
1107,44.280,1.0005,-0.1,-0.5,480
1108,44.320,1.0016,-0.7,-0.1,466
1109,44.360,1.0008,-0.3,-0.4,522
1110,44.400,1.0007,-0.2,-0.7,553
1111,44.440,1.0006,-0.1,-0.5,531
1112,44.480,1.0005,-0.2,-0.7,534
1113,44.520,1.0013,-0.3,-0.7,464
1114,44.560,1.0004,0.0,-0.5,513
1115,44.600,1.0005,-0.0,-0.7,514
1116,44.640,1.0006,-0.0,-0.5,505
1117,44.680,1.0004,0.1,-0.5,495
1118,44.720,1.0004,0.0,-0.7,491
1119,44.760,1.0002,0.1,-0.5,477
1120,44.800,1.0002,0.1,-0.5,471
1121,44.840,1.0002,0.1,-0.5,474
1122,44.880,1.0002,0.1,-0.5,474
1123,44.920,1.0000,0.5,-0.6,493
1124,44.960,1.0002,0.1,-0.5,480
1125,45.000,1.0002,0.1,-0.5,486
1126,45.040,1.0000,0.3,-0.5,488
1127,45.080,1.0002,0.1,-0.6,500
1128,45.120,1.0001,0.2,-0.5,506
1129,45.160,1.0001,0.2,-0.5,508
1130,45.200,1.0003,0.1,-0.5,506
1131,45.240,1.0007,-0.0,-0.6,523
1132,45.280,1.0004,0.1,-0.4,520
1133,45.320,1.0004,0.1,-0.5,532
1134,45.360,1.0006,0.1,-0.3,542
1135,45.400,1.0014,0.1,-0.1,531
1136,45.440,1.0035,0.1,0.5,534
1137,45.480,1.0049,0.2,1.0,395
1138,45.520,1.0108,-0.0,2.9,487
1139,45.560,1.0179,-0.5,5.3,384
1140,45.600,1.0246,-0.1,8.0,465
1141,45.640,1.0345,-0.1,11.5,436
1142,45.680,1.0477,0.2,16.6,370
1143,45.720,1.0669,0.0,23.4,390
1144,45.760,1.0911,-0.3,31.9,330
1145,45.800,1.1139,-0.3,40.0,309
1146,45.840,1.1352,-0.0,47.7,306
1147,45.880,1.1525,0.2,54.1,295
1148,45.920,1.1681,0.2,59.7,289
1149,45.960,1.1819,0.3,64.5,293
1150,46.000,1.1968,0.2,70.3,279
1151,46.040,1.2044,0.3,72.7,288
1152,46.080,1.2147,-0.2,76.2,267
1153,46.120,1.2229,0.6,79.6,252
1154,46.160,1.2297,0.5,81.9,243
1155,46.200,1.2376,-0.7,84.7,222
1156,46.240,1.2420,0.0,86.4,246
1157,46.280,1.2504,-0.3,89.1,232
1158,46.320,1.2527,-0.0,90.1,232
1159,46.360,1.2573,0.4,91.4,230
1160,46.400,1.2614,-0.2,93.3,229
1161,46.440,1.2663,0.7,94.9,191
1162,46.480,1.2749,0.5,97.7,187
1163,46.520,1.2725,-0.2,97.1,217
1164,46.560,1.2744,0.9,97.7,208
1165,46.600,1.2802,0.8,99.4,177
1166,46.640,1.2804,0.0,99.7,188
1167,46.680,1.2884,-0.2,102.3,160
1168,46.720,1.2851,-0.4,101.4,186
1169,46.760,1.2867,-0.8,102.1,189
1170,46.800,1.2910,-0.4,103.3,195
1171,46.840,1.2893,0.3,102.5,175
1172,46.880,1.2937,-1.4,104.9,175
1173,46.920,1.2917,-0.6,104.0,216
1174,46.960,1.2940,0.2,104.7,224
1175,47.000,1.2953,0.8,105.5,224
1176,47.040,1.2960,0.0,105.1,210
1177,47.080,1.2957,-0.4,105.9,200
1178,47.120,1.2980,0.1,106.3,195
1179,47.160,1.3010,0.6,106.8,182
1180,47.200,1.2973,0.4,106.1,183
1181,47.240,1.3060,1.9,107.5,133
1182,47.280,1.2975,-0.3,106.2,180
1183,47.320,1.2966,0.0,106.2,171
1184,47.360,1.2965,0.2,106.2,168
1185,47.400,1.2973,-0.3,105.9,183
1186,47.440,1.2979,-0.2,106.4,163
1187,47.480,1.3003,0.5,107.1,169
1188,47.520,1.2989,0.1,106.6,178
1189,47.560,1.2999,0.1,106.9,172
1190,47.600,1.2982,0.7,106.3,175
1191,47.640,1.2990,0.3,106.8,179
1192,47.680,1.2983,-0.7,106.5,154
1193,47.720,1.2978,0.8,106.4,176
1194,47.760,1.2960,0.3,105.9,167
1195,47.800,1.2982,-0.2,106.0,169
1196,47.840,1.2986,0.4,106.6,180
1197,47.880,1.2974,-0.0,106.6,177
1198,47.920,1.2985,0.3,106.6,188
1199,47.960,1.2982,-0.0,106.6,181
1200,48.000,1.2981,0.4,106.3,191
1201,48.040,1.2981,1.0,106.4,180
1202,48.080,1.3005,0.5,107.3,188
1203,48.120,1.2985,0.2,106.5,193
1204,48.160,1.2980,0.3,106.6,185
1205,48.200,1.0005,-0.1,-0.8,511
1206,48.240,1.0004,-0.1,-0.6,478
1207,48.280,1.0003,-0.0,-0.6,464
1208,48.320,1.0005,-0.1,-0.8,489
1209,48.360,1.0002,0.0,-0.5,458
1210,48.400,1.0003,0.0,-0.5,469
1211,48.440,1.0002,0.1,-0.8,473
1212,48.480,1.0003,0.1,-0.5,476
1213,48.520,1.0003,0.0,-0.5,486
1214,48.560,1.0004,0.0,-0.5,486
1215,48.600,1.0003,0.0,-0.7,500
1216,48.640,0.9998,0.4,-0.7,483
1217,48.680,1.0002,0.1,-0.5,470
1218,48.720,1.0003,0.0,-0.5,485
1219,48.760,1.0003,0.0,-0.6,481
1220,48.800,1.0007,0.0,-0.8,526
1221,48.840,1.0004,-0.0,-0.6,490
1222,48.880,1.0005,-0.1,-0.6,498
1223,48.920,1.0003,-0.1,-0.9,509
1224,48.960,0.9994,0.6,-0.6,445
1225,49.000,1.0003,0.0,-0.8,508
1226,49.040,1.0005,-0.1,-0.5,498
1227,49.080,1.0003,0.0,-0.7,500
1228,49.120,1.0004,-0.0,-0.5,494
1229,49.160,1.0003,0.0,-0.5,490
1230,49.200,1.0003,0.0,-0.5,493
1231,49.240,1.0004,-0.0,-0.7,506
1232,49.280,1.0004,0.1,-0.5,498
1233,49.320,,,,0
1234,49.360,,,,0
1235,49.400,,,,0
1236,49.440,,,,0
1237,49.480,,,,0
1238,49.520,,,,0
1239,49.560,,,,0
1240,49.600,,,,0
1241,49.640,,,,0
1242,49.680,,,,0
1243,49.720,,,,0
1244,49.760,,,,0
1245,49.800,,,,0
1246,49.840,,,,0
1247,49.880,,,,0
1248,49.920,,,,0
1249,49.960,,,,0
1250,50.000,,,,0
1251,50.040,,,,0
1252,50.080,,,,0
1253,50.120,,,,0
1254,50.160,,,,0
1255,50.200,,,,0
1256,50.240,,,,0
1257,50.280,,,,0
1258,50.320,,,,0
1259,50.360,,,,0
1260,50.400,,,,0
1261,50.440,,,,0
1262,50.480,,,,0
1263,50.520,,,,0
1264,50.560,,,,0
1265,50.600,,,,0
1266,50.640,,,,0
1267,50.680,,,,0
1268,50.720,,,,0
1269,50.760,,,,0
1270,50.800,,,,0
1271,50.840,,,,0
1272,50.880,,,,0
1273,50.920,,,,0
1274,50.960,,,,0
1275,51.000,,,,0
1276,51.040,,,,0
1277,51.080,,,,0
1278,51.120,,,,0
1279,51.160,,,,0
1280,51.200,,,,0
1281,51.240,,,,0
1282,51.280,,,,0
1283,51.320,,,,0
1284,51.360,,,,0
1285,51.400,,,,0
1286,51.440,,,,0
1287,51.480,,,,0
1288,51.520,,,,0
1289,51.560,,,,0
1290,51.600,,,,0
1291,51.640,,,,0
1292,51.680,,,,0
1293,51.720,,,,0
1294,51.760,,,,0
1295,51.800,,,,0
1296,51.840,,,,0
1297,51.880,,,,0
1298,51.920,,,,0
1299,51.960,,,,0
1300,52.000,,,,0
1301,52.040,,,,0
1302,52.080,,,,0
1303,52.120,,,,0
1304,52.160,,,,0
1305,52.200,,,,0
1306,52.240,,,,0
1307,52.280,,,,0
1308,52.320,,,,0
1309,52.360,,,,0
1310,52.400,,,,0
1311,52.440,,,,0
1312,52.480,,,,0
1313,52.520,,,,0
1314,52.560,,,,0
1315,52.600,,,,0
1316,52.640,,,,0
1317,52.680,,,,0
1318,52.720,,,,0
1319,52.760,,,,0
1320,52.800,,,,0
1321,52.840,,,,0
1322,52.880,,,,0
1323,52.920,,,,0
1324,52.960,,,,0
1325,53.000,,,,0
1326,53.040,,,,0
1327,53.080,,,,0
1328,53.120,,,,0
1329,53.160,,,,0
1330,53.200,,,,0
1331,53.240,,,,0
1332,53.280,,,,0
1333,53.320,,,,0
1334,53.360,,,,0
1335,53.400,,,,0
1336,53.440,,,,0
1337,53.480,,,,0
1338,53.520,,,,0
1339,53.560,1.0003,-0.1,-0.5,528
1340,53.600,1.0003,-0.1,-0.8,545
1341,53.640,1.0003,-0.1,-0.5,522
1342,53.680,1.0003,-0.1,-0.5,526
1343,53.720,1.0003,-0.1,-0.5,528
1344,53.760,1.0003,-0.1,-0.8,563
1345,53.800,1.0004,-0.1,-1.0,567
1346,53.840,1.0002,-0.0,-0.6,553
1347,53.880,1.0008,-0.2,-0.4,534
1348,53.920,1.0004,-0.1,-0.5,552
1349,53.960,1.0003,-0.0,-0.6,558
1350,54.000,1.0003,-0.1,-0.4,514
1351,54.040,1.0004,-0.1,-0.5,531
1352,54.080,1.0004,-0.1,-0.5,542
1353,54.120,1.0004,-0.1,-0.9,578
1354,54.160,1.0008,-0.2,-0.9,591
1355,54.200,1.0004,-0.1,-0.8,579
1356,54.240,1.0004,-0.1,-0.5,582
1357,54.280,1.0004,-0.1,-0.5,569
1358,54.320,1.0008,-0.3,-1.0,525
1359,54.360,1.0004,-0.0,-0.9,582
1360,54.400,1.0002,0.0,-0.8,553
1361,54.440,1.0003,-0.1,-0.5,535
1362,54.480,1.0005,-0.1,-0.8,555
1363,54.520,1.0003,-0.1,-0.5,529
1364,54.560,1.0004,-0.1,-0.5,541
1365,54.600,1.0003,-0.1,-0.8,531
1366,54.640,1.0004,-0.1,-0.4,525
1367,54.680,1.0005,-0.0,-0.6,545
1368,54.720,1.0005,-0.1,-0.4,532
1369,54.760,1.0004,-0.1,-0.4,533
1370,54.800,1.0005,-0.1,-0.4,522
1371,54.840,1.0005,-0.1,-0.6,518
1372,54.880,1.0005,-0.0,-0.3,521
1373,54.920,1.0004,0.0,-0.4,525
1374,54.960,1.0004,0.0,-0.4,522
1375,55.000,1.0005,-0.0,-0.5,527
1376,55.040,1.0003,0.2,-0.6,532
1377,55.080,1.0003,0.1,-0.5,524
1378,55.120,1.0003,0.1,-0.4,522
1379,55.160,1.0003,0.1,-0.5,517
1380,55.200,1.0002,0.2,-0.5,529
1381,55.240,1.0002,0.2,-0.5,534
1382,55.280,1.0002,0.2,-0.5,519
1383,55.320,1.0002,0.2,-0.5,524
1384,55.360,1.0002,0.1,-0.5,513
1385,55.400,1.0002,0.1,-0.5,510
1386,55.440,1.0004,0.0,-0.5,521
1387,55.480,1.0003,0.1,-0.5,518
1388,55.520,1.0005,-0.0,-0.8,527
1389,55.560,1.0004,0.1,-0.5,503
1390,55.600,1.0004,0.0,-0.4,512
1391,55.640,1.0005,0.0,-0.5,527
1392,55.680,1.0009,0.2,-0.2,528
1393,55.720,1.0004,0.1,-0.4,514
1394,55.760,1.0005,0.4,0.4,469
1395,55.800,1.0005,0.1,-0.4,512
1396,55.840,1.0004,0.1,-0.4,517
1397,55.880,1.0005,0.1,-0.4,509
1398,55.920,1.0004,0.1,-0.4,507
1399,55.960,1.0004,0.2,-0.6,509
1400,56.000,1.0004,0.1,-0.4,512
1401,56.040,1.0004,0.1,-0.5,513
1402,56.080,1.0004,0.1,-0.5,525
1403,56.120,1.0005,0.1,-0.4,510
1404,56.160,1.0005,0.1,-0.4,510
1405,56.200,1.0005,0.1,-0.4,517
1406,56.240,1.0006,0.0,-0.4,520
1407,56.280,1.0011,-0.0,-0.2,567
1408,56.320,1.0006,0.0,-0.3,556
1409,56.360,1.0023,-0.7,-0.2,526
1410,56.400,1.0007,-0.1,-0.3,572
1411,56.440,1.0005,-0.0,-0.4,565
1412,56.480,1.0012,-0.3,-0.6,549
1413,56.520,1.0005,-0.0,-0.4,542
1414,56.560,1.0004,0.1,-0.5,532
1415,56.600,1.0005,-0.0,-0.4,522
1416,56.640,1.0005,0.1,-0.4,523
1417,56.680,1.0004,0.0,-0.5,514
1418,56.720,1.0003,-0.1,-0.5,490
1419,56.760,1.0003,0.1,-0.7,516
1420,56.800,1.0007,-0.1,-0.5,496
1421,56.840,1.0005,0.0,-0.4,493
1422,56.880,1.0004,0.0,-0.4,482
1423,56.920,1.0004,0.0,-0.4,485
1424,56.960,1.0005,0.0,-0.4,488
1425,57.000,1.0005,0.0,-0.4,487
1426,57.040,1.0005,-0.0,-0.4,491
1427,57.080,1.0007,0.2,-0.4,494
1428,57.120,1.0005,0.0,-0.4,490
1429,57.160,1.0005,0.0,-0.4,494
1430,57.200,1.0006,-0.0,-0.7,498
1431,57.240,1.0005,0.0,-0.3,501
1432,57.280,1.0005,-0.0,-0.3,500
1433,57.320,1.0005,-0.0,-0.4,495
1434,57.360,1.0000,0.3,-0.4,493
1435,57.400,1.0005,-0.0,-0.4,481
1436,57.440,1.0004,0.0,-0.4,465
1437,57.480,1.0004,0.0,-0.4,469
1438,57.520,1.0003,0.0,-0.5,462
1439,57.560,1.0005,-0.0,-0.4,459
1440,57.600,1.0004,0.0,-0.5,466
1441,57.640,1.0004,0.0,-0.4,476
1442,57.680,1.0006,-0.1,-0.8,478
1443,57.720,1.0004,0.0,-0.4,472
1444,57.760,1.0004,-0.0,-0.5,478
1445,57.800,1.0003,0.0,-0.6,482
1446,57.840,1.0004,-0.0,-0.4,490
1447,57.880,1.0004,-0.0,-0.5,486
1448,57.920,1.0003,0.2,-0.5,499
1449,57.960,1.0003,0.1,-0.9,506
1450,58.000,1.0004,0.1,-0.4,520
1451,58.040,1.0003,0.1,-0.4,549
1452,58.080,1.0004,0.1,-0.4,547
1453,58.120,1.0004,0.1,-0.3,546
1454,58.160,1.0003,0.1,-0.4,549
1455,58.200,1.0011,0.2,-0.1,531
1456,58.240,1.0007,0.1,-0.6,536
1457,58.280,1.0004,0.1,-0.4,533
1458,58.320,1.0003,0.1,-0.4,547
1459,58.360,1.0004,0.2,-0.4,537
1460,58.400,1.0003,0.1,-0.4,538
1461,58.440,1.0003,0.1,-0.4,532
1462,58.480,1.0004,0.0,-0.4,533
1463,58.520,1.0003,0.0,-0.6,525
1464,58.560,1.0004,0.0,-0.4,518
1465,58.600,1.0005,0.0,-0.4,498
1466,58.640,1.0004,0.1,-0.4,491
1467,58.680,1.0004,0.0,-0.4,475
1468,58.720,1.0005,0.0,-0.4,468
1469,58.760,1.0004,0.0,-0.4,461
1470,58.800,1.0004,0.1,-0.4,462
1471,58.840,1.0006,-0.1,-0.8,471
1472,58.880,1.0004,0.1,-0.5,475
1473,58.920,1.0003,0.1,-0.4,477
1474,58.960,1.0004,0.3,-0.8,504
1475,59.000,0.9989,1.1,-1.2,534
1476,59.040,1.0003,0.1,-0.5,494
1477,59.080,1.0005,0.1,-0.8,512
1478,59.120,0.9992,0.6,-1.1,498
1479,59.160,1.0003,0.1,-0.6,491
1480,59.200,1.0002,0.1,-0.9,508
1481,59.240,1.0004,0.1,-0.5,480
1482,59.280,1.0005,0.0,-0.5,481
1483,59.320,1.0000,0.3,-0.6,473
1484,59.360,1.0004,0.0,-0.4,491
1485,59.400,1.0004,-0.0,-0.9,497
1486,59.440,1.0005,0.0,-0.4,498
1487,59.480,1.0005,0.0,-0.4,499
1488,59.520,1.0005,0.1,-0.4,514
1489,59.560,1.0012,-0.2,0.2,427
1490,59.600,1.0004,0.0,-0.4,521
1491,59.640,1.0004,0.1,-0.4,519
1492,59.680,1.0003,0.1,-0.6,531
1493,59.720,1.0004,0.1,-0.5,535
1494,59.760,1.0003,0.1,-0.4,543
1495,59.800,1.0004,0.1,-0.4,542
1496,59.840,1.0004,0.0,-0.4,541
1497,59.880,1.0006,-0.0,-0.6,554
1498,59.920,1.0004,-0.0,-0.4,539
1499,59.960,1.0003,0.1,-0.7,539
1500,60.000,1.0006,-0.1,-0.4,537
1501,60.040,1.0007,-0.2,-0.6,544
1502,60.080,1.0006,-0.1,-0.4,541
1503,60.120,1.0006,-0.1,-0.4,525
1504,60.160,1.0006,-0.1,-0.4,523
1505,60.200,1.0006,-0.1,-0.4,525
1506,60.240,1.0004,-0.1,-0.6,511
1507,60.280,1.0005,-0.1,-0.5,501
1508,60.320,1.0005,-0.1,-0.4,489
1509,60.360,1.0005,-0.1,-0.5,490
1510,60.400,1.0005,-0.1,-0.5,490
1511,60.440,1.0004,-0.1,-0.4,496
1512,60.480,1.0005,-0.1,-0.4,504
1513,60.520,1.0003,-0.1,-0.4,503
1514,60.560,0.9997,0.1,-1.1,523
1515,60.600,1.0000,-0.0,-1.0,555
1516,60.640,1.0005,-0.0,-0.3,527
1517,60.680,1.0002,0.0,-0.8,555
1518,60.720,1.0003,0.0,-0.5,523
1519,60.760,1.0002,0.0,-0.7,535
1520,60.800,1.0003,-0.0,-0.4,514
1521,60.840,1.0002,-0.0,-0.5,519
1522,60.880,1.0002,-0.0,-0.5,514
1523,60.920,1.0003,0.1,-0.4,377
1524,60.960,1.0028,-0.9,-0.1,157
